{
  "type": "FeatureCollection",
  "features": [
    {
      "type": "Feature",
      "geometry": {
        "bbox": [
          125.21625108400009,
          10.424822534000045,
          125.22850204900011,
          10.43415766700002
        ],
        "type": "Polygon",
        "coordinates": [
          [
            [
              125.22174477500006,
              10.434156233000065
            ],
            [
              125.22175791500001,
              10.434151927000073
            ],
            [
              125.2217783540001,
              10.434141878000048
            ],
            [
              125.2218017130001,
              10.43413470000007
            ],
            [
              125.22190332100001,
              10.43413757500002
            ],
            [
              125.22191831700003,
              10.434134620000066
            ],
            [
              125.22193031500002,
              10.434134616000048
            ],
            [
              125.22193931300002,
              10.434137563000036
            ],
            [
              125.22199930300009,
              10.434137541000041
            ],
            [
              125.22203229900005,
              10.434143430000061
            ],
            [
              125.22211028400012,
              10.434143403000064
            ],
            [
              125.22219425700006,
              10.434110926000074
            ],
            [
              125.22222425000005,
              10.434105016000045
            ],
            [
              125.2222362440001,
              10.434099112000066
            ],
            [
              125.2222692350001,
              10.434087301000032
            ],
            [
              125.22228423000003,
              10.434084346000077
            ],
            [
              125.22229922600002,
              10.434078441000052
            ],
            [
              125.22230522500003,
              10.434078439000071
            ],
            [
              125.22235920900006,
              10.434060722000028
            ],
            [
              125.22237720400004,
              10.434057766000022
            ],
            [
              125.22239820000003,
              10.43405775900004
            ],
            [
              125.22241319600005,
              10.434054804000029
            ],
            [
              125.22244319000004,
              10.43405479300003
            ],
            [
              125.22244918800006,
              10.434051841000038
            ],
            [
              125.22249717600003,
              10.43404297500007
            ],
            [
              125.22307901900001,
              10.433921833000056
            ],
            [
              125.22328293500004,
              10.433800820000043
            ],
            [
              125.22331891900002,
              10.433777209000025
            ],
            [
              125.22333091500002,
              10.43377130600004
            ],
            [
              125.22334291100002,
              10.433768352000074
            ],
            [
              125.22335490600005,
              10.433759498000029
            ],
            [
              125.22336690200007,
              10.433753594000052
            ],
            [
              125.22337889600011,
              10.433744741000055
            ],
            [
              125.22340588100009,
              10.433718184000043
            ],
            [
              125.22342687300011,
              10.433706377000018
            ],
            [
              125.22346585900004,
              10.433688665000032
            ],
            [
              125.2234988470001,
              10.433673905000036
            ],
            [
              125.2235108430001,
              10.433670950000023
            ],
            [
              125.22352283800001,
              10.433662097000024
            ],
            [
              125.22353783200003,
              10.433656192000058
            ],
            [
              125.2235618220001,
              10.433638486000062
            ],
            [
              125.22358280900005,
              10.43361487900006
            ],
            [
              125.2236187950001,
              10.43359716800006
            ],
            [
              125.22363379100013,
              10.433594213000045
            ],
            [
              125.22404463500004,
              10.433390535000056
            ],
            [
              125.22406262500009,
              10.433372830000051
            ],
            [
              125.22407462,
              10.433363977000058
            ],
            [
              125.22409860500012,
              10.433334470000034
            ],
            [
              125.22411060000003,
              10.433328568000034
            ],
            [
              125.22411959500005,
              10.433319715000039
            ],
            [
              125.22412559000009,
              10.433307913000021
            ],
            [
              125.22413758500011,
              10.433302009000041
            ],
            [
              125.22417057000008,
              10.433278399000072
            ],
            [
              125.22420655500004,
              10.433257738000066
            ],
            [
              125.2242305440001,
              10.433240031000024
            ],
            [
              125.22425752900007,
              10.433213473000022
            ],
            [
              125.22427551700004,
              10.433192819000055
            ],
            [
              125.22428151600002,
              10.43318986700007
            ],
            [
              125.22429650800007,
              10.433178062000025
            ],
            [
              125.22435948300006,
              10.433142644000041
            ],
            [
              125.22437148000006,
              10.433139689000027
            ],
            [
              125.22438647400008,
              10.433130835000043
            ],
            [
              125.22442246000004,
              10.433116073000063
            ],
            [
              125.22443745700002,
              10.433113118000053
            ],
            [
              125.22446444900004,
              10.43310426000005
            ],
            [
              125.22449743400011,
              10.433080649000031
            ],
            [
              125.22453641900006,
              10.433059987000034
            ],
            [
              125.22457240800009,
              10.433051125000075
            ],
            [
              125.22465637900007,
              10.433015698000077
            ],
            [
              125.22468037200007,
              10.433009790000028
            ],
            [
              125.2246923680001,
              10.43300388600005
            ],
            [
              125.2247043650001,
              10.433003883000026
            ],
            [
              125.22473394800011,
              10.433008689000074
            ],
            [
              125.22475292600005,
              10.433007255000062
            ],
            [
              125.22476752500006,
              10.433014434000029
            ],
            [
              125.22478942200007,
              10.433028793000062
            ],
            [
              125.22479818200007,
              10.433035972000026
            ],
            [
              125.22480986000006,
              10.433048895000068
            ],
            [
              125.22482153900013,
              10.433057510000024
            ],
            [
              125.22483175800006,
              10.433060383000052
            ],
            [
              125.22484781700008,
              10.43305751100007
            ],
            [
              125.22485949600002,
              10.433051769000029
            ],
            [
              125.22486971600007,
              10.43305176900003
            ],
            [
              125.22489161200009,
              10.43306325700007
            ],
            [
              125.22491789100003,
              10.433073308000075
            ],
            [
              125.22493978900003,
              10.433077617000038
            ],
            [
              125.22495730800006,
              10.433074746000045
            ],
            [
              125.22497044800001,
              10.433061825000038
            ],
            [
              125.22498066700007,
              10.433060391000026
            ],
            [
              125.22499234600002,
              10.43306039200007
            ],
            [
              125.22499964600001,
              10.433069006000041
            ],
            [
              125.22500694500002,
              10.43307474900007
            ],
            [
              125.22502592300009,
              10.433076186000049
            ],
            [
              125.22503760300003,
              10.433074751000047
            ],
            [
              125.22505950100003,
              10.433064701000037
            ],
            [
              125.22508724000011,
              10.433064703000069
            ],
            [
              125.22510329800004,
              10.433058962000073
            ],
            [
              125.22511497800006,
              10.433057526000026
            ],
            [
              125.22512957700008,
              10.433063269000058
            ],
            [
              125.22513541700005,
              10.433067577000031
            ],
            [
              125.22514563500009,
              10.433079064000026
            ],
            [
              125.2251602340001,
              10.433083372000054
            ],
            [
              125.22517337300008,
              10.433081937000052
            ],
            [
              125.22518505300002,
              10.433076194000023
            ],
            [
              125.22520257300006,
              10.43305753000004
            ],
            [
              125.22521425100001,
              10.43305465900005
            ],
            [
              125.2252273900001,
              10.433058967000024
            ],
            [
              125.22524053000008,
              10.433067583000025
            ],
            [
              125.2252614460001,
              10.43306772300002
            ],
            [
              125.22526436600003,
              10.433063415000047
            ],
            [
              125.22526436600003,
              10.433056238000061
            ],
            [
              125.22524100900011,
              10.433028957000031
            ],
            [
              125.22523517000002,
              10.433017470000038
            ],
            [
              125.22522641300009,
              10.432984447000019
            ],
            [
              125.22523079300004,
              10.432970089000037
            ],
            [
              125.22523663300001,
              10.432961475000068
            ],
            [
              125.22524539300002,
              10.432952861000047
            ],
            [
              125.22525123200012,
              10.432954298000027
            ],
            [
              125.22525415200003,
              10.43296147600006
            ],
            [
              125.22526875100004,
              10.432962913000038
            ],
            [
              125.2252789710001,
              10.432957170000067
            ],
            [
              125.22528189100002,
              10.432939941000031
            ],
            [
              125.22528919000003,
              10.432945685000051
            ],
            [
              125.2252877300001,
              10.432961478000038
            ],
            [
              125.22528918900002,
              10.432975835000033
            ],
            [
              125.22529648800003,
              10.432980143000066
            ],
            [
              125.225340285,
              10.432975838000061
            ],
            [
              125.2253607230001,
              10.432980147000023
            ],
            [
              125.22536510400006,
              10.432971532000064
            ],
            [
              125.22536364400001,
              10.432964353000044
            ],
            [
              125.22535342500008,
              10.43295573800003
            ],
            [
              125.22535196500007,
              10.432947125000053
            ],
            [
              125.22535926600005,
              10.432941382000026
            ],
            [
              125.22535926600005,
              10.43293563800006
            ],
            [
              125.22535064700001,
              10.432925667000061
            ],
            [
              125.22535342800006,
              10.432915537000042
            ],
            [
              125.22535780700004,
              10.43291123000006
            ],
            [
              125.22536364800011,
              10.432908359000065
            ],
            [
              125.22537678600008,
              10.432924153000044
            ],
            [
              125.22538554400013,
              10.432928460000026
            ],
            [
              125.22539430500001,
              10.432924154000034
            ],
            [
              125.2254001450001,
              10.432911232000036
            ],
            [
              125.2254001450001,
              10.432905490000055
            ],
            [
              125.22540452500006,
              10.432901182000021
            ],
            [
              125.22542934300009,
              10.432906926000042
            ],
            [
              125.22543518200008,
              10.43290405500005
            ],
            [
              125.22543956300001,
              10.432898312000075
            ],
            [
              125.22544394400008,
              10.432881083000042
            ],
            [
              125.22545270300009,
              10.432873905000063
            ],
            [
              125.22547022300012,
              10.432865291000041
            ],
            [
              125.22547363100013,
              10.432856155000021
            ],
            [
              125.22550283300006,
              10.432827415000075
            ],
            [
              125.22554566600002,
              10.432794841000032
            ],
            [
              125.22556124500011,
              10.432792921000042
            ],
            [
              125.22556514300004,
              10.43280058000005
            ],
            [
              125.2255670940001,
              10.432810155000025
            ],
            [
              125.22556709900006,
              10.432825478000042
            ],
            [
              125.2255690500001,
              10.432835053000076
            ],
            [
              125.22558074400001,
              10.432859948000042
            ],
            [
              125.2255924330001,
              10.432875266000051
            ],
            [
              125.22560607000004,
              10.432886753000046
            ],
            [
              125.22563138700002,
              10.432886745000074
            ],
            [
              125.22567811900001,
              10.432863745000075
            ],
            [
              125.22569369300003,
              10.432852248000072
            ],
            [
              125.22571121900013,
              10.43284458100004
            ],
            [
              125.22574821400009,
              10.432823500000039
            ],
            [
              125.22575795000012,
              10.432819667000045
            ],
            [
              125.22577157700005,
              10.432808170000044
            ],
            [
              125.22580857300012,
              10.432789005000075
            ],
            [
              125.22582414900013,
              10.43277750800007
            ],
            [
              125.2258338810001,
              10.432764098000064
            ],
            [
              125.22585140500009,
              10.43275260000007
            ],
            [
              125.22586697800011,
              10.432737273000043
            ],
            [
              125.22587476600008,
              10.432727694000048
            ],
            [
              125.22588644300004,
              10.432708537000051
            ],
            [
              125.22602646000007,
              10.43254550100005
            ],
            [
              125.22603375900007,
              10.432534016000032
            ],
            [
              125.22605711900007,
              10.432505301000049
            ],
            [
              125.2260819390001,
              10.432478023000046
            ],
            [
              125.22609945900001,
              10.432455052000023
            ],
            [
              125.22611456400013,
              10.432442077000076
            ],
            [
              125.22659114800001,
              10.431913456000073
            ],
            [
              125.22672845700005,
              10.431732124000064
            ],
            [
              125.22674493300009,
              10.431717053000055
            ],
            [
              125.22676376400013,
              10.431703136000069
            ],
            [
              125.22678142100007,
              10.43169153700006
            ],
            [
              125.22679522000011,
              10.431684619000066
            ],
            [
              125.22680308800012,
              10.431669469000042
            ],
            [
              125.22681988500007,
              10.43164389000003
            ],
            [
              125.22682598800009,
              10.431628847000072
            ],
            [
              125.2268382110001,
              10.431618311000024
            ],
            [
              125.22685655400007,
              10.431612279000033
            ],
            [
              125.22687032100009,
              10.431618282000043
            ],
            [
              125.22688866900012,
              10.431618267000033
            ],
            [
              125.22692688100007,
              10.431601692000074
            ],
            [
              125.22693910200009,
              10.43158814700007
            ],
            [
              125.22695743800011,
              10.431574597000061
            ],
            [
              125.2269727150001,
              10.43155954600007
            ],
            [
              125.22700327500003,
              10.431535459000031
            ],
            [
              125.22702925500006,
              10.431520398000032
            ],
            [
              125.22703841900011,
              10.431508360000066
            ],
            [
              125.2270460520001,
              10.431494819000022
            ],
            [
              125.22704756900009,
              10.431481285000075
            ],
            [
              125.22705367300013,
              10.431467745000075
            ],
            [
              125.22707201400011,
              10.431458706000054
            ],
            [
              125.22709188900002,
              10.431455681000045
            ],
            [
              125.22713777000003,
              10.431466168000043
            ],
            [
              125.22715610800003,
              10.431454122000046
            ],
            [
              125.22716468400007,
              10.431443551000031
            ],
            [
              125.22717137400004,
              10.431427041000065
            ],
            [
              125.22719122500008,
              10.43139694800004
            ],
            [
              125.22720037700005,
              10.431372879000037
            ],
            [
              125.22720494600001,
              10.431351823000057
            ],
            [
              125.22721564000004,
              10.43134279000003
            ],
            [
              125.22723704100008,
              10.43133525400003
            ],
            [
              125.2272477350001,
              10.43132622200005
            ],
            [
              125.22726301800004,
              10.431317185000069
            ],
            [
              125.22727677800002,
              10.43131416500006
            ],
            [
              125.22729207400006,
              10.431320167000024
            ],
            [
              125.227307375,
              10.431332184000041
            ],
            [
              125.22731655200005,
              10.431336687000051
            ],
            [
              125.22733031600002,
              10.431338179000022
            ],
            [
              125.22734102200002,
              10.431341178000023
            ],
            [
              125.22734866800012,
              10.431341171000039
            ],
            [
              125.22735783700011,
              10.431335148000075
            ],
            [
              125.22735936600007,
              10.43133665000005
            ],
            [
              125.22739452200007,
              10.431321582000065
            ],
            [
              125.22740827100006,
              10.431308036000072
            ],
            [
              125.22745869800008,
              10.431273405000068
            ],
            [
              125.22750575900012,
              10.431235724000032
            ],
            [
              125.22753121000005,
              10.431205680000062
            ],
            [
              125.22754272700001,
              10.431195136000042
            ],
            [
              125.22755082000003,
              10.431169943000045
            ],
            [
              125.22755537000013,
              10.43112783300006
            ],
            [
              125.22755225800007,
              10.43106918800004
            ],
            [
              125.22756140900005,
              10.431042112000055
            ],
            [
              125.22761638900012,
              10.43096838000002
            ],
            [
              125.22766862800005,
              10.43087520900002
            ],
            [
              125.22768135100013,
              10.430845166000038
            ],
            [
              125.2276991670001,
              10.43081762600002
            ],
            [
              125.22772716500005,
              10.430802602000027
            ],
            [
              125.22777716400005,
              10.43078308400004
            ],
            [
              125.22781110500013,
              10.430795588000024
            ],
            [
              125.22782383600008,
              10.430808099000046
            ],
            [
              125.227840807,
              10.430816437000031
            ],
            [
              125.22787474600011,
              10.430824770000068
            ],
            [
              125.22790868000004,
              10.430816413000061
            ],
            [
              125.22792564400005,
              10.430808063000027
            ],
            [
              125.22795957200003,
              10.430783019000046
            ],
            [
              125.22799773300007,
              10.430737114000065
            ],
            [
              125.2280401380001,
              10.430695380000033
            ],
            [
              125.22805285800007,
              10.430678687000066
            ],
            [
              125.22806557900003,
              10.430666167000025
            ],
            [
              125.22807830200009,
              10.430657818000043
            ],
            [
              125.2280952640001,
              10.430641124000031
            ],
            [
              125.22810374300002,
              10.430628605000036
            ],
            [
              125.22812918600003,
              10.430603565000068
            ],
            [
              125.22814615000004,
              10.43059104300005
            ],
            [
              125.22815462900009,
              10.430578524000056
            ],
            [
              125.2281800720001,
              10.43055348300004
            ],
            [
              125.228188552,
              10.430540964000045
            ],
            [
              125.22821823500009,
              10.430511751000038
            ],
            [
              125.22823095500009,
              10.430495058000076
            ],
            [
              125.22826488200008,
              10.430470014000036
            ],
            [
              125.22827760300004,
              10.430457494000054
            ],
            [
              125.22829032300001,
              10.43044080100003
            ],
            [
              125.22830304400007,
              10.430428281000047
            ],
            [
              125.22831576700003,
              10.430419933000051
            ],
            [
              125.22832848800012,
              10.430407412000019
            ],
            [
              125.22833696600003,
              10.430390721000038
            ],
            [
              125.22835392700006,
              10.430369856000025
            ],
            [
              125.22836240500011,
              10.430353165000042
            ],
            [
              125.22838784300006,
              10.430315608000056
            ],
            [
              125.22839632600005,
              10.430311433000044
            ],
            [
              125.22842175700009,
              10.430257189000029
            ],
            [
              125.22843447700006,
              10.430240497000055
            ],
            [
              125.22843870900009,
              10.430215464000069
            ],
            [
              125.22844294700008,
              10.430202946000064
            ],
            [
              125.2284471800001,
              10.430177913000021
            ],
            [
              125.22845141700009,
              10.430165397000055
            ],
            [
              125.22845565000011,
              10.430140362000035
            ],
            [
              125.2284598870001,
              10.430127845000072
            ],
            [
              125.22845987900006,
              10.430106986000055
            ],
            [
              125.22845138000004,
              10.430065270000057
            ],
            [
              125.22845133500005,
              10.429944283000056
            ],
            [
              125.2284470820001,
              10.429915081000045
            ],
            [
              125.22844706300009,
              10.429865018000045
            ],
            [
              125.22845554000004,
              10.429844155000067
            ],
            [
              125.22845977200006,
              10.429819122000026
            ],
            [
              125.22846401000005,
              10.429806605000065
            ],
            [
              125.22846824100009,
              10.429781572000026
            ],
            [
              125.22846823800012,
              10.429769056000051
            ],
            [
              125.22847246900005,
              10.429739851000024
            ],
            [
              125.22847245900006,
              10.42971482000007
            ],
            [
              125.22847669100008,
              10.429689786000042
            ],
            [
              125.22848940200002,
              10.429648063000059
            ],
            [
              125.22850204900011,
              10.42943529000007
            ],
            [
              125.22849356200004,
              10.429426949000058
            ],
            [
              125.22845960900008,
              10.429381070000034
            ],
            [
              125.22844263600007,
              10.429368560000057
            ],
            [
              125.22842990400012,
              10.429351877000043
            ],
            [
              125.22839595800008,
              10.429326858000023
            ],
            [
              125.22838322600013,
              10.42931017500007
            ],
            [
              125.22837897700003,
              10.42929348900003
            ],
            [
              125.2283704880001,
              10.429276804000038
            ],
            [
              125.22837044000006,
              10.429147475000033
            ],
            [
              125.22835345000009,
              10.429089074000045
            ],
            [
              125.22828977200004,
              10.428959767000036
            ],
            [
              125.22811572500007,
              10.428621904000067
            ],
            [
              125.22779304200003,
              10.427833521000023
            ],
            [
              125.22754261600005,
              10.427431472000023
            ],
            [
              125.22691946800012,
              10.426499756000055
            ],
            [
              125.22668522700008,
              10.42624826000002
            ],
            [
              125.22658995400002,
              10.42612027900003
            ],
            [
              125.22655745900012,
              10.426091006000036
            ],
            [
              125.22653309100008,
              10.426075042000036
            ],
            [
              125.2265154910001,
              10.426060405000042
            ],
            [
              125.22650872100007,
              10.426053751000042
            ],
            [
              125.22649924100007,
              10.42604044500007
            ],
            [
              125.22646133,
              10.426003187000047
            ],
            [
              125.22643560400003,
              10.42597391000004
            ],
            [
              125.22641258800002,
              10.425952621000022
            ],
            [
              125.22639092600002,
              10.425935324000022
            ],
            [
              125.22637197300001,
              10.425924681000023
            ],
            [
              125.2263611420001,
              10.425916699000023
            ],
            [
              125.22630698800005,
              10.425871460000053
            ],
            [
              125.22628803300006,
              10.425854163000052
            ],
            [
              125.22620679400006,
              10.425770331000022
            ],
            [
              125.22615534800002,
              10.425727753000047
            ],
            [
              125.22613774900003,
              10.425715780000075
            ],
            [
              125.22609849000003,
              10.42569316500004
            ],
            [
              125.22608630700006,
              10.425687844000036
            ],
            [
              125.22608224500003,
              10.425683854000054
            ],
            [
              125.22601320500006,
              10.42564394400006
            ],
            [
              125.22599154600005,
              10.425634635000053
            ],
            [
              125.22594822700012,
              10.425612020000074
            ],
            [
              125.22593469100003,
              10.425608031000024
            ],
            [
              125.22591303300011,
              10.425598721000027
            ],
            [
              125.22590491000005,
              10.425593401000073
            ],
            [
              125.22585482500004,
              10.425573451000048
            ],
            [
              125.22575600600008,
              10.425526898000044
            ],
            [
              125.22565583000006,
              10.425468363000046
            ],
            [
              125.22563010700004,
              10.425449738000054
            ],
            [
              125.22561656900008,
              10.42544308600003
            ],
            [
              125.22559355700004,
              10.425428452000062
            ],
            [
              125.22555294100005,
              10.425397851000069
            ],
            [
              125.22553398900004,
              10.425384547000021
            ],
            [
              125.22552992800001,
              10.425383217000045
            ],
            [
              125.2255190960001,
              10.425373903000034
            ],
            [
              125.22546359300009,
              10.425340644000073
            ],
            [
              125.22544870200011,
              10.425330001000075
            ],
            [
              125.22542568500013,
              10.425307380000048
            ],
            [
              125.22541349700009,
              10.425290080000021
            ],
            [
              125.22537964700008,
              10.425252821000068
            ],
            [
              125.2253253360001,
              10.42519950700006
            ],
            [
              125.22530788200004,
              10.425188073000072
            ],
            [
              125.22530206500005,
              10.425182354000071
            ],
            [
              125.22525552400009,
              10.425153769000078
            ],
            [
              125.22524970500001,
              10.425148051000063
            ],
            [
              125.22523225400006,
              10.425139477000075
            ],
            [
              125.22522643400009,
              10.42513375900006
            ],
            [
              125.22520898300002,
              10.425125185000072
            ],
            [
              125.22519153000009,
              10.425113750000035
            ],
            [
              125.22518280500002,
              10.425110893000065
            ],
            [
              125.22511881300011,
              10.425073735000069
            ],
            [
              125.22502864500005,
              10.425030865000052
            ],
            [
              125.22501410400002,
              10.425028010000062
            ],
            [
              125.22490068700004,
              10.425028050000039
            ],
            [
              125.22485416000008,
              10.425036647000072
            ],
            [
              125.22480763500006,
              10.425048103000051
            ],
            [
              125.22476401300003,
              10.425048118000063
            ],
            [
              125.22473202000005,
              10.425036689000024
            ],
            [
              125.2247291110001,
              10.425033830000075
            ],
            [
              125.2247087510001,
              10.42502525800006
            ],
            [
              125.22470293200001,
              10.42501954000005
            ],
            [
              125.22468257199999,
              10.42500810600006
            ],
            [
              125.22464766500002,
              10.424982377000047
            ],
            [
              125.22463312200011,
              10.424973802000068
            ],
            [
              125.22462439600008,
              10.424970945000041
            ],
            [
              125.22459531000004,
              10.424956655000074
            ],
            [
              125.22457495100001,
              10.424950941000075
            ],
            [
              125.22452551000003,
              10.424939518000032
            ],
            [
              125.22447897600011,
              10.424930955000034
            ],
            [
              125.22444698700008,
              10.424928106000035
            ],
            [
              125.22443826100005,
              10.424925248000022
            ],
            [
              125.22441499600006,
              10.424922396000056
            ],
            [
              125.2243975460001,
              10.42492240300004
            ],
            [
              125.22438882200005,
              10.424919546000067
            ],
            [
              125.2243684660001,
              10.424919553000048
            ],
            [
              125.2243568340001,
              10.424922417000062
            ],
            [
              125.22434229400005,
              10.424922422000064
            ],
            [
              125.2243219390001,
              10.424928150000028
            ],
            [
              125.2243044920001,
              10.42493101500003
            ],
            [
              125.22427831900006,
              10.424931024000047
            ],
            [
              125.22426959400002,
              10.424928168000065
            ],
            [
              125.22425214500002,
              10.424928173000065
            ],
            [
              125.22424342000011,
              10.424925316000042
            ],
            [
              125.22421724600008,
              10.424922465000064
            ],
            [
              125.2241997950001,
              10.424916752000058
            ],
            [
              125.22418234600002,
              10.424913897000065
            ],
            [
              125.22412999500011,
              10.424896755000075
            ],
            [
              125.22408927800008,
              10.424885329000062
            ],
            [
              125.22406892000005,
              10.424882476000048
            ],
            [
              125.22405437800012,
              10.424876761000064
            ],
            [
              125.22404856100002,
              10.424876763000041
            ],
            [
              125.22402820300009,
              10.424871050000036
            ],
            [
              125.22402238700009,
              10.424871053000057
            ],
            [
              125.22396712800003,
              10.424856771000064
            ],
            [
              125.22396131000005,
              10.42485391300005
            ],
            [
              125.22393513600002,
              10.42484820100003
            ],
            [
              125.22388278400001,
              10.42483105900004
            ],
            [
              125.22372283800006,
              10.424822534000045
            ],
            [
              125.2236995740001,
              10.424825402000067
            ],
            [
              125.22368503300005,
              10.42482540800006
            ],
            [
              125.22366758700004,
              10.424828274000047
            ],
            [
              125.2236414140001,
              10.424828283000066
            ],
            [
              125.22362105900004,
              10.424831151000033
            ],
            [
              125.2235570810001,
              10.42483117200004
            ],
            [
              125.2235512650001,
              10.424834034000071
            ],
            [
              125.22352509300005,
              10.42483404300003
            ],
            [
              125.22349601500004,
              10.424839773000032
            ],
            [
              125.22346984400008,
              10.424842642000042
            ],
            [
              125.22343203900004,
              10.424842656000067
            ],
            [
              125.22340877500005,
              10.424845523000046
            ],
            [
              125.2233389810001,
              10.424845547000075
            ],
            [
              125.22328954700004,
              10.424851285000047
            ],
            [
              125.22328373200003,
              10.42485414600003
            ],
            [
              125.22326337600009,
              10.424857013000064
            ],
            [
              125.22324011400008,
              10.424862742000075
            ],
            [
              125.22322266600007,
              10.424862748000068
            ],
            [
              125.22321685100006,
              10.424865610000042
            ],
            [
              125.22318486200005,
              10.424865622000027
            ],
            [
              125.22316159700007,
              10.42486848900006
            ],
            [
              125.22314996600007,
              10.424868493000078
            ],
            [
              125.22309761900009,
              10.424862790000079
            ],
            [
              125.22307726100009,
              10.424857077000071
            ],
            [
              125.2230656280001,
              10.424857082000072
            ],
            [
              125.22302200500008,
              10.424851376000051
            ],
            [
              125.22292603900007,
              10.42485141000003
            ],
            [
              125.22290568400003,
              10.424854277000065
            ],
            [
              125.2228766070001,
              10.42486286600007
            ],
            [
              125.22285915900011,
              10.424865732000054
            ],
            [
              125.22281845100008,
              10.424880046000057
            ],
            [
              125.22278646500001,
              10.424885777000041
            ],
            [
              125.22269631500002,
              10.424885809000044
            ],
            [
              125.22268759200006,
              10.424888671000074
            ],
            [
              125.22266723600002,
              10.424891538000054
            ],
            [
              125.22263524700008,
              10.42489154900005
            ],
            [
              125.22261489100003,
              10.424894416000027
            ],
            [
              125.22259162700003,
              10.424894424000058
            ],
            [
              125.22256836400003,
              10.424897292000026
            ],
            [
              125.22254219100012,
              10.424897301000042
            ],
            [
              125.22252765200007,
              10.424900166000043
            ],
            [
              125.22248693900008,
              10.424900180000064
            ],
            [
              125.22246076900001,
              10.42490876900007
            ],
            [
              125.22244332100001,
              10.424911635000058
            ],
            [
              125.22235317200011,
              10.424911666000071
            ],
            [
              125.22232990600003,
              10.42490881300006
            ],
            [
              125.22226011200009,
              10.424908838000022
            ],
            [
              125.22224266500008,
              10.42491170300002
            ],
            [
              125.22222521700007,
              10.42491170900007
            ],
            [
              125.22218741400002,
              10.424917442000037
            ],
            [
              125.22217869000008,
              10.424920305000057
            ],
            [
              125.22215833300004,
              10.424920312000038
            ],
            [
              125.2221379780001,
              10.424923179000073
            ],
            [
              125.2221205310001,
              10.42492890500006
            ],
            [
              125.22208273000001,
              10.424937498000075
            ],
            [
              125.222071098,
              10.424943222000026
            ],
            [
              125.22200057400003,
              10.424966732000026
            ],
            [
              125.22200057400003,
              10.424968131000071
            ],
            [
              125.22198350600002,
              10.424975132000043
            ],
            [
              125.22191380400011,
              10.424991945000047
            ],
            [
              125.22185548400013,
              10.425012951000042
            ],
            [
              125.22180996400004,
              10.425024159000031
            ],
            [
              125.22175164200007,
              10.425038169000059
            ],
            [
              125.22172177100002,
              10.425049372000043
            ],
            [
              125.22168336400011,
              10.425060578000057
            ],
            [
              125.22164780100002,
              10.42506758500002
            ],
            [
              125.2216349990001,
              10.425071788000022
            ],
            [
              125.22159943500002,
              10.425077395000077
            ],
            [
              125.22156529500012,
              10.425085801000023
            ],
            [
              125.22154538200003,
              10.425094202000025
            ],
            [
              125.22153684700005,
              10.425095604000033
            ],
            [
              125.22149417199999,
              10.425109609000062
            ],
            [
              125.22146856800009,
              10.425115214000074
            ],
            [
              125.2214386940001,
              10.42511802300004
            ],
            [
              125.22142304700003,
              10.425122224000063
            ],
            [
              125.22140455400006,
              10.425123630000032
            ],
            [
              125.22134195800005,
              10.42512225100006
            ],
            [
              125.22133342300003,
              10.425123653000071
            ],
            [
              125.22127651900007,
              10.425125071000023
            ],
            [
              125.22124806800002,
              10.425127878000065
            ],
            [
              125.2211883220001,
              10.425137693000066
            ],
            [
              125.22110581100003,
              10.425140517000049
            ],
            [
              125.22109300900001,
              10.425143320000073
            ],
            [
              125.22101904200007,
              10.425148281000077
            ],
            [
              125.22100376900005,
              10.425153289000034
            ],
            [
              125.220988497,
              10.425153291000072
            ],
            [
              125.2209630430001,
              10.425158301000067
            ],
            [
              125.22088974400003,
              10.425158777000037
            ],
            [
              125.22087409700009,
              10.425161581000053
            ],
            [
              125.22084849100008,
              10.425162988000068
            ],
            [
              125.22081008500004,
              10.425176992000047
            ],
            [
              125.22078021100003,
              10.425181199000065
            ],
            [
              125.22076883100009,
              10.425185400000032
            ],
            [
              125.22070055000006,
              10.425195216000079
            ],
            [
              125.2206265750001,
              10.42519664000002
            ],
            [
              125.22059527900002,
              10.42520504500004
            ],
            [
              125.22057252200011,
              10.425216246000048
            ],
            [
              125.22034279400009,
              10.425274935000061
            ],
            [
              125.2202574490001,
              10.425309941000021
            ],
            [
              125.22021620100007,
              10.42533374000004
            ],
            [
              125.22015646600003,
              10.425377133000039
            ],
            [
              125.22011522600009,
              10.42542611500005
            ],
            [
              125.22008821200006,
              10.425472295000079
            ],
            [
              125.22005835700008,
              10.425529668000022
            ],
            [
              125.22005125200008,
              10.425557653000055
            ],
            [
              125.22004841500005,
              10.425580040000055
            ],
            [
              125.22004844700007,
              10.425677979000055
            ],
            [
              125.22005130600007,
              10.42571715500003
            ],
            [
              125.22005700600005,
              10.425747932000037
            ],
            [
              125.22006127900009,
              10.42576192200005
            ],
            [
              125.2200655580001,
              10.425794101000063
            ],
            [
              125.22007979800003,
              10.425834672000063
            ],
            [
              125.22008264700003,
              10.425847262000048
            ],
            [
              125.2200826510001,
              10.425859854000064
            ],
            [
              125.22009547800009,
              10.425929799000071
            ],
            [
              125.22009548100003,
              10.425936795000041
            ],
            [
              125.22009975400012,
              10.425953584000068
            ],
            [
              125.22010831400007,
              10.426024936000033
            ],
            [
              125.22010832,
              10.426043125000035
            ],
            [
              125.2201040650001,
              10.426082302000054
            ],
            [
              125.22010407200003,
              10.426106087000047
            ],
            [
              125.22009981500003,
              10.426136869000063
            ],
            [
              125.22009982800012,
              10.426178843000061
            ],
            [
              125.22010410300005,
              10.426197030000026
            ],
            [
              125.22010553000008,
              10.426211021000029
            ],
            [
              125.22011692500008,
              10.42625299100007
            ],
            [
              125.22011693400009,
              10.426282373000047
            ],
            [
              125.22011409400011,
              10.426296366000031
            ],
            [
              125.22010556700003,
              10.426321552000045
            ],
            [
              125.2201027230001,
              10.426328550000049
            ],
            [
              125.22009277100004,
              10.42634254300003
            ],
            [
              125.22008282000002,
              10.426364933000059
            ],
            [
              125.22007855400011,
              10.426370530000044
            ],
            [
              125.2200714490001,
              10.426394318000064
            ],
            [
              125.22006718800003,
              10.426416705000063
            ],
            [
              125.22005581700012,
              10.426448889000028
            ],
            [
              125.22003022000003,
              10.426474082000025
            ],
            [
              125.21999751300007,
              10.426516066000035
            ],
            [
              125.21998755700008,
              10.42652166600004
            ],
            [
              125.21996907000005,
              10.426541259000032
            ],
            [
              125.21994915700009,
              10.42655245800006
            ],
            [
              125.21993351000005,
              10.426558060000048
            ],
            [
              125.219920709,
              10.426566459000071
            ],
            [
              125.21989368400013,
              10.426580460000025
            ],
            [
              125.21985527800008,
              10.426593064000032
            ],
            [
              125.21983678900006,
              10.426611258000037
            ],
            [
              125.21982398800003,
              10.426621056000045
            ],
            [
              125.21981972300013,
              10.426626654000074
            ],
            [
              125.2197969670001,
              10.42664485000006
            ],
            [
              125.21978416600008,
              10.426653249000026
            ],
            [
              125.21977136500006,
              10.426658849000036
            ],
            [
              125.21974434000002,
              10.426674248000039
            ],
            [
              125.21973154100012,
              10.426685446000024
            ],
            [
              125.21970309300002,
              10.426703643000057
            ],
            [
              125.21970025100006,
              10.426707842000042
            ],
            [
              125.21968033600001,
              10.426714844000056
            ],
            [
              125.2196533120001,
              10.426735839000058
            ],
            [
              125.21963766700004,
              10.426744239000072
            ],
            [
              125.21962344500004,
              10.426755437000054
            ],
            [
              125.21961917800002,
              10.426756837000026
            ],
            [
              125.21960495600001,
              10.426772232000076
            ],
            [
              125.21959215600009,
              10.426782030000028
            ],
            [
              125.21958077700003,
              10.426787631000028
            ],
            [
              125.21955802100001,
              10.426805826000077
            ],
            [
              125.21953241900007,
              10.426821225000026
            ],
            [
              125.21951393100007,
              10.426839420000022
            ],
            [
              125.21949970800004,
              10.426849218000028
            ],
            [
              125.21947553200005,
              10.426873011000056
            ],
            [
              125.21945989200005,
              10.426901000000043
            ],
            [
              125.21942861800004,
              10.426972364000052
            ],
            [
              125.21940871400012,
              10.427008748000048
            ],
            [
              125.219401607,
              10.427031136000041
            ],
            [
              125.21939451200001,
              10.427082906000066
            ],
            [
              125.21939310300002,
              10.427122083000024
            ],
            [
              125.21938884700013,
              10.427159860000074
            ],
            [
              125.21938885200007,
              10.427176649000046
            ],
            [
              125.21939313000007,
              10.42720742900002
            ],
            [
              125.21940310200011,
              10.42724520200005
            ],
            [
              125.21940311100002,
              10.427271786000063
            ],
            [
              125.21939742600011,
              10.427294173000064
            ],
            [
              125.21939458900009,
              10.42731376200004
            ],
            [
              125.21939459500004,
              10.427333350000024
            ],
            [
              125.21939317400007,
              10.427340345000063
            ],
            [
              125.21938606800006,
              10.427358536000042
            ],
            [
              125.2193803880001,
              10.427390718000026
            ],
            [
              125.21937044000005,
              10.427421502000072
            ],
            [
              125.21936334200005,
              10.427466277000065
            ],
            [
              125.21936334700001,
              10.42748166800004
            ],
            [
              125.21935766700005,
              10.427515248000075
            ],
            [
              125.21935056200005,
              10.427539035000052
            ],
            [
              125.21934630200009,
              10.427562822000027
            ],
            [
              125.21932782900001,
              10.427625789000043
            ],
            [
              125.21931787600012,
              10.427642581000043
            ],
            [
              125.21930659900009,
              10.427648228000065
            ],
            [
              125.2192823170001,
              10.427655051000047
            ],
            [
              125.21927711300009,
              10.427660169000035
            ],
            [
              125.21926844200003,
              10.42767722600007
            ],
            [
              125.21926670600011,
              10.427685755000027
            ],
            [
              125.21926323800005,
              10.427692578000059
            ],
            [
              125.2192458930001,
              10.427745458000059
            ],
            [
              125.21923548700009,
              10.427817099000038
            ],
            [
              125.2192302840001,
              10.42782904100005
            ],
            [
              125.21922508000011,
              10.427858038000066
            ],
            [
              125.21920947100013,
              10.427897270000074
            ],
            [
              125.21917304900012,
              10.42796379500004
            ],
            [
              125.21916611100005,
              10.42798938200002
            ],
            [
              125.2191591730001,
              10.428008145000032
            ],
            [
              125.21915223400002,
              10.428023497000027
            ],
            [
              125.21913489100007,
              10.428052495000031
            ],
            [
              125.21912968800007,
              10.428064436000057
            ],
            [
              125.21912448400009,
              10.428083199000069
            ],
            [
              125.21911928100008,
              10.428091728000027
            ],
            [
              125.21911060800007,
              10.428105374000037
            ],
            [
              125.21909499900003,
              10.42811902200003
            ],
            [
              125.21904643500011,
              10.428171900000054
            ],
            [
              125.21899885800008,
              10.428233961000046
            ],
            [
              125.21898146,
              10.428247278000072
            ],
            [
              125.21897566200006,
              10.428254886000046
            ],
            [
              125.21894473600001,
              10.428279616000054
            ],
            [
              125.21892734100004,
              10.428298638000058
            ],
            [
              125.21890994700004,
              10.428321463000032
            ],
            [
              125.21890221500009,
              10.428327169000054
            ],
            [
              125.2188867530001,
              10.42834428800006
            ],
            [
              125.21887322500004,
              10.42836330800003
            ],
            [
              125.21886742900006,
              10.428374720000022
            ],
            [
              125.21885969700007,
              10.428382328000055
            ],
            [
              125.21884423600011,
              10.428405153000027
            ],
            [
              125.21883457400008,
              10.42841656400003
            ],
            [
              125.21882877700011,
              10.428427976000023
            ],
            [
              125.21880365200002,
              10.428458410000076
            ],
            [
              125.21879012500007,
              10.428479330000071
            ],
            [
              125.21878046100007,
              10.428490743000054
            ],
            [
              125.21875920500008,
              10.428530683000076
            ],
            [
              125.21873215200003,
              10.428574427000056
            ],
            [
              125.21871090000002,
              10.428621973000075
            ],
            [
              125.21869738200007,
              10.42867141800002
            ],
            [
              125.21869545900007,
              10.428701843000056
            ],
            [
              125.21869739400005,
              10.428705646000024
            ],
            [
              125.21869740500006,
              10.42873607200005
            ],
            [
              125.21869933900007,
              10.428741775000047
            ],
            [
              125.21870321900008,
              10.428777904000073
            ],
            [
              125.21870515400008,
              10.428781705000064
            ],
            [
              125.21870517800006,
              10.428852063000022
            ],
            [
              125.21870324800012,
              10.428863473000035
            ],
            [
              125.21870518600008,
              10.42887488200006
            ],
            [
              125.21870519700009,
              10.428909110000061
            ],
            [
              125.21871100800003,
              10.428939533000063
            ],
            [
              125.21871489700003,
              10.429002284000035
            ],
            [
              125.21871296500001,
              10.429007989000068
            ],
            [
              125.21869498900004,
              10.42919158800004
            ],
            [
              125.21868458200004,
              10.429228715000018
            ],
            [
              125.21867938000001,
              10.429266243000031
            ],
            [
              125.2186603010001,
              10.42933447300004
            ],
            [
              125.21865336300006,
              10.429349824000042
            ],
            [
              125.21864295600005,
              10.429385646000071
            ],
            [
              125.21862734700005,
              10.429418055000042
            ],
            [
              125.21859786200004,
              10.429464111000069
            ],
            [
              125.21858745500003,
              10.429491403000043
            ],
            [
              125.21855276700012,
              10.429530635000047
            ],
            [
              125.2185440940001,
              10.429542576000072
            ],
            [
              125.21851634400002,
              10.429588632000048
            ],
            [
              125.218492061,
              10.429643216000043
            ],
            [
              125.21847471700005,
              10.429667097000051
            ],
            [
              125.21846431100006,
              10.429677331000049
            ],
            [
              125.21843829400007,
              10.429711447000047
            ],
            [
              125.21841574500002,
              10.42973532700006
            ],
            [
              125.21841054300012,
              10.429743856000071
            ],
            [
              125.21839493200004,
              10.429762619000032
            ],
            [
              125.21837411900003,
              10.42979673600007
            ],
            [
              125.21836718200007,
              10.42980355800006
            ],
            [
              125.21836197900008,
              10.429813792000061
            ],
            [
              125.21829953900009,
              10.429892258000052
            ],
            [
              125.21828739800003,
              10.429911021000066
            ],
            [
              125.21826485000008,
              10.429936608000048
            ],
            [
              125.21824577100007,
              10.429962194000037
            ],
            [
              125.218231896,
              10.429984370000055
            ],
            [
              125.21822669200003,
              10.429987781000023
            ],
            [
              125.21821330400007,
              10.430011497000065
            ],
            [
              125.21819422600004,
              10.430038789000035
            ],
            [
              125.21818208400009,
              10.43005072900007
            ],
            [
              125.21816820900005,
              10.43006096500005
            ],
            [
              125.2181317850001,
              10.430098491000024
            ],
            [
              125.21811964500012,
              10.43011896000007
            ],
            [
              125.21806934500013,
              10.430185484000045
            ],
            [
              125.21806067400009,
              10.430207659000077
            ],
            [
              125.21806067400009,
              10.430221306000023
            ],
            [
              125.21805720500004,
              10.430234951000044
            ],
            [
              125.21805026800007,
              10.430246892000072
            ],
            [
              125.21803986100008,
              10.430257126000074
            ],
            [
              125.21802251700002,
              10.430279301000041
            ],
            [
              125.21801037600005,
              10.430291241000077
            ],
            [
              125.21799476600006,
              10.43031171100006
            ],
            [
              125.21798262500009,
              10.430323651000036
            ],
            [
              125.21794099800002,
              10.430376529000057
            ],
            [
              125.21792365300007,
              10.430395293000062
            ],
            [
              125.21790630900011,
              10.430420880000042
            ],
            [
              125.2178959030001,
              10.430431114000042
            ],
            [
              125.21789069900002,
              10.430439643000057
            ],
            [
              125.21788202700007,
              10.430448171000023
            ],
            [
              125.21786815200005,
              10.430466936000073
            ],
            [
              125.21784733800007,
              10.430487404000075
            ],
            [
              125.21779530500008,
              10.43052834200006
            ],
            [
              125.21774153800003,
              10.430581221000065
            ],
            [
              125.21773286600012,
              10.430591455000068
            ],
            [
              125.21770164600004,
              10.43061363000004
            ],
            [
              125.21767216000002,
              10.430630688000065
            ],
            [
              125.21766348800008,
              10.430639216000031
            ],
            [
              125.21765308100011,
              10.430646039000068
            ],
            [
              125.21764440900006,
              10.430656274000057
            ],
            [
              125.21760798600006,
              10.43068697800004
            ],
            [
              125.21758890700005,
              10.430705742000043
            ],
            [
              125.21757850000006,
              10.430712564000032
            ],
            [
              125.21755421700006,
              10.430724505000056
            ],
            [
              125.21753860800003,
              10.430734739000059
            ],
            [
              125.21749871600004,
              10.43077056000004
            ],
            [
              125.21744045800006,
              10.430799077000074
            ],
            [
              125.21743178500002,
              10.43080760600003
            ],
            [
              125.21740923800007,
              10.43082125200004
            ],
            [
              125.21739015900006,
              10.430829781000057
            ],
            [
              125.21737628400003,
              10.43083319300007
            ],
            [
              125.21736067300004,
              10.430840015000056
            ],
            [
              125.21731384400005,
              10.430863895000073
            ],
            [
              125.2172566070001,
              10.430889482000053
            ],
            [
              125.21721324600003,
              10.430916774000021
            ],
            [
              125.21717682300005,
              10.43093383100006
            ],
            [
              125.21716121300005,
              10.430938948000062
            ],
            [
              125.21715080700005,
              10.430947478000064
            ],
            [
              125.21710918000008,
              10.430964535000044
            ],
            [
              125.21709530400005,
              10.430966240000032
            ],
            [
              125.21707449100006,
              10.430973063000065
            ],
            [
              125.21703806800006,
              10.430993532000057
            ],
            [
              125.21699990900005,
              10.431007178000073
            ],
            [
              125.21695828300005,
              10.431032765000056
            ],
            [
              125.21694267300008,
              10.431044705000032
            ],
            [
              125.21693400100003,
              10.431048117000046
            ],
            [
              125.21692359400004,
              10.431054940000022
            ],
            [
              125.2168958430001,
              10.43107711500005
            ],
            [
              125.21686635700009,
              10.431107819000031
            ],
            [
              125.21684207400006,
              10.43112999400006
            ],
            [
              125.21683513600011,
              10.431135111000058
            ],
            [
              125.21681375500009,
              10.431145584000035
            ],
            [
              125.21679988000005,
              10.431160936000026
            ],
            [
              125.21678427000006,
              10.43118311200004
            ],
            [
              125.21674611200001,
              10.43125304700004
            ],
            [
              125.2167270330001,
              10.431280339000068
            ],
            [
              125.21671662600012,
              10.431307631000038
            ],
            [
              125.21670621900012,
              10.431328101000076
            ],
            [
              125.21669581200003,
              10.431377568000071
            ],
            [
              125.21668540500002,
              10.431404860000045
            ],
            [
              125.21668020000004,
              10.431440681000025
            ],
            [
              125.21667326300009,
              10.43147479600003
            ],
            [
              125.21667499800002,
              10.431503795000024
            ],
            [
              125.21666806000007,
              10.431527675000039
            ],
            [
              125.21666285600008,
              10.431539615000077
            ],
            [
              125.21665418400005,
              10.431553261000031
            ],
            [
              125.2166524490001,
              10.431568613000023
            ],
            [
              125.2166524490001,
              10.431597611000031
            ],
            [
              125.21664551100001,
              10.431623198000068
            ],
            [
              125.21664204200012,
              10.43164366700006
            ],
            [
              125.21663683800011,
              10.431652196000071
            ],
            [
              125.21662990000006,
              10.431677783000053
            ],
            [
              125.21662990000006,
              10.43168631100002
            ],
            [
              125.21663510300004,
              10.431708487000035
            ],
            [
              125.2166324550001,
              10.431759256000019
            ],
            [
              125.21660908600006,
              10.431841536000036
            ],
            [
              125.21659694500012,
              10.431858593000072
            ],
            [
              125.21659174000001,
              10.43187053400004
            ],
            [
              125.21658480300003,
              10.431880768000042
            ],
            [
              125.21658133300002,
              10.431889297000055
            ],
            [
              125.21657960000005,
              10.431902943000065
            ],
            [
              125.21656919300004,
              10.431918295000058
            ],
            [
              125.21656225400011,
              10.431931941000073
            ],
            [
              125.21651715900009,
              10.432035992000063
            ],
            [
              125.21643199700009,
              10.432170663000022
            ],
            [
              125.21632566900008,
              10.432313939000037
            ],
            [
              125.21630138500007,
              10.432366818000048
            ],
            [
              125.21629618300007,
              10.432371935000047
            ],
            [
              125.21627710300004,
              10.432416284000054
            ],
            [
              125.21627190000004,
              10.432446988000034
            ],
            [
              125.21626149300005,
              10.432474280000061
            ],
            [
              125.21626149100005,
              10.432520336000037
            ],
            [
              125.21625975800009,
              10.432533982000049
            ],
            [
              125.21625975800009,
              10.432549334000043
            ],
            [
              125.21626149100005,
              10.432559569000036
            ],
            [
              125.21625975700009,
              10.432573215000048
            ],
            [
              125.21625975700009,
              10.432600507000075
            ],
            [
              125.21625108400009,
              10.432626095000048
            ],
            [
              125.21625108400009,
              10.432641445000057
            ],
            [
              125.21625802200003,
              10.43266020900006
            ],
            [
              125.2162701630001,
              10.432702853000025
            ],
            [
              125.21628750700006,
              10.432736969000075
            ],
            [
              125.21631699000012,
              10.432818846000032
            ],
            [
              125.21631522500003,
              10.43282969300003
            ],
            [
              125.21632213700003,
              10.43287047900003
            ],
            [
              125.21631868100008,
              10.432885774000056
            ],
            [
              125.21632040900009,
              10.432894271000066
            ],
            [
              125.21632386500005,
              10.432902769000068
            ],
            [
              125.21633768900007,
              10.432919764000077
            ],
            [
              125.21634460000008,
              10.432931659000074
            ],
            [
              125.21635496900001,
              10.43295715100004
            ],
            [
              125.21636015200012,
              10.432984342000054
            ],
            [
              125.21636015200012,
              10.433028528000023
            ],
            [
              125.21635842500007,
              10.433042124000053
            ],
            [
              125.21634805700013,
              10.43307271300006
            ],
            [
              125.21633596000004,
              10.433094805000051
            ],
            [
              125.21631522400004,
              10.433116899000023
            ],
            [
              125.21630658300012,
              10.433132193000061
            ],
            [
              125.2162996720001,
              10.433137291000037
            ],
            [
              125.2162927600001,
              10.433145789000037
            ],
            [
              125.21628757500004,
              10.433155985000038
            ],
            [
              125.21628930400004,
              10.433167881000031
            ],
            [
              125.21629794400006,
              10.43317807900007
            ],
            [
              125.21630312800006,
              10.433179777000023
            ],
            [
              125.21632732000012,
              10.433179777000019
            ],
            [
              125.21634287200004,
              10.433181477000062
            ],
            [
              125.21637678900004,
              10.43319209500004
            ],
            [
              125.21638817300006,
              10.433200486000032
            ],
            [
              125.2163895970001,
              10.43320748100007
            ],
            [
              125.2163895990001,
              10.43321307800005
            ],
            [
              125.21638106700006,
              10.43322287400002
            ],
            [
              125.21638391300007,
              10.433228469000028
            ],
            [
              125.21638960500002,
              10.433229867000025
            ],
            [
              125.21643086100005,
              10.433229854000047
            ],
            [
              125.2164450890001,
              10.43323404700004
            ],
            [
              125.21645647200012,
              10.43323964000007
            ],
            [
              125.2164863500001,
              10.433246626000027
            ],
            [
              125.21649204200003,
              10.433249424000053
            ],
            [
              125.21649915400009,
              10.433249420000037
            ],
            [
              125.21650484300005,
              10.43324522100005
            ],
            [
              125.21651053300002,
              10.43324382000003
            ],
            [
              125.21652049300008,
              10.433246615000032
            ],
            [
              125.21652618600001,
              10.43325081100005
            ],
            [
              125.21652761000006,
              10.433257806000029
            ],
            [
              125.21652619100007,
              10.433269000000053
            ],
            [
              125.21652192500007,
              10.433274597000036
            ],
            [
              125.2165205030001,
              10.433280194000076
            ],
            [
              125.21652144500001,
              10.433312199000058
            ],
            [
              125.21653008500003,
              10.433315598000034
            ],
            [
              125.21655427600002,
              10.433318997000072
            ],
            [
              125.21657501300001,
              10.433325795000027
            ],
            [
              125.2166009340001,
              10.433329193000073
            ],
            [
              125.21662339700005,
              10.433334293000032
            ],
            [
              125.2166752380001,
              10.433356384000035
            ],
            [
              125.21669424600009,
              10.433358084000075
            ],
            [
              125.21670461300005,
              10.433366581000028
            ],
            [
              125.21671498200011,
              10.433371679000063
            ],
            [
              125.21672707800008,
              10.43336658100003
            ],
            [
              125.21673917300006,
              10.433356384000033
            ],
            [
              125.2167547250001,
              10.433359783000071
            ],
            [
              125.21676509400005,
              10.433356384000035
            ],
            [
              125.21677027700002,
              10.433352985000054
            ],
            [
              125.2167823730001,
              10.433352985000056
            ],
            [
              125.21679101400002,
              10.43335978300007
            ],
            [
              125.21680656600005,
              10.433368280000026
            ],
            [
              125.2168221190001,
              10.433366581000026
            ],
            [
              125.21683421500008,
              10.433363182000052
            ],
            [
              125.21684803900007,
              10.433354685000038
            ],
            [
              125.21686013500005,
              10.433354685000042
            ],
            [
              125.21687395800006,
              10.433358084000075
            ],
            [
              125.2168895100001,
              10.433358084000076
            ],
            [
              125.21691197500003,
              10.433352985000056
            ],
            [
              125.21693616600008,
              10.433356384000035
            ],
            [
              125.21695863100001,
              10.43335128600006
            ],
            [
              125.21700874300006,
              10.43336318200005
            ],
            [
              125.21703639100008,
              10.43335978300007
            ],
            [
              125.21704503200012,
              10.433361482000064
            ],
            [
              125.21705712800009,
              10.43336658100003
            ],
            [
              125.21706922400007,
              10.433368280000026
            ],
            [
              125.21707613600007,
              10.433373378000056
            ],
            [
              125.21708477600009,
              10.43338697400003
            ],
            [
              125.21709514400003,
              10.433386974000028
            ],
            [
              125.21711415300001,
              10.433378477000078
            ],
            [
              125.21712411400006,
              10.433366580000042
            ],
            [
              125.21712929800003,
              10.433364881000047
            ],
            [
              125.2171673150001,
              10.433364881000044
            ],
            [
              125.2171811390001,
              10.433371679000059
            ],
            [
              125.21718977900002,
              10.433378476000028
            ],
            [
              125.21719669100004,
              10.433393771000054
            ],
            [
              125.21720360300002,
              10.433402268000066
            ],
            [
              125.21722261000001,
              10.433417564000026
            ],
            [
              125.21723643500002,
              10.433422662000055
            ],
            [
              125.21725198700005,
              10.433426060000043
            ],
            [
              125.21726235500012,
              10.433426060000043
            ],
            [
              125.21726926699999,
              10.43342436200004
            ],
            [
              125.217276178,
              10.433426060000045
            ],
            [
              125.21729691500003,
              10.433420962000072
            ],
            [
              125.21730901100011,
              10.433410766000064
            ],
            [
              125.21732456400002,
              10.43340396800005
            ],
            [
              125.21733838800004,
              10.433409066000028
            ],
            [
              125.21734702800006,
              10.43341586400004
            ],
            [
              125.21734875600008,
              10.43342096200007
            ],
            [
              125.21737294700007,
              10.433446453000046
            ],
            [
              125.21738850000008,
              10.433456650000041
            ],
            [
              125.21741269200004,
              10.433461748000068
            ],
            [
              125.21743170000003,
              10.43345665000004
            ],
            [
              125.21745416400006,
              10.433441355000069
            ],
            [
              125.21747835600002,
              10.433420961000023
            ],
            [
              125.21749094000006,
              10.433414885000047
            ],
            [
              125.21752842600006,
              10.433417862000054
            ],
            [
              125.21754058500005,
              10.43342483300006
            ],
            [
              125.21760137200009,
              10.43342780300003
            ],
            [
              125.21764695800005,
              10.43341782500005
            ],
            [
              125.21765810200009,
              10.433418818000062
            ],
            [
              125.21767330100009,
              10.433424791000052
            ],
            [
              125.21768849800002,
              10.433426779000056
            ],
            [
              125.21772193000004,
              10.433426769000048
            ],
            [
              125.21773611300013,
              10.433428757000058
            ],
            [
              125.21774826900001,
              10.433422775000052
            ],
            [
              125.21775535800008,
              10.433415798000055
            ],
            [
              125.21777663100009,
              10.433410811000046
            ],
            [
              125.21780398800001,
              10.433417776000054
            ],
            [
              125.21781186100009,
              10.43341076400003
            ],
            [
              125.2178256860001,
              10.433402267000078
            ],
            [
              125.2178464210001,
              10.43337847500004
            ],
            [
              125.21786197300003,
              10.433368278000044
            ],
            [
              125.21787925400007,
              10.43335978000005
            ],
            [
              125.21791381500007,
              10.433351284000025
            ],
            [
              125.21793282300007,
              10.433339387000043
            ],
            [
              125.21796565500006,
              10.43332579100007
            ],
            [
              125.21799503100011,
              10.43330879700005
            ],
            [
              125.21801749500003,
              10.43329860000006
            ],
            [
              125.21804837700006,
              10.433287622000023
            ],
            [
              125.21807218000004,
              10.433285948000048
            ],
            [
              125.2180993830001,
              10.433280930000024
            ],
            [
              125.21812318500007,
              10.433280927000055
            ],
            [
              125.21815038900002,
              10.433287613000058
            ],
            [
              125.21816228900002,
              10.43328426700003
            ],
            [
              125.21817419100012,
              10.433279251000044
            ],
            [
              125.21817929100007,
              10.433272561000024
            ],
            [
              125.21818099000006,
              10.433262529000043
            ],
            [
              125.21819629100003,
              10.433245807000047
            ],
            [
              125.21820649100005,
              10.433237446000021
            ],
            [
              125.21822859300006,
              10.433230755000068
            ],
            [
              125.21823539400008,
              10.433232426000075
            ],
            [
              125.21825919700008,
              10.433232425000027
            ],
            [
              125.21827279800003,
              10.433229079000055
            ],
            [
              125.21828979900012,
              10.433219045000046
            ],
            [
              125.21831530100009,
              10.433207338000042
            ],
            [
              125.21832890100008,
              10.433203993000063
            ],
            [
              125.21839520800008,
              10.433198970000037
            ],
            [
              125.21842071100004,
              10.433195624000064
            ],
            [
              125.21844961500007,
              10.433197294000024
            ],
            [
              125.21849892000012,
              10.43318892800005
            ],
            [
              125.2185108220001,
              10.43318892700006
            ],
            [
              125.21855162500003,
              10.433180563000063
            ],
            [
              125.21859922900002,
              10.433162166000043
            ],
            [
              125.21861453100009,
              10.433158821000065
            ],
            [
              125.21862473200008,
              10.433162164000064
            ],
            [
              125.21864003500004,
              10.433172195000054
            ],
            [
              125.21865363600011,
              10.433172193000074
            ],
            [
              125.21866893700009,
              10.43316717600004
            ],
            [
              125.21870124100006,
              10.433163829000025
            ],
            [
              125.2187301440001,
              10.43316549800005
            ],
            [
              125.21874374600009,
              10.433170514000038
            ],
            [
              125.21877605100009,
              10.433178871000052
            ],
            [
              125.2188083540001,
              10.43318388500006
            ],
            [
              125.21884576000001,
              10.433192241000029
            ],
            [
              125.21886616300003,
              10.43320394400007
            ],
            [
              125.21891376800012,
              10.433207284000048
            ],
            [
              125.21892907000004,
              10.433212300000037
            ],
            [
              125.21894607400009,
              10.43321564100006
            ],
            [
              125.2189766780001,
              10.433227343000055
            ],
            [
              125.21900218200007,
              10.43323402900006
            ],
            [
              125.21901748400012,
              10.433240716000055
            ],
            [
              125.21906509100006,
              10.433255760000067
            ],
            [
              125.21909569500008,
              10.433257430000026
            ],
            [
              125.21912629900011,
              10.43326411500004
            ],
            [
              125.21914670300009,
              10.433275818000027
            ],
            [
              125.21918240800005,
              10.433289192000073
            ],
            [
              125.2192504200001,
              10.433319283000063
            ],
            [
              125.21928782500004,
              10.433330984000065
            ],
            [
              125.21932183000003,
              10.433346031000042
            ],
            [
              125.21933883400004,
              10.433351045000048
            ],
            [
              125.21935923700006,
              10.433359404000043
            ],
            [
              125.2193847420001,
              10.433372778000034
            ],
            [
              125.21941194600005,
              10.43338448000003
            ],
            [
              125.21942384800003,
              10.433387823000034
            ],
            [
              125.21945445200002,
              10.433401197000023
            ],
            [
              125.21947283400006,
              10.43340560000007
            ],
            [
              125.21950684000002,
              10.433423990000051
            ],
            [
              125.2195714490001,
              10.433445721000053
            ],
            [
              125.21962585800009,
              10.433472469000037
            ],
            [
              125.21966326300003,
              10.433485843000028
            ],
            [
              125.21968026600007,
              10.43348918600003
            ],
            [
              125.21969386800005,
              10.433495872000035
            ],
            [
              125.21970406900004,
              10.433497543000044
            ],
            [
              125.21972107200008,
              10.433504230000041
            ],
            [
              125.2197403130001,
              10.433521913000048
            ],
            [
              125.21977389000006,
              10.433540580000056
            ],
            [
              125.219814766,
              10.433560683000053
            ],
            [
              125.21983812300006,
              10.433575043000076
            ],
            [
              125.21988337900008,
              10.433589403000042
            ],
            [
              125.21990819600002,
              10.433605199000054
            ],
            [
              125.21992863400011,
              10.433620993000035
            ],
            [
              125.21996075000006,
              10.43363822500004
            ],
            [
              125.22000162500001,
              10.433668378000048
            ],
            [
              125.2200425010001,
              10.433694226000057
            ],
            [
              125.22009359600008,
              10.433718636000034
            ],
            [
              125.22021330300005,
              10.433780382000062
            ],
            [
              125.22023958000013,
              10.433788999000056
            ],
            [
              125.22027899700004,
              10.433796180000058
            ],
            [
              125.22033885300004,
              10.433803363000035
            ],
            [
              125.22043812400011,
              10.433822035000045
            ],
            [
              125.22046294200004,
              10.433822036000036
            ],
            [
              125.22048484100003,
              10.433826345000053
            ],
            [
              125.22055491400009,
              10.43385075800006
            ],
            [
              125.22058411100011,
              10.433863682000034
            ],
            [
              125.22062936600003,
              10.433878043000052
            ],
            [
              125.22064980600011,
              10.43388235100002
            ],
            [
              125.22066586400003,
              10.433888095000041
            ],
            [
              125.220687762,
              10.433892404000062
            ],
            [
              125.22070382000005,
              10.433898148000026
            ],
            [
              125.22074469800009,
              10.433905330000071
            ],
            [
              125.2207884940001,
              10.433916819000046
            ],
            [
              125.22082937100004,
              10.433922565000044
            ],
            [
              125.22086878700009,
              10.433934054000078
            ],
            [
              125.2208848470001,
              10.433934055000066
            ],
            [
              125.22091404500009,
              10.433931185000063
            ],
            [
              125.22093448400004,
              10.433932622000041
            ],
            [
              125.2209593020001,
              10.433941239000031
            ],
            [
              125.22097536000003,
              10.433951291000028
            ],
            [
              125.22104543400008,
              10.433984317000064
            ],
            [
              125.2210541930001,
              10.433991497000022
            ],
            [
              125.22108193000008,
              10.434005856000056
            ],
            [
              125.22109804800006,
              10.434018357000069
            ],
            [
              125.22114038500001,
              10.434031283000024
            ],
            [
              125.22118710100006,
              10.434041335000076
            ],
            [
              125.22122505800007,
              10.434047081000074
            ],
            [
              125.2212936730001,
              10.434052828000064
            ],
            [
              125.22131265100008,
              10.434055701000032
            ],
            [
              125.2213579070001,
              10.434070061000059
            ],
            [
              125.22138710500008,
              10.434077242000056
            ],
            [
              125.22142506100009,
              10.434078680000027
            ],
            [
              125.22145717900003,
              10.434082990000036
            ],
            [
              125.2214849180001,
              10.434081556000022
            ],
            [
              125.22152287500012,
              10.43408586600003
            ],
            [
              125.22158419000006,
              10.434097357000041
            ],
            [
              125.22163674500008,
              10.434111717000066
            ],
            [
              125.22166886200012,
              10.43413182000006
            ],
            [
              125.22168054100005,
              10.434141871000065
            ],
            [
              125.22171119800011,
              10.43415623000004
            ],
            [
              125.22172725600001,
              10.43415766700002
            ],
            [
              125.22174477500006,
              10.434156233000065
            ]
          ]
        ]
      },
      "properties": {
        "gid": 10,
        "administra": 4,
        "admin_leve": "Barangay level 4",
        "shape0": "philippines",
        "shape1": "Eastern Visayas",
        "shape2": "Southern Leyte",
        "shape3": "Hinunangan",
        "shape4": "San Pablo Island",
        "serial_id": 10,
        "style_info": "",
        "view_zoom_": "",
        "travel_via": "",
        "bearing_an": null,
        "bearing_di": null,
        "created_at": "2026-09-23T00:00:00.000Z",
        "modified_a": "2026-09-23T00:00:00.000Z",
        "geocoded_a": "",
        "properties": ""
      }
    },
    {
      "type": "Feature",
      "geometry": {
        "bbox": [
          125.14548612400007,
          10.436828235000062,
          125.18768374900004,
          10.46328599900005
        ],
        "type": "Polygon",
        "coordinates": [
          [
            [
              125.18233700000008,
              10.463243000000034
            ],
            [
              125.18247800000005,
              10.463007000000061
            ],
            [
              125.18274200000008,
              10.462732000000075
            ],
            [
              125.18342900000005,
              10.462484999000026
            ],
            [
              125.18379800000002,
              10.462250999000048
            ],
            [
              125.18385242700003,
              10.462206024000068
            ],
            [
              125.18387630700009,
              10.462186273000041
            ],
            [
              125.18389094200006,
              10.462174184000048
            ],
            [
              125.18390575100013,
              10.462161945000048
            ],
            [
              125.18444865900004,
              10.461713282000062
            ],
            [
              125.18488361800006,
              10.46135516300006
            ],
            [
              125.18706802600002,
              10.459547351000026
            ],
            [
              125.18714625300004,
              10.459483585000042
            ],
            [
              125.18714736000005,
              10.45947922600004
            ],
            [
              125.1871473540001,
              10.459456197000065
            ],
            [
              125.18714009200005,
              10.45943522600004
            ],
            [
              125.18712620100007,
              10.459407045000034
            ],
            [
              125.18712344800008,
              10.459394694000025
            ],
            [
              125.18711388800011,
              10.459368846000075
            ],
            [
              125.18708974900005,
              10.459334114000058
            ],
            [
              125.18706480800006,
              10.459285567000054
            ],
            [
              125.18703061800011,
              10.459237411000062
            ],
            [
              125.18701378800004,
              10.45921662400002
            ],
            [
              125.18695849800008,
              10.459127237000075
            ],
            [
              125.1869447050001,
              10.45910739000004
            ],
            [
              125.1869382520001,
              10.459102759000071
            ],
            [
              125.18692089600007,
              10.459077361000027
            ],
            [
              125.18690630800006,
              10.459064406000039
            ],
            [
              125.18689420200009,
              10.45905031900003
            ],
            [
              125.1868895790001,
              10.459042187000023
            ],
            [
              125.18688203800004,
              10.459037644000032
            ],
            [
              125.18687790100012,
              10.459029752000047
            ],
            [
              125.18688811500012,
              10.459021617000076
            ],
            [
              125.18689072800011,
              10.459017810000034
            ],
            [
              125.18689072600012,
              10.459011153000064
            ],
            [
              125.18689004800001,
              10.459005828000045
            ],
            [
              125.18687886300008,
              10.458983348000062
            ],
            [
              125.1868663460001,
              10.45896921900004
            ],
            [
              125.18685550800001,
              10.458963261000063
            ],
            [
              125.18684265200011,
              10.458963899000025
            ],
            [
              125.18682627700002,
              10.45895822600005
            ],
            [
              125.18680766900003,
              10.458934754000042
            ],
            [
              125.18680364900003,
              10.458926658000053
            ],
            [
              125.18680631100004,
              10.45891611500002
            ],
            [
              125.18680632000007,
              10.45890441200004
            ],
            [
              125.18679276500008,
              10.458886161000065
            ],
            [
              125.186791964,
              10.458881692000032
            ],
            [
              125.18678466500012,
              10.458873800000047
            ],
            [
              125.18677787000003,
              10.45887418100006
            ],
            [
              125.18676610300008,
              10.458867068000075
            ],
            [
              125.18675880300009,
              10.458852239000063
            ],
            [
              125.18675028700012,
              10.458842195000045
            ],
            [
              125.18674274300008,
              10.458825214000058
            ],
            [
              125.18673859400009,
              10.45882026800007
            ],
            [
              125.18673317700006,
              10.458814943000052
            ],
            [
              125.18672979200007,
              10.458814278000036
            ],
            [
              125.18671760400002,
              10.458798304000025
            ],
            [
              125.1867027090001,
              10.458791650000023
            ],
            [
              125.18668646000003,
              10.458775677000066
            ],
            [
              125.18667901100004,
              10.458770353000034
            ],
            [
              125.18665666900007,
              10.458761038000034
            ],
            [
              125.18664380700011,
              10.458761040000068
            ],
            [
              125.18663365400005,
              10.458763705000022
            ],
            [
              125.18663094800003,
              10.458772360000067
            ],
            [
              125.18663298100012,
              10.458784343000046
            ],
            [
              125.18662079900004,
              10.458798991000037
            ],
            [
              125.1866187710001,
              10.458809642000064
            ],
            [
              125.18661403400007,
              10.458812972000032
            ],
            [
              125.18660658700003,
              10.458813639000025
            ],
            [
              125.18660049400013,
              10.45881097800003
            ],
            [
              125.18657341000005,
              10.458785687000043
            ],
            [
              125.18654091300003,
              10.458771714000022
            ],
            [
              125.18653075700003,
              10.45876439400007
            ],
            [
              125.18651721700007,
              10.458761734000062
            ],
            [
              125.18651112300006,
              10.458754412000074
            ],
            [
              125.18651179900009,
              10.458749752000076
            ],
            [
              125.18652059700001,
              10.45873909900007
            ],
            [
              125.18652398000006,
              10.458729778000079
            ],
            [
              125.1865239770001,
              10.458720458000075
            ],
            [
              125.18651382000007,
              10.458707812000055
            ],
            [
              125.18650637000009,
              10.458691171000057
            ],
            [
              125.18650027600006,
              10.458684515000073
            ],
            [
              125.18649704300005,
              10.458671663000073
            ],
            [
              125.18649230200002,
              10.458663675000027
            ],
            [
              125.18648958900009,
              10.45863904500004
            ],
            [
              125.18648146300006,
              10.458628395000062
            ],
            [
              125.18647333500009,
              10.458610423000037
            ],
            [
              125.1864665600001,
              10.458585128000038
            ],
            [
              125.18646317400008,
              10.458577805000061
            ],
            [
              125.1864550480001,
              10.458567822000077
            ],
            [
              125.1864469180001,
              10.458536535000064
            ],
            [
              125.1864415010001,
              10.458530545000029
            ],
            [
              125.18641644200011,
              10.458481954000035
            ],
            [
              125.18641643900003,
              10.458468640000033
            ],
            [
              125.18642523900007,
              10.458463978000054
            ],
            [
              125.18643741900007,
              10.458442673000034
            ],
            [
              125.18644621800001,
              10.458435348000021
            ],
            [
              125.1864631410001,
              10.45843135000007
            ],
            [
              125.18646584800001,
              10.458427355000026
            ],
            [
              125.18646517100002,
              10.458424027000033
            ],
            [
              125.18646110700001,
              10.458417371000051
            ],
            [
              125.18645568700005,
              10.45839939800004
            ],
            [
              125.18644485300001,
              10.458386752000024
            ],
            [
              125.18643334100011,
              10.458369446000065
            ],
            [
              125.18640964400004,
              10.458351477000065
            ],
            [
              125.18637782400005,
              10.458340167000072
            ],
            [
              125.18636360600011,
              10.458330850000037
            ],
            [
              125.18636021700001,
              10.458312211000075
            ],
            [
              125.18636157100003,
              10.458308882000038
            ],
            [
              125.18635344200004,
              10.458286877000035
            ],
            [
              125.18634599300003,
              10.458273564000027
            ],
            [
              125.18633854200004,
              10.458254260000043
            ],
            [
              125.18633718600005,
              10.458244275000027
            ],
            [
              125.1863405680001,
              10.458234954000032
            ],
            [
              125.18636290800008,
              10.458234284000069
            ],
            [
              125.18638253800007,
              10.458228954000049
            ],
            [
              125.18638795300002,
              10.458225624000022
            ],
            [
              125.18638930600001,
              10.458221630000027
            ],
            [
              125.18638795100003,
              10.458218301000045
            ],
            [
              125.1863764430001,
              10.45821164700004
            ],
            [
              125.18636967200008,
              10.458212314000034
            ],
            [
              125.18636019600001,
              10.458216976000074
            ],
            [
              125.18634327300003,
              10.458219642000072
            ],
            [
              125.18632770300006,
              10.45821964600003
            ],
            [
              125.18632161000006,
              10.458217650000051
            ],
            [
              125.18630873900008,
              10.458178376000037
            ],
            [
              125.18630805500004,
              10.458146422000027
            ],
            [
              125.18629857400003,
              10.458128450000062
            ],
            [
              125.18628909000006,
              10.458101824000037
            ],
            [
              125.18628299300009,
              10.458078526000063
            ],
            [
              125.1862911080001,
              10.458045239000057
            ],
            [
              125.1862890750001,
              10.45803458800003
            ],
            [
              125.18628365700012,
              10.45802127500002
            ],
            [
              125.18626740400008,
              10.457994650000048
            ],
            [
              125.18626107900002,
              10.457989096000063
            ],
            [
              125.18625430700001,
              10.457977115000064
            ],
            [
              125.18624753600012,
              10.45797046000007
            ],
            [
              125.18623738000008,
              10.457963805000075
            ],
            [
              125.1862238330001,
              10.457928525000057
            ],
            [
              125.18620114400007,
              10.457889687000034
            ],
            [
              125.18619110100006,
              10.457868785000072
            ],
            [
              125.18618282900002,
              10.457843818000072
            ],
            [
              125.18617101400004,
              10.457818271000063
            ],
            [
              125.18616510500011,
              10.457796207000058
            ],
            [
              125.18615742400004,
              10.457779369000038
            ],
            [
              125.18605526000012,
              10.457649417000027
            ],
            [
              125.18603968600009,
              10.457632112000057
            ],
            [
              125.18599854500007,
              10.457597074000034
            ],
            [
              125.1860569910001,
              10.457545382000035
            ],
            [
              125.18604931300001,
              10.457536092000053
            ],
            [
              125.18598795400011,
              10.45758616100005
            ],
            [
              125.18590111900005,
              10.457427179000037
            ],
            [
              125.1858438160001,
              10.45730350900004
            ],
            [
              125.18583081600003,
              10.45726460700007
            ],
            [
              125.1858254870001,
              10.457222210000054
            ],
            [
              125.18582751400004,
              10.457205567000074
            ],
            [
              125.18582569600005,
              10.457169970000052
            ],
            [
              125.1858315610001,
              10.45713633300005
            ],
            [
              125.18585738800004,
              10.457078669000053
            ],
            [
              125.18587299400009,
              10.45705119300004
            ],
            [
              125.18587381400003,
              10.457045133000062
            ],
            [
              125.18588704600005,
              10.457025459000022
            ],
            [
              125.18592696700011,
              10.456940241000039
            ],
            [
              125.18593373500005,
              10.456934248000039
            ],
            [
              125.18593914800012,
              10.456923595000033
            ],
            [
              125.1859547150001,
              10.456910944000072
            ],
            [
              125.18598042300005,
              10.456837710000059
            ],
            [
              125.18598651400008,
              10.456830386000036
            ],
            [
              125.18599057400002,
              10.456821731000046
            ],
            [
              125.18599327900007,
              10.456811079000035
            ],
            [
              125.18603953700006,
              10.456709061000026
            ],
            [
              125.18607606600006,
              10.456593220000057
            ],
            [
              125.18607267000004,
              10.456541296000069
            ],
            [
              125.18607604700003,
              10.456507344000043
            ],
            [
              125.18607942900007,
              10.456493364000037
            ],
            [
              125.18607333100012,
              10.456471397000032
            ],
            [
              125.1860726530001,
              10.456465405000074
            ],
            [
              125.18607468100004,
              10.456451425000065
            ],
            [
              125.18608009400009,
              10.45644143800007
            ],
            [
              125.18609227700007,
              10.45643011900006
            ],
            [
              125.18609701500009,
              10.456428120000053
            ],
            [
              125.186107847,
              10.456428118000076
            ],
            [
              125.18611664600007,
              10.456425452000074
            ],
            [
              125.18612794300009,
              10.456406001000062
            ],
            [
              125.18613062500003,
              10.456395441000039
            ],
            [
              125.18612793800003,
              10.456384882000066
            ],
            [
              125.18612524900004,
              10.456361125000054
            ],
            [
              125.18611987600002,
              10.45634264800003
            ],
            [
              125.18611718700004,
              10.456321531000071
            ],
            [
              125.1861091290001,
              10.456297775000051
            ],
            [
              125.18610912600002,
              10.456287216000021
            ],
            [
              125.1861010670001,
              10.456252901000026
            ],
            [
              125.18610105800009,
              10.456215944000066
            ],
            [
              125.18610373900003,
              10.456205384000041
            ],
            [
              125.1861091060001,
              10.45619482400002
            ],
            [
              125.18612789400004,
              10.456184261000033
            ],
            [
              125.18613594400006,
              10.456173700000024
            ],
            [
              125.18613862600013,
              10.456163141000049
            ],
            [
              125.18613862000008,
              10.456131464000064
            ],
            [
              125.18613593200008,
              10.456120905000033
            ],
            [
              125.18611981900006,
              10.456086592000077
            ],
            [
              125.18611713200005,
              10.456076034000034
            ],
            [
              125.18612249400007,
              10.456044356000065
            ],
            [
              125.18611980700007,
              10.45603379700003
            ],
            [
              125.18611979700006,
              10.455988922000074
            ],
            [
              125.18613052500008,
              10.455946683000036
            ],
            [
              125.18613589100006,
              10.455936123000072
            ],
            [
              125.18613856800005,
              10.455904446000034
            ],
            [
              125.1861412500001,
              10.45589388600007
            ],
            [
              125.18614124800001,
              10.455883327000034
            ],
            [
              125.18616929500003,
              10.455744563000055
            ],
            [
              125.18617957000004,
              10.455718274000047
            ],
            [
              125.18618779200006,
              10.455706140000077
            ],
            [
              125.18619190300001,
              10.45569602900002
            ],
            [
              125.18619395200005,
              10.455667720000065
            ],
            [
              125.18620011700013,
              10.455653565000036
            ],
            [
              125.18620422400011,
              10.455629299000064
            ],
            [
              125.18621244200007,
              10.455596945000025
            ],
            [
              125.1862124380001,
              10.45558076900005
            ],
            [
              125.18623299000002,
              10.455536280000047
            ],
            [
              125.18626790400005,
              10.455358334000037
            ],
            [
              125.18626584600008,
              10.455346203000031
            ],
            [
              125.18626789900009,
              10.45533204800006
            ],
            [
              125.18626789500001,
              10.455315872000025
            ],
            [
              125.18628338200007,
              10.455278793000046
            ],
            [
              125.18628338000009,
              10.455268234000071
            ],
            [
              125.18626727000003,
              10.455249759000026
            ],
            [
              125.18624579400011,
              10.455239205000053
            ],
            [
              125.18623505500011,
              10.45523656700004
            ],
            [
              125.18622431700008,
              10.455231290000029
            ],
            [
              125.1862135790001,
              10.455228653000061
            ],
            [
              125.18617599900006,
              10.455228661000032
            ],
            [
              125.18616526200002,
              10.455233943000051
            ],
            [
              125.18615452600011,
              10.455236585000023
            ],
            [
              125.18613305500004,
              10.455247148000067
            ],
            [
              125.186108901,
              10.455270911000067
            ],
            [
              125.18610621800008,
              10.455281471000035
            ],
            [
              125.18610622100005,
              10.455292030000065
            ],
            [
              125.18611159400008,
              10.455315787000073
            ],
            [
              125.18610891200001,
              10.455326346000048
            ],
            [
              125.18610354600003,
              10.455336906000069
            ],
            [
              125.1860928110001,
              10.455344828000023
            ],
            [
              125.18608207600005,
              10.455350110000039
            ],
            [
              125.18605523300006,
              10.455355395000025
            ],
            [
              125.18604181100011,
              10.45535539800005
            ],
            [
              125.18602033900004,
              10.455365961000041
            ],
            [
              125.18600960300012,
              10.45537388300005
            ],
            [
              125.185996186,
              10.455392363000044
            ],
            [
              125.18599619100006,
              10.455416122000033
            ],
            [
              125.1860015620001,
              10.455426680000073
            ],
            [
              125.18600156600007,
              10.455439879000041
            ],
            [
              125.18600694100009,
              10.455471554000043
            ],
            [
              125.18600694500003,
              10.45549267200005
            ],
            [
              125.18601231900004,
              10.455513789000065
            ],
            [
              125.18600695500005,
              10.455534908000057
            ],
            [
              125.1859908560001,
              10.455566589000055
            ],
            [
              125.1859747530001,
              10.455582431000037
            ],
            [
              125.1859667020001,
              10.455587712000067
            ],
            [
              125.18594254300001,
              10.455587717000075
            ],
            [
              125.18593180400002,
              10.455582440000057
            ],
            [
              125.18592374900005,
              10.45557188300006
            ],
            [
              125.18591837800011,
              10.455561325000073
            ],
            [
              125.18591300500009,
              10.455540208000055
            ],
            [
              125.185913002,
              10.455527009000035
            ],
            [
              125.18591031500011,
              10.455516451000051
            ],
            [
              125.18591031000005,
              10.455490053000062
            ],
            [
              125.18590493600006,
              10.455468937000035
            ],
            [
              125.18590493400006,
              10.45545837800006
            ],
            [
              125.18590224700004,
              10.455447819000026
            ],
            [
              125.1859022440001,
              10.455434620000059
            ],
            [
              125.18588345000012,
              10.455418786000052
            ],
            [
              125.18586197300009,
              10.455408232000023
            ],
            [
              125.18582976000005,
              10.455400319000034
            ],
            [
              125.18580828300001,
              10.455389765000064
            ],
            [
              125.18580828100006,
              10.45537656600004
            ],
            [
              125.18581364600006,
              10.455366006000077
            ],
            [
              125.18582169800004,
              10.455358085000059
            ],
            [
              125.18583243300009,
              10.455352803000038
            ],
            [
              125.18584317000011,
              10.455350161000071
            ],
            [
              125.18585659200005,
              10.455350158000043
            ],
            [
              125.18586732800009,
              10.455347516000074
            ],
            [
              125.18588075000002,
              10.45534751200006
            ],
            [
              125.18589953800006,
              10.455336950000062
            ],
            [
              125.18590222000012,
              10.455326391000026
            ],
            [
              125.18590221700003,
              10.45531319200006
            ],
            [
              125.18589953000004,
              10.45530263300003
            ],
            [
              125.18589952800006,
              10.455292074000058
            ],
            [
              125.18591026100012,
              10.45527095400007
            ],
            [
              125.1859397830001,
              10.455247190000023
            ],
            [
              125.18595051900003,
              10.455241908000062
            ],
            [
              125.18596394000008,
              10.455241905000038
            ],
            [
              125.1859746770001,
              10.455239263000065
            ],
            [
              125.18599883600007,
              10.455239258000065
            ],
            [
              125.1860095730001,
              10.455236616000034
            ],
            [
              125.18603641600009,
              10.455236610000044
            ],
            [
              125.1860444680001,
              10.45523396900006
            ],
            [
              125.18605789000004,
              10.455233966000034
            ],
            [
              125.18606862600008,
              10.455231324000067
            ],
            [
              125.18607936300008,
              10.45522604200005
            ],
            [
              125.1860954660001,
              10.455210200000064
            ],
            [
              125.18610619700007,
              10.455189080000025
            ],
            [
              125.18610887900003,
              10.455178520000059
            ],
            [
              125.1861142460001,
              10.45516796000004
            ],
            [
              125.1861196110001,
              10.455146840000053
            ],
            [
              125.18611959900012,
              10.45509932500005
            ],
            [
              125.18612496300013,
              10.455078206000053
            ],
            [
              125.18613032900011,
              10.45506764600003
            ],
            [
              125.18614106500002,
              10.455062364000069
            ],
            [
              125.18615448700008,
              10.455062361000046
            ],
            [
              125.18616522500007,
              10.45506763800006
            ],
            [
              125.18618401900005,
              10.45508347300006
            ],
            [
              125.18619475800006,
              10.45508875000007
            ],
            [
              125.18620549400009,
              10.455083468000055
            ],
            [
              125.1862296470001,
              10.455059705000052
            ],
            [
              125.1862350130001,
              10.45504914500003
            ],
            [
              125.18624306500011,
              10.45504386400006
            ],
            [
              125.18626722500004,
              10.455049138000051
            ],
            [
              125.18627527900004,
              10.455054416000054
            ],
            [
              125.18628601700003,
              10.455057053000075
            ],
            [
              125.18630484800009,
              10.455057045000045
            ],
            [
              125.18634390600005,
              10.45501985200002
            ],
            [
              125.18635212900007,
              10.455009740000039
            ],
            [
              125.18636446400001,
              10.454999627000065
            ],
            [
              125.18637268600003,
              10.45498951500002
            ],
            [
              125.18639323700006,
              10.454940982000041
            ],
            [
              125.18639528900007,
              10.454922782000038
            ],
            [
              125.18639528000004,
              10.454882343000065
            ],
            [
              125.18639527100005,
              10.454845946000034
            ],
            [
              125.18639114900009,
              10.454801463000024
            ],
            [
              125.18639320000011,
              10.454779220000034
            ],
            [
              125.18639318600005,
              10.454718559000073
            ],
            [
              125.18638700400003,
              10.45465790000003
            ],
            [
              125.18638288800003,
              10.454641725000046
            ],
            [
              125.18638287400006,
              10.454577020000045
            ],
            [
              125.18637669300006,
              10.454516360000069
            ],
            [
              125.18638284900011,
              10.454465809000054
            ],
            [
              125.18638901200008,
              10.454441543000028
            ],
            [
              125.18639722600007,
              10.45439705600006
            ],
            [
              125.1863972220001,
              10.45437683600005
            ],
            [
              125.18639516200004,
              10.45435863800003
            ],
            [
              125.18639721500006,
              10.454346506000036
            ],
            [
              125.18640338000013,
              10.454330328000024
            ],
            [
              125.18640543300012,
              10.454314152000052
            ],
            [
              125.18640542800006,
              10.454291909000062
            ],
            [
              125.18641364200003,
              10.454247423000028
            ],
            [
              125.18641569300006,
              10.454223158000048
            ],
            [
              125.18642801700004,
              10.454166538000036
            ],
            [
              125.18643212300003,
              10.454138229000023
            ],
            [
              125.1864321170001,
              10.45410992100005
            ],
            [
              125.18643417000011,
              10.45409576600002
            ],
            [
              125.18643005200012,
              10.454069480000042
            ],
            [
              125.18643004800005,
              10.454051282000025
            ],
            [
              125.18643210000006,
              10.454035105000058
            ],
            [
              125.18643004100011,
              10.454020951000073
            ],
            [
              125.18643003400005,
              10.453988599000068
            ],
            [
              125.18643208200001,
              10.45395752500002
            ],
            [
              125.18643618900012,
              10.453933260000042
            ],
            [
              125.18643413000008,
              10.453921127000056
            ],
            [
              125.18642384400006,
              10.453898888000026
            ],
            [
              125.18641972700006,
              10.453876647000072
            ],
            [
              125.18641766400003,
              10.453848339000045
            ],
            [
              125.18640942800005,
              10.453795768000077
            ],
            [
              125.18639913700008,
              10.453749263000075
            ],
            [
              125.18639913200002,
              10.45372499900003
            ],
            [
              125.18639501400003,
              10.45369871400004
            ],
            [
              125.18638884000005,
              10.45367647300003
            ],
            [
              125.18637649700008,
              10.45365018900003
            ],
            [
              125.18637238000008,
              10.453631992000053
            ],
            [
              125.18637237600001,
              10.453613794000036
            ],
            [
              125.1863579730001,
              10.453569312000068
            ],
            [
              125.18635797000002,
              10.453555158000025
            ],
            [
              125.18635591100008,
              10.453541004000046
            ],
            [
              125.18634356600013,
              10.453504611000026
            ],
            [
              125.18633944900013,
              10.453484391000071
            ],
            [
              125.18633738800008,
              10.453464171000062
            ],
            [
              125.18633121700007,
              10.453447996000023
            ],
            [
              125.18631885900002,
              10.453357008000065
            ],
            [
              125.1863126830001,
              10.453326679000043
            ],
            [
              125.18631062100009,
              10.453300393000061
            ],
            [
              125.18630680000001,
              10.453283698000062
            ],
            [
              125.18631514300012,
              10.453247690000069
            ],
            [
              125.18632588000004,
              10.453245048000042
            ],
            [
              125.18633661600008,
              10.453239766000022
            ],
            [
              125.1863527180001,
              10.453223924000042
            ],
            [
              125.18636345000003,
              10.453202804000059
            ],
            [
              125.18636344300012,
              10.45316848700003
            ],
            [
              125.1863580690001,
              10.453147370000067
            ],
            [
              125.18635001400003,
              10.45313681300007
            ],
            [
              125.18633927200004,
              10.453115697000042
            ],
            [
              125.18632048000005,
              10.453099863000034
            ],
            [
              125.1863016870001,
              10.453091948000061
            ],
            [
              125.18629094800008,
              10.453084031000058
            ],
            [
              125.18628826300005,
              10.45308403100006
            ],
            [
              125.18626944200004,
              10.45305083100004
            ],
            [
              125.18626327000004,
              10.453036678000046
            ],
            [
              125.18625504400008,
              10.453026570000077
            ],
            [
              125.18625915200005,
              10.453008370000074
            ],
            [
              125.18626027500011,
              10.452990927000032
            ],
            [
              125.18626796800004,
              10.452983192000033
            ],
            [
              125.18629052600012,
              10.452990597000051
            ],
            [
              125.18630232700004,
              10.452992185000026
            ],
            [
              125.1863126070001,
              10.452988139000068
            ],
            [
              125.186320829,
              10.45297802700003
            ],
            [
              125.18633727699999,
              10.452971957000045
            ],
            [
              125.18634550000002,
              10.45296386700005
            ],
            [
              125.18634755400001,
              10.452953757000044
            ],
            [
              125.18635372000006,
              10.45294566700005
            ],
            [
              125.18635166200012,
              10.452933535000057
            ],
            [
              125.18634343300005,
              10.452917361000061
            ],
            [
              125.18633931900001,
              10.452905230000058
            ],
            [
              125.18631669200012,
              10.452864794000051
            ],
            [
              125.18630846200006,
              10.452840532000039
            ],
            [
              125.18630640200003,
              10.452820312000028
            ],
            [
              125.18629817500003,
              10.452808181000023
            ],
            [
              125.18626938500007,
              10.45279201200003
            ],
            [
              125.18625910300011,
              10.452792014000064
            ],
            [
              125.18623237200008,
              10.452787976000025
            ],
            [
              125.18622826100011,
              10.45278999800007
            ],
            [
              125.1862138680001,
              10.452792024000077
            ],
            [
              125.18620975500004,
              10.45278798000004
            ],
            [
              125.1862076970001,
              10.452779893000072
            ],
            [
              125.18621797500008,
              10.45276775800005
            ],
            [
              125.1862261980001,
              10.452763713000024
            ],
            [
              125.18623030900005,
              10.452755624000076
            ],
            [
              125.18623030700007,
              10.45274753500007
            ],
            [
              125.1862241350001,
              10.45272933900003
            ],
            [
              125.18621795900003,
              10.452699009000069
            ],
            [
              125.18620356400005,
              10.45268688000004
            ],
            [
              125.18618916900004,
              10.452678795000054
            ],
            [
              125.18617274600003,
              10.452666975000053
            ],
            [
              125.18614053100009,
              10.452653783000073
            ],
            [
              125.18606204700008,
              10.452378436000062
            ],
            [
              125.18605176100006,
              10.452352152000058
            ],
            [
              125.18604764400006,
              10.452331932000048
            ],
            [
              125.18605175500011,
              10.45232586500003
            ],
            [
              125.18605175200003,
              10.45231373300004
            ],
            [
              125.18604146300002,
              10.452275317000042
            ],
            [
              125.18603322600008,
              10.452222746000077
            ],
            [
              125.1860332240001,
              10.452210614000023
            ],
            [
              125.18603733300006,
              10.45219848100004
            ],
            [
              125.18603732600002,
              10.452168150000034
            ],
            [
              125.18603526700008,
              10.452151975000048
            ],
            [
              125.18603115100007,
              10.452137821000065
            ],
            [
              125.18600647200002,
              10.452115585000058
            ],
            [
              125.18600647000007,
              10.452105474000064
            ],
            [
              125.18601263500011,
              10.452089297000043
            ],
            [
              125.18601263000005,
              10.45206705500004
            ],
            [
              125.18600645700006,
              10.45204683600002
            ],
            [
              125.18599205700002,
              10.45201650800004
            ],
            [
              125.18599205500004,
              10.452008420000029
            ],
            [
              125.18599410800005,
              10.451992244000051
            ],
            [
              125.18600438600004,
              10.451978087000041
            ],
            [
              125.18601466500003,
              10.451974041000028
            ],
            [
              125.18602083200007,
              10.451965951000034
            ],
            [
              125.18602288500004,
              10.451949775000061
            ],
            [
              125.18602082500001,
              10.451927533000058
            ],
            [
              125.18601465100004,
              10.451909336000028
            ],
            [
              125.18600642500007,
              10.451901250000047
            ],
            [
              125.18599819900011,
              10.451895185000067
            ],
            [
              125.18597146700006,
              10.451887103000045
            ],
            [
              125.18596118600009,
              10.451887105000026
            ],
            [
              125.18595090400004,
              10.451879019000046
            ],
            [
              125.18594678900003,
              10.451868910000028
            ],
            [
              125.18594884200003,
              10.451854755000056
            ],
            [
              125.1859529520001,
              10.45184464400006
            ],
            [
              125.18595294600003,
              10.451816336000036
            ],
            [
              125.18595499800006,
              10.451800159000074
            ],
            [
              125.18595293900012,
              10.451783984000034
            ],
            [
              125.1859488230001,
              10.451769830000044
            ],
            [
              125.18594265200011,
              10.451757699000039
            ],
            [
              125.18594470300003,
              10.45173545700004
            ],
            [
              125.18595087100006,
              10.451731410000038
            ],
            [
              125.18595086800008,
              10.451719279000027
            ],
            [
              125.18594881000001,
              10.451709169000026
            ],
            [
              125.1859385260001,
              10.451695017000077
            ],
            [
              125.18591385000003,
              10.45168289000003
            ],
            [
              125.18589739200002,
              10.451644475000021
            ],
            [
              125.18588710900008,
              10.451636389000042
            ],
            [
              125.18586654500007,
              10.451624262000053
            ],
            [
              125.18585420800002,
              10.451622242000044
            ],
            [
              125.18584598400004,
              10.451624266000065
            ],
            [
              125.18583981400003,
              10.451616179000041
            ],
            [
              125.18584598100007,
              10.451612134000072
            ],
            [
              125.18584803500003,
              10.451604045000067
            ],
            [
              125.18584803100009,
              10.451583825000055
            ],
            [
              125.1858418600001,
              10.451571694000052
            ],
            [
              125.18583157800005,
              10.451567652000051
            ],
            [
              125.18581513000005,
              10.451571700000047
            ],
            [
              125.18580485200003,
              10.451581812000029
            ],
            [
              125.18579251500012,
              10.451579793000064
            ],
            [
              125.18577605300004,
              10.451528894000035
            ],
            [
              125.18576782700008,
              10.451522830000043
            ],
            [
              125.18576576800001,
              10.451508676000056
            ],
            [
              125.18576782200012,
              10.451498566000055
            ],
            [
              125.18577604700012,
              10.451498564000078
            ],
            [
              125.1857863250001,
              10.451488452000037
            ],
            [
              125.18578220500002,
              10.45145610000003
            ],
            [
              125.18579042500006,
              10.45143385600005
            ],
            [
              125.18578631100002,
              10.451425769000021
            ],
            [
              125.18577808600003,
              10.451423749000071
            ],
            [
              125.18576780700006,
              10.451425773000041
            ],
            [
              125.18575546800002,
              10.451419709000048
            ],
            [
              125.1857451820001,
              10.451399491000076
            ],
            [
              125.1857410670001,
              10.45138736000007
            ],
            [
              125.18572256100003,
              10.451383320000048
            ],
            [
              125.18571433800004,
              10.45138938800005
            ],
            [
              125.18570611300004,
              10.451389390000031
            ],
            [
              125.18569377400001,
              10.451377260000074
            ],
            [
              125.18568965900012,
              10.451367151000056
            ],
            [
              125.18566909600008,
              10.451359067000055
            ],
            [
              125.18565058900002,
              10.451348961000065
            ],
            [
              125.185640303,
              10.451326721000044
            ],
            [
              125.18564852400004,
              10.451310543000037
            ],
            [
              125.18564440600005,
              10.451286280000032
            ],
            [
              125.18563412500009,
              10.451282238000033
            ],
            [
              125.18561973200008,
              10.451282241000058
            ],
            [
              125.18561561800006,
              10.451276175000032
            ],
            [
              125.18561356000009,
              10.451266066000073
            ],
            [
              125.18558887400002,
              10.451209455000024
            ],
            [
              125.18557447800005,
              10.451197326000058
            ],
            [
              125.18557036400013,
              10.451189238000039
            ],
            [
              125.185566245,
              10.45115890900007
            ],
            [
              125.18557446700004,
              10.451148797000029
            ],
            [
              125.18558474300006,
              10.451126553000051
            ],
            [
              125.18559502000005,
              10.451110374000052
            ],
            [
              125.18559912900001,
              10.451096219000018
            ],
            [
              125.18560350100005,
              10.451092201000051
            ],
            [
              125.18560602700006,
              10.451086223000058
            ],
            [
              125.1855970680001,
              10.45107195500003
            ],
            [
              125.1855950050001,
              10.451037581000035
            ],
            [
              125.18558883200001,
              10.45102140600005
            ],
            [
              125.1855592400001,
              10.451000025000042
            ],
            [
              125.18554015800011,
              10.450994283000057
            ],
            [
              125.18553748800002,
              10.450987511000049
            ],
            [
              125.18554002400003,
              10.450982383000053
            ],
            [
              125.18556253400006,
              10.450985538000053
            ],
            [
              125.1855823950001,
              10.450983621000036
            ],
            [
              125.18558754200001,
              10.45098016400004
            ],
            [
              125.1855908560001,
              10.450967377000042
            ],
            [
              125.18558657200003,
              10.450970824000025
            ],
            [
              125.18557617200008,
              10.450968387000046
            ],
            [
              125.18556209100008,
              10.450970862000075
            ],
            [
              125.1855320830001,
              10.450968018000026
            ],
            [
              125.1855353540001,
              10.450940537000065
            ],
            [
              125.18553535100011,
              10.45092638300002
            ],
            [
              125.18554357300002,
              10.45091627100004
            ],
            [
              125.18554973900008,
              10.450902115000078
            ],
            [
              125.18556339200006,
              10.450908171000039
            ],
            [
              125.18557030000011,
              10.450900089000072
            ],
            [
              125.18557646400006,
              10.450883911000062
            ],
            [
              125.18558880000012,
              10.450877843000058
            ],
            [
              125.18559291000008,
              10.45086975400005
            ],
            [
              125.18558879400007,
              10.45085357800002
            ],
            [
              125.1855723440001,
              10.450847516000067
            ],
            [
              125.18557234100001,
              10.450835384000072
            ],
            [
              125.18558878600003,
              10.450815160000047
            ],
            [
              125.1855949520001,
              10.450803026000074
            ],
            [
              125.18559494900012,
              10.450792916000067
            ],
            [
              125.18558877900011,
              10.450780785000063
            ],
            [
              125.18558671900009,
              10.450768653000067
            ],
            [
              125.18558877000011,
              10.450742367000032
            ],
            [
              125.18557848800003,
              10.45073832500003
            ],
            [
              125.18557026400005,
              10.450738326000023
            ],
            [
              125.18554764500006,
              10.450732265000056
            ],
            [
              125.18553736100012,
              10.45072013500004
            ],
            [
              125.18553941500012,
              10.450710025000033
            ],
            [
              125.18555140200009,
              10.450703278000049
            ],
            [
              125.18555756800004,
              10.450691144000075
            ],
            [
              125.18555345300001,
              10.450683057000049
            ],
            [
              125.18553494600009,
              10.450672951000058
            ],
            [
              125.1855267180001,
              10.450660820000055
            ],
            [
              125.1855061550001,
              10.450650715000052
            ],
            [
              125.18549175900012,
              10.450638586000025
            ],
            [
              125.18549175500006,
              10.450622409000063
            ],
            [
              125.18551025800004,
              10.45061229500004
            ],
            [
              125.18552465100004,
              10.450608248000037
            ],
            [
              125.18552670500004,
              10.450602182000068
            ],
            [
              125.18552670300005,
              10.450594094000051
            ],
            [
              125.18553081200002,
              10.450577916000043
            ],
            [
              125.18553081000003,
              10.45056780600004
            ],
            [
              125.1855266970001,
              10.450559719000069
            ],
            [
              125.18551847200003,
              10.450561743000037
            ],
            [
              125.18550819100007,
              10.450561745000073
            ],
            [
              125.1855061340001,
              10.450553657000057
            ],
            [
              125.18550613000002,
              10.45054152500006
            ],
            [
              125.18549995700003,
              10.450521306000041
            ],
            [
              125.18550612200012,
              10.450505129000021
            ],
            [
              125.18551023400005,
              10.45049906200006
            ],
            [
              125.18552051400002,
              10.450501082000073
            ],
            [
              125.18553079200001,
              10.450488947000055
            ],
            [
              125.18553489900012,
              10.450464682000073
            ],
            [
              125.18553284000005,
              10.450450528000031
            ],
            [
              125.18552872500004,
              10.450438397000026
            ],
            [
              125.18553077500007,
              10.450412110000059
            ],
            [
              125.18552871600004,
              10.450399979000052
            ],
            [
              125.18551431800007,
              10.450373695000055
            ],
            [
              125.1855143140001,
              10.45035954100007
            ],
            [
              125.18552253400001,
              10.450335275000041
            ],
            [
              125.18552458600004,
              10.450319098000023
            ],
            [
              125.18551429600008,
              10.450274616000058
            ],
            [
              125.18551429400009,
              10.450266528000041
            ],
            [
              125.18549989500004,
              10.450242267000021
            ],
            [
              125.18548549900004,
              10.45022609400007
            ],
            [
              125.1854813850001,
              10.450218006000057
            ],
            [
              125.18547521200001,
              10.450199809000024
            ],
            [
              125.1854731510001,
              10.450175546000025
            ],
            [
              125.1854834300001,
              10.45016947700003
            ],
            [
              125.18547931500007,
              10.450157346000026
            ],
            [
              125.1854690330001,
              10.450151282000036
            ],
            [
              125.1854731410001,
              10.450131061000032
            ],
            [
              125.18546902600009,
              10.450116908000043
            ],
            [
              125.18547519100001,
              10.45010275200002
            ],
            [
              125.18548752500011,
              10.450090617000058
            ],
            [
              125.18549369000006,
              10.450076462000023
            ],
            [
              125.18548957600001,
              10.45006433000003
            ],
            [
              125.18547929400005,
              10.450060289000017
            ],
            [
              125.18547106800008,
              10.450054224000041
            ],
            [
              125.18546284,
              10.450038050000044
            ],
            [
              125.18546283900001,
              10.450034006000067
            ],
            [
              125.18544324400011,
              10.450020834000043
            ],
            [
              125.1854378690001,
              10.449991797000052
            ],
            [
              125.18544055000007,
              10.449978598000026
            ],
            [
              125.1854405470001,
              10.449965399000064
            ],
            [
              125.18542980600013,
              10.449944283000034
            ],
            [
              125.18541906200005,
              10.449912609000025
            ],
            [
              125.18541369100001,
              10.449902051000036
            ],
            [
              125.18538952700011,
              10.449875658000051
            ],
            [
              125.18538415600007,
              10.449865100000066
            ],
            [
              125.18537878200004,
              10.449843984000042
            ],
            [
              125.18537877600012,
              10.44981758600005
            ],
            [
              125.18538145800005,
              10.449807026000029
            ],
            [
              125.18539219100012,
              10.449785906000045
            ],
            [
              125.18539755500001,
              10.449764787000051
            ],
            [
              125.18539755200004,
              10.449754228000073
            ],
            [
              125.18539486600004,
              10.449743670000034
            ],
            [
              125.18537338200008,
              10.449701438000034
            ],
            [
              125.18536532800012,
              10.449696160000029
            ],
            [
              125.18533848000004,
              10.449669769000025
            ],
            [
              125.18533042500007,
              10.44965921100004
            ],
            [
              125.18531968300012,
              10.449638096000056
            ],
            [
              125.18531699600008,
              10.449627537000024
            ],
            [
              125.18531162500004,
              10.449616979000039
            ],
            [
              125.18530356600002,
              10.449585304000037
            ],
            [
              125.1852981950001,
              10.449574746000055
            ],
            [
              125.18529282200006,
              10.449553629000036
            ],
            [
              125.18527134100009,
              10.449524597000051
            ],
            [
              125.18526865500006,
              10.449514038000073
            ],
            [
              125.18526328400004,
              10.44950348000003
            ],
            [
              125.18526059700002,
              10.449492921000056
            ],
            [
              125.18526059300008,
              10.44947180400004
            ],
            [
              125.18525253200006,
              10.449437489000047
            ],
            [
              125.18524716100002,
              10.44942693100006
            ],
            [
              125.18523910600005,
              10.449416374000064
            ],
            [
              125.18521762800003,
              10.449400540000056
            ],
            [
              125.18520688700006,
              10.449379424000025
            ],
            [
              125.1851988320001,
              10.449368867000034
            ],
            [
              125.18519077500002,
              10.449347751000062
            ],
            [
              125.185182714,
              10.449316075000066
            ],
            [
              125.18517734400008,
              10.449305518000074
            ],
            [
              125.18516659700003,
              10.449263284000038
            ],
            [
              125.18515316900005,
              10.449231610000027
            ],
            [
              125.18514779600004,
              10.449210493000065
            ],
            [
              125.18512093900006,
              10.449147145000037
            ],
            [
              125.18511825300006,
              10.449136586000067
            ],
            [
              125.18509676900011,
              10.449094355000053
            ],
            [
              125.18508871400002,
              10.44908379700007
            ],
            [
              125.18508602700001,
              10.449073239000027
            ],
            [
              125.18507260100012,
              10.449049484000057
            ],
            [
              125.18504843000007,
              10.44899141400003
            ],
            [
              125.18504305700003,
              10.448970297000074
            ],
            [
              125.18501620200004,
              10.448917508000022
            ],
            [
              125.18500814800007,
              10.448909590000026
            ],
            [
              125.18498666400002,
              10.448867359000076
            ],
            [
              125.18498397800012,
              10.448856800000042
            ],
            [
              125.18498397500001,
              10.44884360200007
            ],
            [
              125.18489080000006,
              10.448594384000046
            ],
            [
              125.18480594800009,
              10.44840556300005
            ],
            [
              125.18475837300002,
              10.448277467000024
            ],
            [
              125.18473956700007,
              10.448203557000054
            ],
            [
              125.18473956500009,
              10.448192998000025
            ],
            [
              125.18473419200008,
              10.448171882000054
            ],
            [
              125.18473418400004,
              10.448137565000025
            ],
            [
              125.184731498,
              10.448127006000046
            ],
            [
              125.18473148400005,
              10.448066292000021
            ],
            [
              125.18472879800004,
              10.448055734000036
            ],
            [
              125.18472878500008,
              10.447995019000073
            ],
            [
              125.18476100100008,
              10.447758372000065
            ],
            [
              125.18478769700006,
              10.447350027000025
            ],
            [
              125.18479841300008,
              10.447252354000057
            ],
            [
              125.18482256200002,
              10.447212129000036
            ],
            [
              125.18482256000004,
              10.44720157000006
            ],
            [
              125.18481718500006,
              10.447169895000057
            ],
            [
              125.18485846600004,
              10.447090889000036
            ],
            [
              125.18486966000012,
              10.447053119000033
            ],
            [
              125.18488405300002,
              10.447013775000071
            ],
            [
              125.18490644700013,
              10.44697600200004
            ],
            [
              125.18491444000006,
              10.446939806000046
            ],
            [
              125.18492083700005,
              10.446922494000034
            ],
            [
              125.18492403400013,
              10.44690990500004
            ],
            [
              125.184927226,
              10.44686426800007
            ],
            [
              125.1849304210001,
              10.446843810000072
            ],
            [
              125.18497810900008,
              10.446575342000072
            ],
            [
              125.18495116400004,
              10.44657584400005
            ],
            [
              125.18496230100004,
              10.446283141000036
            ],
            [
              125.18496229200004,
              10.446240652000029
            ],
            [
              125.18496708700002,
              10.44621704600007
            ],
            [
              125.18495650900002,
              10.445998062000058
            ],
            [
              125.18494843900011,
              10.445918872000048
            ],
            [
              125.18493500200009,
              10.445847034000053
            ],
            [
              125.18493179100007,
              10.445798251000042
            ],
            [
              125.18494138400001,
              10.445758908000073
            ],
            [
              125.18495577500006,
              10.445711695000057
            ],
            [
              125.18496180800001,
              10.445683389000067
            ],
            [
              125.1849779060001,
              10.445646429000018
            ],
            [
              125.18497790300012,
              10.445633230000055
            ],
            [
              125.1849725300001,
              10.445612113000038
            ],
            [
              125.18496715800005,
              10.445598915000062
            ],
            [
              125.1849591030001,
              10.445588358000064
            ],
            [
              125.18495641800007,
              10.445580439000025
            ],
            [
              125.18493225200007,
              10.445548767000046
            ],
            [
              125.1849215090001,
              10.445517093000033
            ],
            [
              125.18492150600004,
              10.44550653400006
            ],
            [
              125.18492418900007,
              10.445495974000037
            ],
            [
              125.1849241750001,
              10.445435260000068
            ],
            [
              125.18492685700006,
              10.445424700000046
            ],
            [
              125.18492685400008,
              10.445414141000073
            ],
            [
              125.184967076,
              10.445204658000023
            ],
            [
              125.18497309100006,
              10.445161203000051
            ],
            [
              125.184981117,
              10.44512564800004
            ],
            [
              125.18498512700012,
              10.445090095000069
            ],
            [
              125.18498511400003,
              10.445030839000028
            ],
            [
              125.18498711600012,
              10.44500516100004
            ],
            [
              125.1849951390001,
              10.444955781000031
            ],
            [
              125.18499714200004,
              10.444930103000047
            ],
            [
              125.18499311600009,
              10.44488665000006
            ],
            [
              125.18499311300002,
              10.444870849000038
            ],
            [
              125.18500113800008,
              10.444833319000054
            ],
            [
              125.1850051450001,
              10.444789864000027
            ],
            [
              125.18501116600008,
              10.444770111000025
            ],
            [
              125.18501718900008,
              10.444758259000025
            ],
            [
              125.18502320900006,
              10.444732580000046
            ],
            [
              125.18504127800009,
              10.444695048000026
            ],
            [
              125.18504930800009,
              10.444683195000037
            ],
            [
              125.18507741100008,
              10.444616033000045
            ],
            [
              125.18509347300004,
              10.444590352000034
            ],
            [
              125.18510752900009,
              10.444572573000073
            ],
            [
              125.18511555900011,
              10.444554794000055
            ],
            [
              125.18512961400005,
              10.444538990000067
            ],
            [
              125.18514361100006,
              10.444502810000078
            ],
            [
              125.18514963100007,
              10.444481082000037
            ],
            [
              125.18516970700011,
              10.44444157400005
            ],
            [
              125.18517372100007,
              10.444427747000077
            ],
            [
              125.18518376000009,
              10.444411943000034
            ],
            [
              125.1851998190001,
              10.444374412000059
            ],
            [
              125.18521588100009,
              10.444348732000037
            ],
            [
              125.18523394800003,
              10.444309224000051
            ],
            [
              125.18524197500007,
              10.444277620000035
            ],
            [
              125.18525803800003,
              10.444255890000024
            ],
            [
              125.18526405700004,
              10.44422823600007
            ],
            [
              125.18526204700004,
              10.444218360000034
            ],
            [
              125.18526204400007,
              10.444206509000026
            ],
            [
              125.18526605700002,
              10.444190707000075
            ],
            [
              125.18527609500006,
              10.444168978000048
            ],
            [
              125.18528411900003,
              10.444123548000052
            ],
            [
              125.18529014200011,
              10.44410972000003
            ],
            [
              125.1853142330001,
              10.444066261000046
            ],
            [
              125.18532627700007,
              10.444038606000051
            ],
            [
              125.1853463560001,
              10.444012925000038
            ],
            [
              125.18535639400012,
              10.443995145000029
            ],
            [
              125.18537848300002,
              10.443975389000059
            ],
            [
              125.18539856100004,
              10.443947733000071
            ],
            [
              125.18541462000009,
              10.443908226000074
            ],
            [
              125.18542265200006,
              10.443900323000037
            ],
            [
              125.18543068300004,
              10.443888470000044
            ],
            [
              125.1854447380001,
              10.443866740000033
            ],
            [
              125.18545076000011,
              10.443852913000057
            ],
            [
              125.18547485600006,
              10.443829206000036
            ],
            [
              125.18548288700003,
              10.443817353000044
            ],
            [
              125.18550497600006,
              10.443797596000026
            ],
            [
              125.18552104300011,
              10.443793642000058
            ],
            [
              125.18552305100002,
              10.443791667000026
            ],
            [
              125.18553797000006,
              10.443787033000037
            ],
            [
              125.18555804800009,
              10.443761351000033
            ],
            [
              125.18558616200005,
              10.44374159400007
            ],
            [
              125.18563435300008,
              10.443688254000051
            ],
            [
              125.18567450900004,
              10.44363096500007
            ],
            [
              125.18568253900003,
              10.443617137000048
            ],
            [
              125.18569659100001,
              10.443583556000021
            ],
            [
              125.1857006050001,
              10.443569729000046
            ],
            [
              125.18572068000005,
              10.443530222000051
            ],
            [
              125.18573072000004,
              10.443520343000046
            ],
            [
              125.18574075900007,
              10.443502565000074
            ],
            [
              125.18574678300001,
              10.443496638000056
            ],
            [
              125.185756824,
              10.443492685000026
            ],
            [
              125.18576686500012,
              10.44348478300003
            ],
            [
              125.18577489600013,
              10.443472930000041
            ],
            [
              125.18578493400003,
              10.443453176000052
            ],
            [
              125.18579296600001,
              10.443445274000055
            ],
            [
              125.18580501700002,
              10.443447246000058
            ],
            [
              125.18581104300006,
              10.443451195000023
            ],
            [
              125.18581907600002,
              10.443447243000037
            ],
            [
              125.18582911700003,
              10.443441315000031
            ],
            [
              125.18583514000012,
              10.443433413000031
            ],
            [
              125.18587731100001,
              10.443405752000047
            ],
            [
              125.18591345700008,
              10.443378092000046
            ],
            [
              125.18593354000006,
              10.44337216200006
            ],
            [
              125.18593956400002,
              10.443362285000033
            ],
            [
              125.18593755300003,
              10.443352409000056
            ],
            [
              125.18595160600012,
              10.443326729000033
            ],
            [
              125.18596566300006,
              10.443314875000054
            ],
            [
              125.1860058210001,
              10.443265487000076
            ],
            [
              125.18603795000001,
              10.443235852000043
            ],
            [
              125.18604999900003,
              10.443229924000038
            ],
            [
              125.18607007900005,
              10.443208192000041
            ],
            [
              125.1861062270001,
              10.44319040800002
            ],
            [
              125.18613032400005,
              10.443170651000061
            ],
            [
              125.18614237400004,
              10.443166698000026
            ],
            [
              125.1861604500001,
              10.44316669400007
            ],
            [
              125.18617651700005,
              10.443162740000048
            ],
            [
              125.18619057200011,
              10.44314496000004
            ],
            [
              125.18620261800004,
              10.443125206000046
            ],
            [
              125.18621265800006,
              10.443115328000031
            ],
            [
              125.18622671600006,
              10.44310742400006
            ],
            [
              125.18624015000012,
              10.443088019000072
            ],
            [
              125.18624818400008,
              10.443088017000036
            ],
            [
              125.1862602330001,
              10.443082089000027
            ],
            [
              125.18626625400009,
              10.443062336000022
            ],
            [
              125.18627227900002,
              10.443054434000032
            ],
            [
              125.18628031000003,
              10.443048506000027
            ],
            [
              125.18630441100004,
              10.443044551000071
            ],
            [
              125.18631044100005,
              10.443066276000025
            ],
            [
              125.18631445900007,
              10.44307417600004
            ],
            [
              125.1863305290001,
              10.443078123000019
            ],
            [
              125.1863405690001,
              10.443074170000045
            ],
            [
              125.18634903800012,
              10.443053998000037
            ],
            [
              125.18635104700002,
              10.443053998000039
            ],
            [
              125.1863570710001,
              10.44304807100002
            ],
            [
              125.18636108600005,
              10.443040170000078
            ],
            [
              125.18635907500006,
              10.443028319000064
            ],
            [
              125.186353047,
              10.443018445000064
            ],
            [
              125.18636509500004,
              10.443004616000053
            ],
            [
              125.18637312700001,
              10.442998688000047
            ],
            [
              125.18638316900002,
              10.44299473600006
            ],
            [
              125.18639321000013,
              10.442992759000047
            ],
            [
              125.18640727000003,
              10.442994731000056
            ],
            [
              125.1864273540001,
              10.44299472600005
            ],
            [
              125.18644141200002,
              10.442990773000076
            ],
            [
              125.18645747800008,
              10.442982869000048
            ],
            [
              125.18646550900009,
              10.442969041000026
            ],
            [
              125.18647554800009,
              10.442957188000037
            ],
            [
              125.18649964600002,
              10.442939406000047
            ],
            [
              125.18653177300007,
              10.442905821000068
            ],
            [
              125.18655385800002,
              10.442870263000032
            ],
            [
              125.18657193100012,
              10.442858408000061
            ],
            [
              125.18659201100002,
              10.442838652000033
            ],
            [
              125.18661209300002,
              10.442826797000066
            ],
            [
              125.186624144,
              10.44282679400004
            ],
            [
              125.18664021200004,
              10.442830741000021
            ],
            [
              125.1866582880001,
              10.442830737000065
            ],
            [
              125.1866783710001,
              10.442824807000024
            ],
            [
              125.18672657200013,
              10.44281689600007
            ],
            [
              125.18674263800006,
              10.442812942000046
            ],
            [
              125.18675067100004,
              10.442808990000062
            ],
            [
              125.18675066800007,
              10.442795164000076
            ],
            [
              125.18667233300005,
              10.442769504000067
            ],
            [
              125.18668036500003,
              10.44275962600005
            ],
            [
              125.18670647100011,
              10.44274184400007
            ],
            [
              125.18672052900001,
              10.44273591500007
            ],
            [
              125.18672655200011,
              10.442729988000053
            ],
            [
              125.1867365910001,
              10.442714185000055
            ],
            [
              125.18674261100011,
              10.442690481000053
            ],
            [
              125.18677876100003,
              10.442678622000074
            ],
            [
              125.1867948260001,
              10.442668743000072
            ],
            [
              125.18679883800006,
              10.442648990000068
            ],
            [
              125.18678276900006,
              10.442641093000077
            ],
            [
              125.18679481500011,
              10.442621339000029
            ],
            [
              125.1868048550001,
              10.44261146100007
            ],
            [
              125.18682653100007,
              10.442616517000035
            ],
            [
              125.18685671300011,
              10.442618654000055
            ],
            [
              125.18688804300007,
              10.442618647000074
            ],
            [
              125.18689744200002,
              10.442620185000065
            ],
            [
              125.186902142,
              10.442623266000053
            ],
            [
              125.18690997400006,
              10.442620183000033
            ],
            [
              125.18691310400004,
              10.442606317000068
            ],
            [
              125.18691937000007,
              10.442604775000063
            ],
            [
              125.18694913700004,
              10.442620175000055
            ],
            [
              125.18697890000008,
              10.442618627000058
            ],
            [
              125.18698673200005,
              10.442615545000024
            ],
            [
              125.18700083000012,
              10.442614001000038
            ],
            [
              125.18701962800003,
              10.44261553700005
            ],
            [
              125.18704312500006,
              10.442612451000057
            ],
            [
              125.187057223,
              10.442612448000032
            ],
            [
              125.18706975400004,
              10.442604743000059
            ],
            [
              125.18707445100007,
              10.442597039000079
            ],
            [
              125.18707288200005,
              10.442586255000034
            ],
            [
              125.18707757900007,
              10.442575470000065
            ],
            [
              125.18708384500006,
              10.442572388000032
            ],
            [
              125.18709794400003,
              10.442573925000035
            ],
            [
              125.18710420900005,
              10.442570843000055
            ],
            [
              125.18711360500004,
              10.442560057000037
            ],
            [
              125.18712300300002,
              10.44255543300005
            ],
            [
              125.18716216400003,
              10.442547722000025
            ],
            [
              125.1871762630001,
              10.44254771900006
            ],
            [
              125.18721542700008,
              10.442555413000033
            ],
            [
              125.18725772200003,
              10.442553863000057
            ],
            [
              125.18726712200011,
              10.442560023000054
            ],
            [
              125.1872780880001,
              10.442560021000078
            ],
            [
              125.18731724800011,
              10.442552309000064
            ],
            [
              125.18732508000004,
              10.442547686000069
            ],
            [
              125.18733760900012,
              10.44253381800007
            ],
            [
              125.1873360400001,
              10.442524575000048
            ],
            [
              125.18732977200011,
              10.442515333000074
            ],
            [
              125.18732820300012,
              10.442506090000052
            ],
            [
              125.18732976800004,
              10.442499928000075
            ],
            [
              125.18732036600011,
              10.442479903000045
            ],
            [
              125.18734855600009,
              10.442453707000027
            ],
            [
              125.18736892000004,
              10.442450622000024
            ],
            [
              125.187383016,
              10.442442916000061
            ],
            [
              125.18739397900005,
              10.442430589000024
            ],
            [
              125.18739867600004,
              10.442421344000024
            ],
            [
              125.18740494100007,
              10.442416722000075
            ],
            [
              125.18742843600012,
              10.442405932000042
            ],
            [
              125.18745819700007,
              10.442387439000074
            ],
            [
              125.1874863920001,
              10.44238281100007
            ],
            [
              125.18750518700006,
              10.442373564000036
            ],
            [
              125.18751615100007,
              10.442365859000063
            ],
            [
              125.1875490450001,
              10.44235506800004
            ],
            [
              125.18756941000004,
              10.442358144000025
            ],
            [
              125.18757880900013,
              10.442356602000073
            ],
            [
              125.18759447100003,
              10.44234427300006
            ],
            [
              125.1876195330001,
              10.442333485000061
            ],
            [
              125.18764303000013,
              10.442333479000071
            ],
            [
              125.18764772900012,
              10.442328857000064
            ],
            [
              125.1876461600001,
              10.44231961400004
            ],
            [
              125.18765242400002,
              10.44231036900004
            ],
            [
              125.18766338900002,
              10.442307286000073
            ],
            [
              125.18767592200005,
              10.44230728300005
            ],
            [
              125.18768218500009,
              10.44229957900006
            ],
            [
              125.18768374900004,
              10.442288794000035
            ],
            [
              125.18767278200006,
              10.442282635000025
            ],
            [
              125.18766495000011,
              10.442284177000033
            ],
            [
              125.18765555100005,
              10.44228263800005
            ],
            [
              125.18765084800009,
              10.44226723400004
            ],
            [
              125.18764927400002,
              10.442236423000054
            ],
            [
              125.1876461380001,
              10.442224099000045
            ],
            [
              125.18763517100001,
              10.44221023700004
            ],
            [
              125.18759912300004,
              10.442133217000048
            ],
            [
              125.18756778800002,
              10.442114737000054
            ],
            [
              125.18753645600009,
              10.44209933900004
            ],
            [
              125.18752705300007,
              10.442087016000073
            ],
            [
              125.18752861700013,
              10.442076232000034
            ],
            [
              125.18753488100003,
              10.442066988000018
            ],
            [
              125.18754741100007,
              10.442056201000067
            ],
            [
              125.18756151000004,
              10.442059279000032
            ],
            [
              125.18756620800002,
              10.44205311600007
            ],
            [
              125.18756150500008,
              10.442036171000044
            ],
            [
              125.18756463200009,
              10.442013062000058
            ],
            [
              125.18756306400007,
              10.442003819000032
            ],
            [
              125.18755522700008,
              10.441986874000067
            ],
            [
              125.18751762600006,
              10.441957612000067
            ],
            [
              125.18750822400013,
              10.44194837100002
            ],
            [
              125.18750352200004,
              10.441940669000076
            ],
            [
              125.18749255600005,
              10.441936050000038
            ],
            [
              125.18748002400001,
              10.441936053000063
            ],
            [
              125.18746592100001,
              10.441917569000054
            ],
            [
              125.18745652100006,
              10.441911409000054
            ],
            [
              125.187437724,
              10.441914494000057
            ],
            [
              125.18743145800009,
              10.441917577000025
            ],
            [
              125.18742675900012,
              10.44191757800007
            ],
            [
              125.18741579100003,
              10.44190833700003
            ],
            [
              125.18739542800007,
              10.441912963000048
            ],
            [
              125.1873844600001,
              10.441902182000034
            ],
            [
              125.18737662700005,
              10.441899102000038
            ],
            [
              125.1873625300001,
              10.441906808000056
            ],
            [
              125.18735626700004,
              10.441919134000043
            ],
            [
              125.18734373800011,
              10.44193300200004
            ],
            [
              125.18733904100009,
              10.441942246000051
            ],
            [
              125.18733277700005,
              10.441949950000037
            ],
            [
              125.18732337900009,
              10.44195611400005
            ],
            [
              125.18731711800001,
              10.44197922400002
            ],
            [
              125.18730928600007,
              10.441979226000058
            ],
            [
              125.1872936220001,
              10.441985391000058
            ],
            [
              125.18728735800003,
              10.441991555000072
            ],
            [
              125.18727325900011,
              10.44199001800007
            ],
            [
              125.1872622950001,
              10.441993101000037
            ],
            [
              125.18724819800002,
              10.44200388800004
            ],
            [
              125.1872200020001,
              10.442006975000028
            ],
            [
              125.18720747100006,
              10.442011600000056
            ],
            [
              125.18718867700012,
              10.442028550000032
            ],
            [
              125.18716987900008,
              10.442030095000064
            ],
            [
              125.18715891300009,
              10.44202855700007
            ],
            [
              125.18714794900005,
              10.442033181000058
            ],
            [
              125.18713855400006,
              10.442050129000052
            ],
            [
              125.18712445800008,
              10.442062456000029
            ],
            [
              125.18711662600002,
              10.442065539000057
            ],
            [
              125.18710916800002,
              10.442064807000065
            ],
            [
              125.18710746800004,
              10.442054787000073
            ],
            [
              125.18709897400004,
              10.442040526000026
            ],
            [
              125.18709388000002,
              10.442043868000042
            ],
            [
              125.18708878100004,
              10.442027168000038
            ],
            [
              125.1870904770001,
              10.44201547700004
            ],
            [
              125.18709387200012,
              10.442008795000046
            ],
            [
              125.18709726500005,
              10.441995434000033
            ],
            [
              125.18709386500007,
              10.441977063000024
            ],
            [
              125.18708367000012,
              10.441952013000048
            ],
            [
              125.18708196500008,
              10.441925292000066
            ],
            [
              125.18707686700009,
              10.441908592000061
            ],
            [
              125.18707855900004,
              10.441878530000054
            ],
            [
              125.18707515700011,
              10.441856819000066
            ],
            [
              125.18707175800012,
              10.44184512900006
            ],
            [
              125.18706326400002,
              10.44183177000002
            ],
            [
              125.18705986500004,
              10.441823421000038
            ],
            [
              125.18705816400005,
              10.441808390000064
            ],
            [
              125.18705985200006,
              10.44176496700004
            ],
            [
              125.18705645300008,
              10.441753277000032
            ],
            [
              125.1870632360001,
              10.441709853000077
            ],
            [
              125.18705983600012,
              10.441693153000074
            ],
            [
              125.18706323000005,
              10.441683131000046
            ],
            [
              125.187071724,
              10.441698160000044
            ],
            [
              125.18707851500007,
              10.441688138000075
            ],
            [
              125.18707851300009,
              10.441679788000044
            ],
            [
              125.1870768120001,
              10.441668097000047
            ],
            [
              125.18705642200008,
              10.441617999000073
            ],
            [
              125.18705471900012,
              10.441596288000026
            ],
            [
              125.1870411230001,
              10.441551198000068
            ],
            [
              125.18702512900006,
              10.441441413000064
            ],
            [
              125.18701693400008,
              10.441399163000028
            ],
            [
              125.1870013680001,
              10.441257509000025
            ],
            [
              125.1870041720001,
              10.441164458000062
            ],
            [
              125.18700881300003,
              10.441132452000032
            ],
            [
              125.18701384300006,
              10.441122552000023
            ],
            [
              125.18701384200007,
              10.441112653000063
            ],
            [
              125.18701887200007,
              10.441102754000045
            ],
            [
              125.18702641400013,
              10.44107305600005
            ],
            [
              125.18703647500003,
              10.44105325600003
            ],
            [
              125.18705408700008,
              10.441043354000042
            ],
            [
              125.18706415300004,
              10.441045826000051
            ],
            [
              125.18708176900009,
              10.441055721000051
            ],
            [
              125.18709183600004,
              10.441063143000061
            ],
            [
              125.18710693800006,
              10.441077988000073
            ],
            [
              125.18711700400002,
              10.44108293500005
            ],
            [
              125.1871295860001,
              10.441082932000027
            ],
            [
              125.18713965000008,
              10.441080455000078
            ],
            [
              125.18714971400004,
              10.44107302900005
            ],
            [
              125.18715977800002,
              10.44106807700007
            ],
            [
              125.187172357,
              10.441053227000054
            ],
            [
              125.18716983800006,
              10.44104332900002
            ],
            [
              125.18716228700009,
              10.441033432000038
            ],
            [
              125.18713711800001,
              10.441011165000075
            ],
            [
              125.18713208400004,
              10.441001268000036
            ],
            [
              125.18713711200007,
              10.44098146900006
            ],
            [
              125.18714214200008,
              10.440971569000057
            ],
            [
              125.18715723800004,
              10.44095671800005
            ],
            [
              125.18717484800004,
              10.440944341000032
            ],
            [
              125.18717987600006,
              10.440924543000051
            ],
            [
              125.18717484200012,
              10.44091464500002
            ],
            [
              125.18716729000005,
              10.440904748000037
            ],
            [
              125.18715974000008,
              10.440897326000027
            ],
            [
              125.18713960800005,
              10.440892381000024
            ],
            [
              125.1871295410001,
              10.440887434000043
            ],
            [
              125.1870943130001,
              10.44088991600006
            ],
            [
              125.1870867660001,
              10.440894867000054
            ],
            [
              125.18707670100002,
              10.44089734400006
            ],
            [
              125.18705657200007,
              10.440907247000043
            ],
            [
              125.18701883300004,
              10.440932002000066
            ],
            [
              125.18699870500006,
              10.440941905000045
            ],
            [
              125.1869886400001,
              10.440944382000056
            ],
            [
              125.18697605800004,
              10.440944384000034
            ],
            [
              125.18694586100003,
              10.440939442000058
            ],
            [
              125.18692069800011,
              10.440939447000062
            ],
            [
              125.18691063400001,
              10.44094192400007
            ],
            [
              125.18690056800006,
              10.440941926000047
            ],
            [
              125.18687036900008,
              10.44092955900004
            ],
            [
              125.18686030300012,
              10.440927087000036
            ],
            [
              125.18684017300006,
              10.440927091000049
            ],
            [
              125.18680997800003,
              10.440932046000057
            ],
            [
              125.18676720000009,
              10.440932057000053
            ],
            [
              125.1867214770001,
              10.440921150000065
            ],
            [
              125.18669261100003,
              10.44090696300003
            ],
            [
              125.18668298900003,
              10.440904600000064
            ],
            [
              125.18667336900012,
              10.440906968000037
            ],
            [
              125.18664450900008,
              10.440921166000065
            ],
            [
              125.18661564700005,
              10.44092826900004
            ],
            [
              125.18660602600005,
              10.440928271000073
            ],
            [
              125.18659640600005,
              10.440930639000044
            ],
            [
              125.18657235400006,
              10.440930644000046
            ],
            [
              125.1865627320001,
              10.440928280000035
            ],
            [
              125.18655070600006,
              10.44092828300006
            ],
            [
              125.18651943700002,
              10.440923559000053
            ],
            [
              125.18650741000012,
              10.440923562000023
            ],
            [
              125.18648335600005,
              10.440918836000035
            ],
            [
              125.18641600100013,
              10.440883369000058
            ],
            [
              125.18637751100005,
              10.440857358000073
            ],
            [
              125.18634624000003,
              10.440843172000026
            ],
            [
              125.18633902400006,
              10.440838443000077
            ],
            [
              125.18630775100009,
              10.44081479500005
            ],
            [
              125.18628609800008,
              10.440793511000034
            ],
            [
              125.186257231,
              10.440776959000061
            ],
            [
              125.18624760800004,
              10.44076750000005
            ],
            [
              125.18623558000002,
              10.440760405000047
            ],
            [
              125.18616822100012,
              10.440708381000038
            ],
            [
              125.18613935100007,
              10.440680002000022
            ],
            [
              125.1861225120001,
              10.440668178000067
            ],
            [
              125.18611529400005,
              10.440661084000054
            ],
            [
              125.18609123500005,
              10.44063270400005
            ],
            [
              125.18606236700008,
              10.440611421000028
            ],
            [
              125.18605515000002,
              10.440601961000029
            ],
            [
              125.1860407150001,
              10.440587771000024
            ],
            [
              125.18603109200002,
              10.44058067700007
            ],
            [
              125.18602628000009,
              10.44057358200007
            ],
            [
              125.18599981700005,
              10.440549933000057
            ],
            [
              125.18599019400007,
              10.440545204000047
            ],
            [
              125.18598297700011,
              10.440538109000045
            ],
            [
              125.18596373200012,
              10.44052392100002
            ],
            [
              125.18594689100009,
              10.440507366000077
            ],
            [
              125.18592042900003,
              10.440488448000055
            ],
            [
              125.18591321300006,
              10.440481354000042
            ],
            [
              125.18590118400004,
              10.440474260000029
            ],
            [
              125.1858939660001,
              10.44046716500003
            ],
            [
              125.18587472200011,
              10.440452976000072
            ],
            [
              125.18584103900002,
              10.44041986700006
            ],
            [
              125.18581938600006,
              10.440393852000058
            ],
            [
              125.18580495100002,
              10.440379662000055
            ],
            [
              125.18578570500007,
              10.440363107000055
            ],
            [
              125.18577367700004,
              10.440356015000079
            ],
            [
              125.18576405300007,
              10.440344189000028
            ],
            [
              125.18573999500006,
              10.440320540000071
            ],
            [
              125.18573277700011,
              10.44031108000007
            ],
            [
              125.1857279640001,
              10.440301619000023
            ],
            [
              125.18572074700013,
              10.440294524000024
            ],
            [
              125.18570630800002,
              10.440263776000052
            ],
            [
              125.18570149600009,
              10.440256681000053
            ],
            [
              125.18568884900004,
              10.440219020000029
            ],
            [
              125.18568396800003,
              10.440211023000076
            ],
            [
              125.1856774600001,
              10.440204626000023
            ],
            [
              125.18566606900004,
              10.440179036000073
            ],
            [
              125.18565793100004,
              10.44015184500006
            ],
            [
              125.18565630100011,
              10.440139049000036
            ],
            [
              125.18564653300005,
              10.440099062000058
            ],
            [
              125.18563514300001,
              10.440078270000074
            ],
            [
              125.18561724300002,
              10.440038285000071
            ],
            [
              125.18558470300003,
              10.439991905000058
            ],
            [
              125.18557493900005,
              10.439968813000062
            ],
            [
              125.1855440280001,
              10.43993362900005
            ],
            [
              125.18552613000007,
              10.43990324200007
            ],
            [
              125.1855131110001,
              10.439874452000026
            ],
            [
              125.18549684000004,
              10.439844064000054
            ],
            [
              125.18548870600011,
              10.439831269000024
            ],
            [
              125.18547243500007,
              10.439812078000044
            ],
            [
              125.18544315200005,
              10.439781693000043
            ],
            [
              125.18542200000002,
              10.439748106000025
            ],
            [
              125.18540898500008,
              10.439732113000044
            ],
            [
              125.18538620900004,
              10.439709724000068
            ],
            [
              125.18536506200007,
              10.43969693300005
            ],
            [
              125.18534228500005,
              10.439669745000058
            ],
            [
              125.18532764000008,
              10.43963935600004
            ],
            [
              125.18531787800009,
              10.439626562000058
            ],
            [
              125.18530323400013,
              10.439600972000047
            ],
            [
              125.18529510000008,
              10.439594576000049
            ],
            [
              125.18527069400011,
              10.439556191000062
            ],
            [
              125.18525280000006,
              10.439541799000038
            ],
            [
              125.18523816000004,
              10.43953700400004
            ],
            [
              125.1852316510001,
              10.43951941000006
            ],
            [
              125.18523327200012,
              10.439495416000057
            ],
            [
              125.18523977500001,
              10.439484218000073
            ],
            [
              125.18525766300003,
              10.439461820000076
            ],
            [
              125.18527459900008,
              10.439426970000056
            ],
            [
              125.18529027400008,
              10.439401731000032
            ],
            [
              125.18541723300008,
              10.43915643300005
            ],
            [
              125.18543773900002,
              10.439156429000034
            ],
            [
              125.18551251700002,
              10.439031106000073
            ],
            [
              125.18550260100005,
              10.439018947000024
            ],
            [
              125.18549677300008,
              10.439014903000043
            ],
            [
              125.18548121600008,
              10.439011943000024
            ],
            [
              125.185464108,
              10.439004936000059
            ],
            [
              125.18545555300011,
              10.43899933000006
            ],
            [
              125.18544557200003,
              10.438989519000076
            ],
            [
              125.18543416400007,
              10.438972697000056
            ],
            [
              125.18540230900011,
              10.438947307000035
            ],
            [
              125.1853426020001,
              10.439026547000024
            ],
            [
              125.18535788400004,
              10.439042935000028
            ],
            [
              125.18530511800009,
              10.439110561000064
            ],
            [
              125.18531484600011,
              10.439131048000036
            ],
            [
              125.18529887800004,
              10.439155639000035
            ],
            [
              125.18529193700012,
              10.439174764000027
            ],
            [
              125.18528430100004,
              10.439189108000049
            ],
            [
              125.18527527900005,
              10.439215063000063
            ],
            [
              125.18526833500006,
              10.439220529000066
            ],
            [
              125.18524194400004,
              10.439216436000038
            ],
            [
              125.18522111000006,
              10.439217806000041
            ],
            [
              125.18520930500007,
              10.43922122400005
            ],
            [
              125.18520444500007,
              10.439226006000068
            ],
            [
              125.18520097500006,
              10.439236935000054
            ],
            [
              125.18521140100006,
              10.439278594000031
            ],
            [
              125.18520932100012,
              10.439293620000058
            ],
            [
              125.18519057800005,
              10.439328456000055
            ],
            [
              125.18514629000003,
              10.439396154000063
            ],
            [
              125.18508903200006,
              10.439339543000075
            ],
            [
              125.18507840400004,
              10.439334319000068
            ],
            [
              125.18507308900007,
              10.43932648200007
            ],
            [
              125.18505448800009,
              10.439310809000064
            ],
            [
              125.18504386000006,
              10.439308199000038
            ],
            [
              125.18503323300001,
              10.439308201000074
            ],
            [
              125.18499072900012,
              10.439329112000049
            ],
            [
              125.18498010200005,
              10.439331727000022
            ],
            [
              125.18496947500012,
              10.43933172900006
            ],
            [
              125.18491633400005,
              10.439308226000037
            ],
            [
              125.18490570700011,
              10.439305614000034
            ],
            [
              125.18486850600006,
              10.439282108000041
            ],
            [
              125.18484725000008,
              10.43927166100002
            ],
            [
              125.18483662200005,
              10.439269051000053
            ],
            [
              125.1848259950001,
              10.439271666000021
            ],
            [
              125.18481536900005,
              10.439276893000054
            ],
            [
              125.18480740100006,
              10.439284733000024
            ],
            [
              125.18479943100012,
              10.43928734800005
            ],
            [
              125.18473566500006,
              10.439271685000051
            ],
            [
              125.184725038,
              10.43927168700003
            ],
            [
              125.18471441100007,
              10.439274302000056
            ],
            [
              125.18470644300011,
              10.439282142000023
            ],
            [
              125.1847011340001,
              10.439303045000031
            ],
            [
              125.18469582300008,
              10.439313498000049
            ],
            [
              125.18468785400012,
              10.43932133800007
            ],
            [
              125.18467722700008,
              10.439323953000041
            ],
            [
              125.1846559710001,
              10.439313506000074
            ],
            [
              125.18464534200008,
              10.439305670000065
            ],
            [
              125.18462408700009,
              10.439300449000028
            ],
            [
              125.18461346000004,
              10.439300451000065
            ],
            [
              125.18460548900009,
              10.439297840000052
            ],
            [
              125.18458954800009,
              10.439297843000078
            ],
            [
              125.18457892100002,
              10.439295233000053
            ],
            [
              125.18455501100003,
              10.439295238000055
            ],
            [
              125.18453375500007,
              10.439290017000076
            ],
            [
              125.18449921700007,
              10.439290024000059
            ],
            [
              125.1844885900001,
              10.43929263900003
            ],
            [
              125.18446733700013,
              10.439292643000046
            ],
            [
              125.18445405400007,
              10.439295259000062
            ],
            [
              125.184430141,
              10.43929003800002
            ],
            [
              125.18441951400007,
              10.439290041000048
            ],
            [
              125.18439825800009,
              10.439284820000067
            ],
            [
              125.18438763100006,
              10.439284822000046
            ],
            [
              125.18436637600007,
              10.439279601000068
            ],
            [
              125.18435575000001,
              10.439279602000056
            ],
            [
              125.18434512200008,
              10.439276992000032
            ],
            [
              125.18433449500004,
              10.439276995000057
            ],
            [
              125.18432386900008,
              10.43928222200003
            ],
            [
              125.18431324200004,
              10.43928483700006
            ],
            [
              125.1843026150001,
              10.43928484000003
            ],
            [
              125.18429464300004,
              10.43927700300003
            ],
            [
              125.18428401200005,
              10.439256103000046
            ],
            [
              125.18427072400006,
              10.439237815000066
            ],
            [
              125.18425212400008,
              10.439224756000044
            ],
            [
              125.18421758500007,
              10.439219538000028
            ],
            [
              125.18420695600003,
              10.439211702000021
            ],
            [
              125.18419632900009,
              10.439206479000061
            ],
            [
              125.18418835600004,
              10.439198642000061
            ],
            [
              125.18417772800001,
              10.43919603100005
            ],
            [
              125.18416710200007,
              10.439198646000023
            ],
            [
              125.1841591330001,
              10.439206486000046
            ],
            [
              125.18415914200013,
              10.439240452000037
            ],
            [
              125.18415382900004,
              10.43925090500005
            ],
            [
              125.18414320400007,
              10.439256132000022
            ],
            [
              125.18411663600011,
              10.439256138000076
            ],
            [
              125.18410600800006,
              10.439253527000062
            ],
            [
              125.18407412700003,
              10.439250921000054
            ],
            [
              125.18405287400003,
              10.43925615100005
            ],
            [
              125.18401567900003,
              10.439256159000022
            ],
            [
              125.18398379700011,
              10.43924832700003
            ],
            [
              125.18395988600003,
              10.439248332000032
            ],
            [
              125.18394128600004,
              10.439235272000076
            ],
            [
              125.18392799800006,
              10.439216986000075
            ],
            [
              125.18390939700011,
              10.439201313000071
            ],
            [
              125.18388814100003,
              10.439190865000057
            ],
            [
              125.1838536030001,
              10.439190874000074
            ],
            [
              125.18384297600005,
              10.43918826300006
            ],
            [
              125.1838217200001,
              10.43917781600004
            ],
            [
              125.18381109100005,
              10.439169980000031
            ],
            [
              125.18380311900012,
              10.439162143000035
            ],
            [
              125.18379780400005,
              10.439154306000034
            ],
            [
              125.18378717500003,
              10.439146470000027
            ],
            [
              125.18377654700008,
              10.439141247000066
            ],
            [
              125.18376591900005,
              10.43913863600005
            ],
            [
              125.18375529200013,
              10.439138638000031
            ],
            [
              125.18374200800008,
              10.439136028000062
            ],
            [
              125.18372872400005,
              10.439136031000034
            ],
            [
              125.1836968460001,
              10.439151715000033
            ],
            [
              125.1836862240001,
              10.439172619000031
            ],
            [
              125.1836835690001,
              10.439183071000059
            ],
            [
              125.1836756010001,
              10.439193523000027
            ],
            [
              125.18366497500007,
              10.439196138000058
            ],
            [
              125.18365434800013,
              10.439196141000023
            ],
            [
              125.18364371900009,
              10.439188304000025
            ],
            [
              125.18361448600001,
              10.439149119000035
            ],
            [
              125.1836038580001,
              10.439143895000027
            ],
            [
              125.18357197600004,
              10.439136063000037
            ],
            [
              125.18356134900012,
              10.439136066000058
            ],
            [
              125.18355072200008,
              10.439138681000033
            ],
            [
              125.18354275400009,
              10.439149134000047
            ],
            [
              125.18353744300009,
              10.439159586000072
            ],
            [
              125.18352947400001,
              10.43916742600004
            ],
            [
              125.18347368500008,
              10.439180501000067
            ],
            [
              125.18346305800004,
              10.439177891000039
            ],
            [
              125.18344180100007,
              10.439167444000075
            ],
            [
              125.183431175,
              10.439164834000055
            ],
            [
              125.18341789000011,
              10.439164836000028
            ],
            [
              125.18340726300005,
              10.43916745100006
            ],
            [
              125.18338600900006,
              10.439167456000064
            ],
            [
              125.18337538200002,
              10.43916484500005
            ],
            [
              125.1833647530001,
              10.439159622000032
            ],
            [
              125.18333286600013,
              10.439128275000028
            ],
            [
              125.18332223700008,
              10.439123052000067
            ],
            [
              125.18331161100001,
              10.439120440000067
            ],
            [
              125.18330098300008,
              10.439120443000034
            ],
            [
              125.18329035600006,
              10.439123058000064
            ],
            [
              125.18328238800007,
              10.43913089800003
            ],
            [
              125.18327707600007,
              10.439141350000057
            ],
            [
              125.1832691080001,
              10.439149190000023
            ],
            [
              125.1832664530001,
              10.439159642000048
            ],
            [
              125.18325848500001,
              10.439170095000064
            ],
            [
              125.18324785900008,
              10.439170097000048
            ],
            [
              125.1832331380001,
              10.439165573000025
            ],
            [
              125.18322159900003,
              10.439152392000043
            ],
            [
              125.18320206600004,
              10.439152688000036
            ],
            [
              125.18318662000003,
              10.439164451000067
            ],
            [
              125.18316916000003,
              10.439172403000041
            ],
            [
              125.18315449200009,
              10.439161409000064
            ],
            [
              125.18314390000012,
              10.43915880700007
            ],
            [
              125.1831200690001,
              10.439158812000073
            ],
            [
              125.18310947800002,
              10.439161418000028
            ],
            [
              125.18309623800008,
              10.43916142100005
            ],
            [
              125.183022101,
              10.439179664000049
            ],
            [
              125.18298767800002,
              10.439179672000023
            ],
            [
              125.18290029300009,
              10.439161461000026
            ],
            [
              125.1828844060001,
              10.439161464000051
            ],
            [
              125.18285262900008,
              10.439153659000057
            ],
            [
              125.1828261500001,
              10.439153664000058
            ],
            [
              125.18281291000005,
              10.439151063000054
            ],
            [
              125.18275730399999,
              10.439151074000051
            ],
            [
              125.18272553100007,
              10.439158893000071
            ],
            [
              125.1827043510001,
              10.439166709000064
            ],
            [
              125.18269111100007,
              10.439169316000061
            ],
            [
              125.18266727900004,
              10.43916411300006
            ],
            [
              125.18265403800001,
              10.439158907000035
            ],
            [
              125.18261961200007,
              10.439140686000028
            ],
            [
              125.18256400100006,
              10.43911465700006
            ],
            [
              125.1825534080001,
              10.439112055000068
            ],
            [
              125.18252692700003,
              10.439101644000058
            ],
            [
              125.18251633500006,
              10.439099042000068
            ],
            [
              125.18250839100006,
              10.439099044000043
            ],
            [
              125.18248456100002,
              10.439104257000054
            ],
            [
              125.18243425100002,
              10.439104267000063
            ],
            [
              125.1824130660001,
              10.439093855000067
            ],
            [
              125.18240512000011,
              10.43908604400002
            ],
            [
              125.18239452800005,
              10.439080838000054
            ],
            [
              125.18237598900009,
              10.439065218000055
            ],
            [
              125.18236804300011,
              10.439052199000058
            ],
            [
              125.18236274300011,
              10.43903136800003
            ],
            [
              125.18236803600006,
              10.439018346000067
            ],
            [
              125.18237862700006,
              10.439015740000057
            ],
            [
              125.18238921900003,
              10.439018342000054
            ],
            [
              125.18240245800008,
              10.439018339000029
            ],
            [
              125.18241304900006,
              10.439013129000047
            ],
            [
              125.18241834200013,
              10.439002712000047
            ],
            [
              125.18241834000001,
              10.438989691000073
            ],
            [
              125.18241568900011,
              10.438979275000065
            ],
            [
              125.18241568700013,
              10.438968859000054
            ],
            [
              125.182407742,
              10.438958445000024
            ],
            [
              125.18236924500002,
              10.438936972000022
            ],
            [
              125.18233952199999,
              10.43891052300006
            ],
            [
              125.18232774200008,
              10.438906859000044
            ],
            [
              125.1823197770001,
              10.43889737300003
            ],
            [
              125.18231367600004,
              10.438882093000075
            ],
            [
              125.18230571300012,
              10.438872607000064
            ],
            [
              125.18229185700011,
              10.438861288000055
            ],
            [
              125.18228007700009,
              10.438857624000038
            ],
            [
              125.18226616200003,
              10.438842463000071
            ],
            [
              125.18225411000003,
              10.438821510000023
            ],
            [
              125.18224025600013,
              10.438810191000075
            ],
            [
              125.18222075200005,
              10.438812409000038
            ],
            [
              125.18217179800001,
              10.438805466000074
            ],
            [
              125.18216848700001,
              10.43879440200004
            ],
            [
              125.18215962100011,
              10.438777596000023
            ],
            [
              125.18215961900012,
              10.438768880000056
            ],
            [
              125.18216531500003,
              10.438764521000051
            ],
            [
              125.1821741770001,
              10.438762651000047
            ],
            [
              125.18219696500012,
              10.438762025000072
            ],
            [
              125.18220392700005,
              10.438754553000022
            ],
            [
              125.182206457,
              10.438747082000079
            ],
            [
              125.18220138900006,
              10.438728407000038
            ],
            [
              125.18218526800001,
              10.438721519000067
            ],
            [
              125.1821720280001,
              10.438721522000039
            ],
            [
              125.18215084700012,
              10.438731943000048
            ],
            [
              125.18214025400005,
              10.43872413300005
            ],
            [
              125.18211906200008,
              10.438682472000039
            ],
            [
              125.18211641200004,
              10.43867205600003
            ],
            [
              125.18212170400012,
              10.438651222000033
            ],
            [
              125.18212170100004,
              10.43863820200005
            ],
            [
              125.18211110600011,
              10.438617372000069
            ],
            [
              125.18209786100009,
              10.438596542000026
            ],
            [
              125.18208726800003,
              10.438591336000059
            ],
            [
              125.18207667600007,
              10.438588734000065
            ],
            [
              125.1820660850001,
              10.438591340000073
            ],
            [
              125.18205549500009,
              10.438599154000032
            ],
            [
              125.18203961200004,
              10.43861738600003
            ],
            [
              125.1820343180001,
              10.438627803000031
            ],
            [
              125.18203167200011,
              10.438638219000042
            ],
            [
              125.18202903100008,
              10.438669470000038
            ],
            [
              125.18204492400002,
              10.43869029900003
            ],
            [
              125.18205022100007,
              10.438700714000047
            ],
            [
              125.18205022300002,
              10.438711131000044
            ],
            [
              125.18204492900009,
              10.438718944000072
            ],
            [
              125.18203433900011,
              10.438724154000056
            ],
            [
              125.182023748,
              10.438731968000067
            ],
            [
              125.18201845500003,
              10.438742386000055
            ],
            [
              125.1820184590001,
              10.438763218000075
            ],
            [
              125.18201581300004,
              10.438771030000051
            ],
            [
              125.1819760940001,
              10.438768435000043
            ],
            [
              125.18197079900004,
              10.438773644000037
            ],
            [
              125.18196815400006,
              10.438784061000037
            ],
            [
              125.18196815700004,
              10.438797081000075
            ],
            [
              125.18196286200008,
              10.438804895000034
            ],
            [
              125.18193109100002,
              10.438820526000029
            ],
            [
              125.18192314900013,
              10.43883094400007
            ],
            [
              125.1819125620001,
              10.438851778000068
            ],
            [
              125.18190991600012,
              10.438862195000072
            ],
            [
              125.1819152170001,
              10.43888563100006
            ],
            [
              125.18191521900009,
              10.438896047000068
            ],
            [
              125.18188080300001,
              10.438927303000073
            ],
            [
              125.18187021200004,
              10.438932513000056
            ],
            [
              125.18186491900008,
              10.438942930000053
            ],
            [
              125.18186756900002,
              10.43895334600006
            ],
            [
              125.18187286600005,
              10.43896115700005
            ],
            [
              125.18188358100008,
              10.438990462000048
            ],
            [
              125.18189130200005,
              10.438993710000032
            ],
            [
              125.1819229570001,
              10.439014247000046
            ],
            [
              125.18196039600001,
              10.439029647000039
            ],
            [
              125.18196054600004,
              10.439039251000056
            ],
            [
              125.18195084000001,
              10.439043243000071
            ],
            [
              125.18191174200003,
              10.439041915000074
            ],
            [
              125.18185491400004,
              10.439031249000037
            ],
            [
              125.18179979800004,
              10.43900518500004
            ],
            [
              125.18178414100011,
              10.439003501000055
            ],
            [
              125.18177028600009,
              10.438992182000048
            ],
            [
              125.18177205900008,
              10.438980626000046
            ],
            [
              125.18178140300006,
              10.438953584000046
            ],
            [
              125.18179681900006,
              10.438939899000042
            ],
            [
              125.18180051500009,
              10.438926393000033
            ],
            [
              125.18178852300002,
              10.438909281000065
            ],
            [
              125.18177082200009,
              10.438901864000059
            ],
            [
              125.18176063300007,
              10.438875118000057
            ],
            [
              125.18175263900004,
              10.43886371000002
            ],
            [
              125.18175248800004,
              10.438854105000075
            ],
            [
              125.18175624400008,
              10.438844441000072
            ],
            [
              125.18176201400001,
              10.438838589000056
            ],
            [
              125.18177529600007,
              10.438813408000044
            ],
            [
              125.18178875800004,
              10.438799753000067
            ],
            [
              125.1817963000001,
              10.438782345000048
            ],
            [
              125.18181721400005,
              10.438745519000065
            ],
            [
              125.18184410900007,
              10.438716288000021
            ],
            [
              125.18186123700004,
              10.438687206000054
            ],
            [
              125.18187271600006,
              10.438671660000066
            ],
            [
              125.18188028800012,
              10.438656173000027
            ],
            [
              125.18191289200003,
              10.438617248000073
            ],
            [
              125.18193194400011,
              10.438586215000042
            ],
            [
              125.181937532,
              10.438568837000044
            ],
            [
              125.18195850600013,
              10.438535853000076
            ],
            [
              125.18196030900003,
              10.438526218000051
            ],
            [
              125.18195604000006,
              10.438503225000032
            ],
            [
              125.18194404900008,
              10.438486114000057
            ],
            [
              125.18192244100011,
              10.43847875600005
            ],
            [
              125.18189754700006,
              10.438477053000042
            ],
            [
              125.1818699580001,
              10.438462100000036
            ],
            [
              125.18185805700011,
              10.438450751000063
            ],
            [
              125.18184029600002,
              10.43843949200004
            ],
            [
              125.1817952770001,
              10.438434411000062
            ],
            [
              125.18176188900009,
              10.438423389000034
            ],
            [
              125.18172406300005,
              10.43842995400007
            ],
            [
              125.18171347200007,
              10.438435165000044
            ],
            [
              125.18169494000007,
              10.438450793000072
            ],
            [
              125.18167641000002,
              10.438476837000051
            ],
            [
              125.18166052900006,
              10.438508088000049
            ],
            [
              125.18165788400007,
              10.438518506000035
            ],
            [
              125.18164464800009,
              10.438536737000048
            ],
            [
              125.18162876400005,
              10.438552365000021
            ],
            [
              125.18161817300007,
              10.438557575000063
            ],
            [
              125.18160758200007,
              10.438560182000058
            ],
            [
              125.18160228400008,
              10.438549766000053
            ],
            [
              125.18161286700001,
              10.438508099000046
            ],
            [
              125.18162345500004,
              10.43848726400006
            ],
            [
              125.18162874600011,
              10.438466431000052
            ],
            [
              125.18162344800008,
              10.438456016000032
            ],
            [
              125.18161285500003,
              10.438448205000041
            ],
            [
              125.18158107800002,
              10.438432587000023
            ],
            [
              125.18155989400009,
              10.438432592000026
            ],
            [
              125.18154930300011,
              10.438435198000036
            ],
            [
              125.18153871100002,
              10.438432596000041
            ],
            [
              125.18153076500006,
              10.438424785000052
            ],
            [
              125.18153340700006,
              10.438393536000035
            ],
            [
              125.18152810900007,
              10.43838312100007
            ],
            [
              125.18152016300007,
              10.43837270600005
            ],
            [
              125.18150957000012,
              10.438364896000053
            ],
            [
              125.1815016270001,
              10.438367502000062
            ],
            [
              125.18149368500008,
              10.438375316000075
            ],
            [
              125.1814725040001,
              10.438385736000045
            ],
            [
              125.18144073100005,
              10.43839355500006
            ],
            [
              125.18141690000006,
              10.438393559000076
            ],
            [
              125.18139571400002,
              10.438383147000025
            ],
            [
              125.18138247500009,
              10.438385754000022
            ],
            [
              125.18137453300007,
              10.438393568000038
            ],
            [
              125.181366592,
              10.438403986000024
            ],
            [
              125.18136659400012,
              10.438414402000035
            ],
            [
              125.1813718950001,
              10.438440441000067
            ],
            [
              125.18137984300007,
              10.438458669000054
            ],
            [
              125.1813877930001,
              10.438489916000037
            ],
            [
              125.18140104000007,
              10.438521162000027
            ],
            [
              125.18140104100006,
              10.438531578000038
            ],
            [
              125.18139309900005,
              10.438541996000028
            ],
            [
              125.18136132600013,
              10.438549815000046
            ],
            [
              125.18133750000004,
              10.438573256000039
            ],
            [
              125.18131631900008,
              10.438583677000057
            ],
            [
              125.18130308000002,
              10.438583679000033
            ],
            [
              125.18129248800005,
              10.43858107700004
            ],
            [
              125.18128454200007,
              10.43857326700004
            ],
            [
              125.18126864900012,
              10.438544625000077
            ],
            [
              125.1812293360001,
              10.438529009000035
            ],
            [
              125.181203847,
              10.438520074000055
            ],
            [
              125.18117287400001,
              10.438525157000072
            ],
            [
              125.18116254900009,
              10.438522620000073
            ],
            [
              125.18114447800009,
              10.438507394000053
            ],
            [
              125.181139314,
              10.438497241000048
            ],
            [
              125.18113156800007,
              10.438487089000034
            ],
            [
              125.18110574700005,
              10.438438864000032
            ],
            [
              125.18108767600005,
              10.438421099000038
            ],
            [
              125.18107218400006,
              10.438390641000069
            ],
            [
              125.18106443700003,
              10.438380489000053
            ],
            [
              125.18105669200008,
              10.438372875000026
            ],
            [
              125.18103604000011,
              10.438357649000066
            ],
            [
              125.18102829500003,
              10.438347497000052
            ],
            [
              125.18099473400002,
              10.438317043000039
            ],
            [
              125.18097666200003,
              10.438296739000066
            ],
            [
              125.18095858800008,
              10.43826882000008
            ],
            [
              125.18095342200002,
              10.438248514000064
            ],
            [
              125.18093792900004,
              10.438218056000037
            ],
            [
              125.18089920400008,
              10.438179988000057
            ],
            [
              125.18089145800002,
              10.438169835000052
            ],
            [
              125.18088629400006,
              10.438159683000036
            ],
            [
              125.18088549700008,
              10.438126586000065
            ],
            [
              125.18087942600005,
              10.438113228000077
            ],
            [
              125.18085959100007,
              10.438094314000066
            ],
            [
              125.18082211500007,
              10.438071825000065
            ],
            [
              125.1807706640001,
              10.43803033300003
            ],
            [
              125.18075867300003,
              10.438013221000062
            ],
            [
              125.18075055800011,
              10.43799413000005
            ],
            [
              125.18073469000002,
              10.437978998000064
            ],
            [
              125.18071888200006,
              10.437967709000077
            ],
            [
              125.18070698100007,
              10.437956361000033
            ],
            [
              125.18068726700005,
              10.437945131000049
            ],
            [
              125.18063849300007,
              10.437949715000059
            ],
            [
              125.1806188390001,
              10.437942327000028
            ],
            [
              125.18060104700011,
              10.437929147000034
            ],
            [
              125.18058091100009,
              10.437891022000032
            ],
            [
              125.18057447800004,
              10.437854612000024
            ],
            [
              125.18056831700007,
              10.437835490000056
            ],
            [
              125.18055647600012,
              10.437827984000023
            ],
            [
              125.18054271200005,
              10.43782242900005
            ],
            [
              125.1805386540001,
              10.43781288300005
            ],
            [
              125.18054847100008,
              10.437780189000021
            ],
            [
              125.18055612400009,
              10.437774766000075
            ],
            [
              125.18056469600003,
              10.437759405000065
            ],
            [
              125.1805796980001,
              10.437738621000051
            ],
            [
              125.18058153200002,
              10.437724465000027
            ],
            [
              125.18057785500004,
              10.43771573200007
            ],
            [
              125.18056131600007,
              10.437702484000054
            ],
            [
              125.18055427200012,
              10.437700678000056
            ],
            [
              125.18054722900001,
              10.437703390000022
            ],
            [
              125.18053590000011,
              10.43771604200003
            ],
            [
              125.18053130900012,
              10.437725078000028
            ],
            [
              125.18052916700005,
              10.437734716000023
            ],
            [
              125.18052365600009,
              10.437738331000045
            ],
            [
              125.18051753100008,
              10.437738633000036
            ],
            [
              125.18051385800004,
              10.437726792000035
            ],
            [
              125.18050580300007,
              10.437711543000031
            ],
            [
              125.18049594700005,
              10.437705928000069
            ],
            [
              125.18048795200004,
              10.437694520000036
            ],
            [
              125.1804837740001,
              10.437677290000066
            ],
            [
              125.18048331600004,
              10.437651207000044
            ],
            [
              125.1804776460001,
              10.437640059000044
            ],
            [
              125.1804691420001,
              10.437631700000054
            ],
            [
              125.18045780500007,
              10.437628915000062
            ],
            [
              125.18043513000009,
              10.437617770000033
            ],
            [
              125.18042095900012,
              10.437614986000026
            ],
            [
              125.18041528800005,
              10.437603838000031
            ],
            [
              125.18040961600002,
              10.437581542000034
            ],
            [
              125.18040394600008,
              10.437573182000051
            ],
            [
              125.18039260800005,
              10.437567609000038
            ],
            [
              125.18037843800006,
              10.437567612000068
            ],
            [
              125.18036426800006,
              10.437570402000064
            ],
            [
              125.1803444320001,
              10.437581555000062
            ],
            [
              125.18033309700002,
              10.437589919000061
            ],
            [
              125.18032176200006,
              10.437592708000066
            ],
            [
              125.18031042500002,
              10.437589923000075
            ],
            [
              125.18030192100004,
              10.437584350000066
            ],
            [
              125.18030191800005,
              10.437570415000035
            ],
            [
              125.18029341400006,
              10.437562055000058
            ],
            [
              125.18027074000008,
              10.437550910000029
            ],
            [
              125.18021934800004,
              10.437536480000063
            ],
            [
              125.18019377400005,
              10.43752533900005
            ],
            [
              125.18017595200001,
              10.437510237000026
            ],
            [
              125.18013225500009,
              10.437464785000031
            ],
            [
              125.18012029300007,
              10.437449594000045
            ],
            [
              125.18009652300007,
              10.437428818000056
            ],
            [
              125.18008254700011,
              10.43740981500002
            ],
            [
              125.18005084100002,
              10.437381474000063
            ],
            [
              125.18000387000006,
              10.437376423000044
            ],
            [
              125.17998442700001,
              10.43738248200003
            ],
            [
              125.17997075300002,
              10.437382689000062
            ],
            [
              125.17995695900004,
              10.437375213000053
            ],
            [
              125.179945028,
              10.437361944000031
            ],
            [
              125.17994265300001,
              10.437335079000036
            ],
            [
              125.17995205800003,
              10.437311878000058
            ],
            [
              125.17996555000003,
              10.437300144000062
            ],
            [
              125.17997113900002,
              10.437282766000065
            ],
            [
              125.17997239900002,
              10.437238553000043
            ],
            [
              125.17997597400007,
              10.43721736200007
            ],
            [
              125.1799733580001,
              10.437175129000027
            ],
            [
              125.1799652430001,
              10.437156037000024
            ],
            [
              125.17994925500011,
              10.437133222000059
            ],
            [
              125.17991306900001,
              10.437068441000065
            ],
            [
              125.1799030610001,
              10.437053221000042
            ],
            [
              125.17989113000012,
              10.437039951000031
            ],
            [
              125.1798790790001,
              10.43701899800004
            ],
            [
              125.17986708700006,
              10.437001886000072
            ],
            [
              125.17983072100003,
              10.436925579000047
            ],
            [
              125.17982636300009,
              10.436896823000042
            ],
            [
              125.17982798400011,
              10.436875662000034
            ],
            [
              125.17982570000002,
              10.436854560000029
            ],
            [
              125.17982533800011,
              10.436831508000068
            ],
            [
              125.17982611600007,
              10.436828235000062
            ],
            [
              125.16835906000007,
              10.439601937000079
            ],
            [
              125.16329308000003,
              10.441504825000035
            ],
            [
              125.15841009000007,
              10.44160683900003
            ],
            [
              125.1525431020001,
              10.441443876000053
            ],
            [
              125.14548612400007,
              10.442702818000042
            ],
            [
              125.17034000000002,
              10.46066999900006
            ],
            [
              125.17062900000008,
              10.460422999000057
            ],
            [
              125.17098300000009,
              10.460235000000068
            ],
            [
              125.17138600000011,
              10.459857999000063
            ],
            [
              125.1721500000001,
              10.45959799900004
            ],
            [
              125.17244500000005,
              10.459146000000032
            ],
            [
              125.17249700000002,
              10.458695000000034
            ],
            [
              125.1728260000001,
              10.458129000000042
            ],
            [
              125.17294100000005,
              10.45782899900007
            ],
            [
              125.17304000000001,
              10.457715000000062
            ],
            [
              125.17335000000004,
              10.457704000000033
            ],
            [
              125.17374401500003,
              10.45787357000006
            ],
            [
              125.17380100000001,
              10.457900000000052
            ],
            [
              125.17410700000006,
              10.457924999000056
            ],
            [
              125.17445400000008,
              10.457929000000034
            ],
            [
              125.17474500000003,
              10.458097999000074
            ],
            [
              125.1749870000001,
              10.458509999000055
            ],
            [
              125.17508100000009,
              10.45875999900005
            ],
            [
              125.17541200000005,
              10.459245000000063
            ],
            [
              125.17550900000003,
              10.459638999000047
            ],
            [
              125.17567000000008,
              10.460032999000076
            ],
            [
              125.17606400000011,
              10.460343999000028
            ],
            [
              125.17627700000004,
              10.460552000000062
            ],
            [
              125.1765690000001,
              10.460854000000037
            ],
            [
              125.17668600000003,
              10.461040999000033
            ],
            [
              125.17707600000007,
              10.461285000000029
            ],
            [
              125.17746800000009,
              10.461372999000048
            ],
            [
              125.17779900000005,
              10.461621000000035
            ],
            [
              125.17835300000003,
              10.461910000000046
            ],
            [
              125.17895300000008,
              10.461794000000053
            ],
            [
              125.17942100000005,
              10.461943999000024
            ],
            [
              125.17989200000011,
              10.462019999000061
            ],
            [
              125.18028000000004,
              10.46225099900005
            ],
            [
              125.18058100000009,
              10.462407999000048
            ],
            [
              125.18099000000007,
              10.46247099900006
            ],
            [
              125.1813370000001,
              10.462719999000056
            ],
            [
              125.18149100000004,
              10.46297299900004
            ],
            [
              125.18168500000002,
              10.463127999000049
            ],
            [
              125.18205700000009,
              10.46328599900005
            ],
            [
              125.18233700000008,
              10.463243000000034
            ]
          ]
        ]
      },
      "properties": {
        "gid": 1,
        "administra": 4,
        "admin_leve": "Barangay level 4",
        "shape0": "philippines",
        "shape1": "Eastern Visayas",
        "shape2": "Southern Leyte",
        "shape3": "Hinunangan",
        "shape4": "Ingan",
        "serial_id": 1,
        "style_info": "",
        "view_zoom_": "",
        "travel_via": "",
        "bearing_an": null,
        "bearing_di": null,
        "created_at": "2026-09-23T00:00:00.000Z",
        "modified_a": "2026-09-23T00:00:00.000Z",
        "geocoded_a": "",
        "properties": ""
      }
    },
    {
      "type": "Feature",
      "geometry": {
        "bbox": [
          125.1525431020001,
          10.425319938000031,
          125.18001791300004,
          10.44160683900003
        ],
        "type": "Polygon",
        "coordinates": [
          [
            [
              125.16329308000003,
              10.441504825000035
            ],
            [
              125.16835906000007,
              10.439601937000079
            ],
            [
              125.17982611600007,
              10.436828235000062
            ],
            [
              125.17982717100006,
              10.436823794000073
            ],
            [
              125.17983411400007,
              10.43670993300003
            ],
            [
              125.17983694500003,
              10.436698783000054
            ],
            [
              125.17983694300005,
              10.436684847000038
            ],
            [
              125.17983127000002,
              10.436662551000039
            ],
            [
              125.17981992900002,
              10.43664025600003
            ],
            [
              125.17981709300012,
              10.436629108000034
            ],
            [
              125.17981708600007,
              10.436592874000041
            ],
            [
              125.17981991700005,
              10.436581724000064
            ],
            [
              125.17981424700007,
              10.436570578000044
            ],
            [
              125.17980007300004,
              10.436551070000062
            ],
            [
              125.17980006800008,
              10.436528773000076
            ],
            [
              125.17980573500007,
              10.436520410000071
            ],
            [
              125.1798142350001,
              10.436512047000063
            ],
            [
              125.17981423300012,
              10.436500898000078
            ],
            [
              125.17980572900002,
              10.436492538000039
            ],
            [
              125.17978305000008,
              10.436461884000037
            ],
            [
              125.17977171300004,
              10.436456311000027
            ],
            [
              125.17975470400008,
              10.436436805000028
            ],
            [
              125.17974336400006,
              10.43641450900003
            ],
            [
              125.17973769100001,
              10.436392213000033
            ],
            [
              125.17973768600008,
              10.436369915000055
            ],
            [
              125.17973485000005,
              10.43635598000003
            ],
            [
              125.17973484500008,
              10.436333683000042
            ],
            [
              125.17973200900009,
              10.436322534000054
            ],
            [
              125.17973200600011,
              10.436311386000057
            ],
            [
              125.17973483800007,
              10.436300236000024
            ],
            [
              125.17975750200003,
              10.436255637000045
            ],
            [
              125.17975749900005,
              10.436244488000055
            ],
            [
              125.17975182900011,
              10.436233341000046
            ],
            [
              125.17974049100008,
              10.436224981000066
            ],
            [
              125.17972915400004,
              10.436219409000046
            ],
            [
              125.17972065000005,
              10.436211049000065
            ],
            [
              125.17972064500009,
              10.436185965000048
            ],
            [
              125.17972914500001,
              10.436177601000054
            ],
            [
              125.17974048000009,
              10.436172025000074
            ],
            [
              125.17974037400006,
              10.436148326000025
            ],
            [
              125.17973537500006,
              10.43612289300006
            ],
            [
              125.17973651700002,
              10.436108249000029
            ],
            [
              125.17973422600005,
              10.436104871000055
            ],
            [
              125.17972759900012,
              10.436081268000068
            ],
            [
              125.17972390600006,
              10.436050803000056
            ],
            [
              125.1797193220001,
              10.43603503400004
            ],
            [
              125.17972026200003,
              10.435987226000064
            ],
            [
              125.17971389000002,
              10.435954657000025
            ],
            [
              125.17969937200007,
              10.435901076000048
            ],
            [
              125.17969702700009,
              10.435876132000033
            ],
            [
              125.17969809700003,
              10.435863083000068
            ],
            [
              125.17968835800002,
              10.435847314000053
            ],
            [
              125.17966831100011,
              10.435834364000073
            ],
            [
              125.17966430000001,
              10.43582310000005
            ],
            [
              125.17968892300009,
              10.435810142000037
            ],
            [
              125.17969407500003,
              10.435798313000017
            ],
            [
              125.17969751000011,
              10.435794370000052
            ],
            [
              125.17969907800011,
              10.435786232000057
            ],
            [
              125.179693498,
              10.435779727000067
            ],
            [
              125.17968147100011,
              10.435774097000037
            ],
            [
              125.17965996800001,
              10.43575564100007
            ],
            [
              125.17965002100004,
              10.43574426300006
            ],
            [
              125.17964618800012,
              10.435733267000046
            ],
            [
              125.17964618600001,
              10.435720221000054
            ],
            [
              125.17964883700007,
              10.435710654000047
            ],
            [
              125.17965591000006,
              10.435702825000023
            ],
            [
              125.17966475200001,
              10.43569760500003
            ],
            [
              125.17967359400006,
              10.43568977600006
            ],
            [
              125.17967978200011,
              10.435677598000039
            ],
            [
              125.17967623400011,
              10.435626285000067
            ],
            [
              125.17967092600009,
              10.435614980000027
            ],
            [
              125.179660312,
              10.435607155000069
            ],
            [
              125.17966030900006,
              10.43559236900006
            ],
            [
              125.17965146200004,
              10.435574977000048
            ],
            [
              125.17965234100006,
              10.43554888500006
            ],
            [
              125.17964614900005,
              10.43554192800002
            ],
            [
              125.17963111300004,
              10.435532364000037
            ],
            [
              125.17961784800003,
              10.435530627000047
            ],
            [
              125.17961165600002,
              10.435524541000065
            ],
            [
              125.17961165400004,
              10.435514104000049
            ],
            [
              125.17961519000005,
              10.43550714500003
            ],
            [
              125.17961430300012,
              10.43549410000003
            ],
            [
              125.17962226100009,
              10.435488880000037
            ],
            [
              125.17962225600003,
              10.43546539700003
            ],
            [
              125.17961612900002,
              10.43545207200003
            ],
            [
              125.17961570700004,
              10.435425178000058
            ],
            [
              125.17962451000005,
              10.435363557000073
            ],
            [
              125.17962156200007,
              10.435300192000057
            ],
            [
              125.179622611,
              10.435242532000075
            ],
            [
              125.17962711200005,
              10.435219425000069
            ],
            [
              125.1796283430001,
              10.43519815600007
            ],
            [
              125.17962586800003,
              10.435181141000044
            ],
            [
              125.1796308070001,
              10.435163517000033
            ],
            [
              125.17961735900009,
              10.435155554000062
            ],
            [
              125.17959682100002,
              10.43515744700005
            ],
            [
              125.17959572900008,
              10.435137936000046
            ],
            [
              125.17959695600007,
              10.43509661200005
            ],
            [
              125.17959015500004,
              10.43507534400004
            ],
            [
              125.17959076700004,
              10.43505103600006
            ],
            [
              125.17959570700008,
              10.43503462800004
            ],
            [
              125.17959632100008,
              10.435010927000064
            ],
            [
              125.17959508300008,
              10.435003028000038
            ],
            [
              125.179597553,
              10.43499573500003
            ],
            [
              125.17961238300008,
              10.43499208600002
            ],
            [
              125.17960125700006,
              10.434976288000026
            ],
            [
              125.17959446000009,
              10.434975682000074
            ],
            [
              125.17957962700007,
              10.434962315000062
            ],
            [
              125.17957653500004,
              10.434952593000048
            ],
            [
              125.17958827500001,
              10.434948944000041
            ],
            [
              125.17959630800011,
              10.434948943000048
            ],
            [
              125.17961237300005,
              10.434939216000028
            ],
            [
              125.17962225800011,
              10.434938607000046
            ],
            [
              125.17962287500006,
              10.43493131400004
            ],
            [
              125.17962102000001,
              10.434924022000075
            ],
            [
              125.17961236800012,
              10.43492159300007
            ],
            [
              125.17960680600002,
              10.434917948000075
            ],
            [
              125.17960742200012,
              10.434905187000025
            ],
            [
              125.17961792300004,
              10.434888169000034
            ],
            [
              125.17961697500004,
              10.434883299000035
            ],
            [
              125.17962647000003,
              10.43486586200004
            ],
            [
              125.17963202900012,
              10.434846562000075
            ],
            [
              125.17963371100006,
              10.434829243000022
            ],
            [
              125.1796315470001,
              10.434815826000033
            ],
            [
              125.17962352200004,
              10.434802497000023
            ],
            [
              125.17961171200011,
              10.434796912000026
            ],
            [
              125.17960371800008,
              10.434785504000045
            ],
            [
              125.17960335600003,
              10.434762452000031
            ],
            [
              125.17961288200001,
              10.434746936000069
            ],
            [
              125.1796320830001,
              10.434725508000042
            ],
            [
              125.17963587000008,
              10.434717764000025
            ],
            [
              125.17963764200012,
              10.434706209000069
            ],
            [
              125.1796296780001,
              10.43469672200007
            ],
            [
              125.17961780700011,
              10.434687295000062
            ],
            [
              125.17961612000009,
              10.43467810800007
            ],
            [
              125.17963341600012,
              10.434651974000076
            ],
            [
              125.17964330200004,
              10.434647110000071
            ],
            [
              125.1796470070001,
              10.434636171000022
            ],
            [
              125.17964823900002,
              10.434615509000023
            ],
            [
              125.1796414370001,
              10.434594241000072
            ],
            [
              125.179642671,
              10.43458330200002
            ],
            [
              125.17967294600008,
              10.434569319000047
            ],
            [
              125.17969605400003,
              10.43456871600006
            ],
            [
              125.17970878300004,
              10.434558374000058
            ],
            [
              125.17971702800003,
              10.434535732000029
            ],
            [
              125.1797168080001,
              10.434523126000043
            ],
            [
              125.17969703100005,
              10.434504899000045
            ],
            [
              125.17969949800012,
              10.434483629000054
            ],
            [
              125.1796883720001,
              10.434465401000066
            ],
            [
              125.17967786700001,
              10.434455072000048
            ],
            [
              125.1796710660001,
              10.43444292000004
            ],
            [
              125.17967538800008,
              10.434427726000024
            ],
            [
              125.17969168800006,
              10.434415063000074
            ],
            [
              125.17970133600012,
              10.434402806000035
            ],
            [
              125.17970493900009,
              10.434387961000027
            ],
            [
              125.17970280500003,
              10.434376464000023
            ],
            [
              125.17969562700011,
              10.43435851600003
            ],
            [
              125.17969885900004,
              10.434346193000067
            ],
            [
              125.17971325000008,
              10.434339912000041
            ],
            [
              125.17972739400011,
              10.434328779000056
            ],
            [
              125.17972698500012,
              10.434304532000054
            ],
            [
              125.17972132300008,
              10.434287838000046
            ],
            [
              125.17972050900005,
              10.434260013000026
            ],
            [
              125.1797298040001,
              10.434251664000042
            ],
            [
              125.17973222800003,
              10.434246099000063
            ],
            [
              125.17973303300005,
              10.434233378000046
            ],
            [
              125.17973943100003,
              10.434220268000047
            ],
            [
              125.17973320900012,
              10.434197305000055
            ],
            [
              125.179722448,
              10.434134059000032
            ],
            [
              125.17970552900012,
              10.434122922000025
            ],
            [
              125.17967400300006,
              10.434121736000064
            ],
            [
              125.17966591800005,
              10.434115775000066
            ],
            [
              125.17965500200012,
              10.434101467000062
            ],
            [
              125.17965136100007,
              10.434085170000058
            ],
            [
              125.17965257100002,
              10.434073642000042
            ],
            [
              125.17964771700008,
              10.43405019000005
            ],
            [
              125.17964003600004,
              10.434044230000037
            ],
            [
              125.17962912200005,
              10.434041052000053
            ],
            [
              125.1796176030001,
              10.434041850000025
            ],
            [
              125.17960972300011,
              10.434048211000063
            ],
            [
              125.17959214600012,
              10.434074449000036
            ],
            [
              125.17957961500008,
              10.43406968100004
            ],
            [
              125.17956587300012,
              10.434069685000056
            ],
            [
              125.17954526400001,
              10.434091949000052
            ],
            [
              125.17953435200002,
              10.434096323000063
            ],
            [
              125.17952101500009,
              10.434098313000051
            ],
            [
              125.1795169720001,
              10.434095134000072
            ],
            [
              125.17951818200004,
              10.43408122100004
            ],
            [
              125.17952586000001,
              10.434068102000026
            ],
            [
              125.17952626200008,
              10.434059357000026
            ],
            [
              125.17950928200003,
              10.434042666000039
            ],
            [
              125.17949270900009,
              10.434035117000063
            ],
            [
              125.17948462500011,
              10.434034721000046
            ],
            [
              125.17945835400008,
              10.434038303000023
            ],
            [
              125.17945107800007,
              10.434035522000046
            ],
            [
              125.1794474390001,
              10.434029163000046
            ],
            [
              125.17944784200004,
              10.434020418000044
            ],
            [
              125.17944460800004,
              10.434017239000068
            ],
            [
              125.17944743600003,
              10.434011673000041
            ],
            [
              125.17945430600003,
              10.43400729900003
            ],
            [
              125.17946562300006,
              10.434004912000033
            ],
            [
              125.17947127900003,
              10.433993383000026
            ],
            [
              125.17948906200002,
              10.433987020000076
            ],
            [
              125.17949633700005,
              10.433986621000033
            ],
            [
              125.1794987620001,
              10.433989801000052
            ],
            [
              125.17949876400007,
              10.433995366000033
            ],
            [
              125.17950361500003,
              10.43400212200004
            ],
            [
              125.17951089000009,
              10.43400212100005
            ],
            [
              125.17952463400002,
              10.434010863000024
            ],
            [
              125.1795363560001,
              10.434006886000075
            ],
            [
              125.17954282300002,
              10.43400847400005
            ],
            [
              125.17954322800007,
              10.434018809000063
            ],
            [
              125.1795468680001,
              10.434026361000065
            ],
            [
              125.17956303200005,
              10.434013240000072
            ],
            [
              125.1795845600001,
              10.434006259000055
            ],
            [
              125.1796007260001,
              10.43399870200005
            ],
            [
              125.179610023,
              10.434005061000052
            ],
            [
              125.17961729800005,
              10.434002277000046
            ],
            [
              125.17961810200008,
              10.433982005000075
            ],
            [
              125.17962901500003,
              10.433981208000034
            ],
            [
              125.17962982200004,
              10.433973258000037
            ],
            [
              125.1796282040001,
              10.433966500000054
            ],
            [
              125.17961850100005,
              10.433956565000072
            ],
            [
              125.1796168840001,
              10.433951000000034
            ],
            [
              125.17962496600002,
              10.433943844000055
            ],
            [
              125.17962819800005,
              10.43393708600007
            ],
            [
              125.17962294100006,
              10.433924367000031
            ],
            [
              125.17964314600009,
              10.433902898000042
            ],
            [
              125.17965042000002,
              10.433898921000038
            ],
            [
              125.17966941700001,
              10.433900905000028
            ],
            [
              125.17967669300003,
              10.433906071000024
            ],
            [
              125.1796803310001,
              10.433906070000033
            ],
            [
              125.17968396800005,
              10.433901300000057
            ],
            [
              125.17968396300012,
              10.433877052000069
            ],
            [
              125.17967789400008,
              10.433854042000066
            ],
            [
              125.17967991400008,
              10.433850464000043
            ],
            [
              125.17968840000003,
              10.433843705000072
            ],
            [
              125.17970456700006,
              10.433843702000047
            ],
            [
              125.17971063200002,
              10.43384688100002
            ],
            [
              125.17971750200003,
              10.433846482000035
            ],
            [
              125.17972235200013,
              10.433843698000032
            ],
            [
              125.1797207310001,
              10.43382740100003
            ],
            [
              125.1797235590001,
              10.433821836000051
            ],
            [
              125.17972800600012,
              10.433819052000045
            ],
            [
              125.17974215100004,
              10.433819845000073
            ],
            [
              125.17974740600006,
              10.433823024000047
            ],
            [
              125.17977852800006,
              10.43381983700004
            ],
            [
              125.17978661000008,
              10.433815861000026
            ],
            [
              125.17979428900003,
              10.433809499000064
            ],
            [
              125.1798031070001,
              10.433795760000068
            ],
            [
              125.17981070900011,
              10.433782195000049
            ],
            [
              125.17981233100012,
              10.43376103400004
            ],
            [
              125.17981094400011,
              10.433733908000022
            ],
            [
              125.17980356700001,
              10.433721253000044
            ],
            [
              125.17980477800008,
              10.433714893000056
            ],
            [
              125.17981780800005,
              10.433712108000064
            ],
            [
              125.17982750900002,
              10.43371409300005
            ],
            [
              125.17983559100001,
              10.433708924000028
            ],
            [
              125.17983922700013,
              10.43369580600006
            ],
            [
              125.179845289,
              10.433693420000052
            ],
            [
              125.17984036500003,
              10.433679906000066
            ],
            [
              125.17984382000009,
              10.433651031000064
            ],
            [
              125.17985142200006,
              10.433637465000063
            ],
            [
              125.17985704100012,
              10.433622008000043
            ],
            [
              125.17985872300005,
              10.43360468900005
            ],
            [
              125.17985060800004,
              10.433585597000047
            ],
            [
              125.17982461300005,
              10.433547562000054
            ],
            [
              125.17981030800001,
              10.43350304500007
            ],
            [
              125.17981366200002,
              10.433493074000067
            ],
            [
              125.17981754300001,
              10.433489253000062
            ],
            [
              125.17983151400007,
              10.433467098000051
            ],
            [
              125.17983073200001,
              10.433452586000044
            ],
            [
              125.17981985300003,
              10.43343807800005
            ],
            [
              125.17981985000006,
              10.43343120400004
            ],
            [
              125.17982450600006,
              10.433421273000018
            ],
            [
              125.17983382300008,
              10.433415923000041
            ],
            [
              125.17983615200002,
              10.433412867000069
            ],
            [
              125.17983692400003,
              10.43340293700004
            ],
            [
              125.17983226000001,
              10.433392246000036
            ],
            [
              125.17981672300003,
              10.433380795000062
            ],
            [
              125.17980584400004,
              10.433365524000065
            ],
            [
              125.17980040000009,
              10.433345667000026
            ],
            [
              125.17979262800009,
              10.433331922000034
            ],
            [
              125.17979261400002,
              10.433298315000057
            ],
            [
              125.1797879510001,
              10.433289915000046
            ],
            [
              125.1797786310001,
              10.433287627000027
            ],
            [
              125.1797724160001,
              10.433283811000026
            ],
            [
              125.17977008400011,
              10.433276938000061
            ],
            [
              125.17977007900005,
              10.433262426000056
            ],
            [
              125.17976484700011,
              10.433233658000065
            ],
            [
              125.17974904800006,
              10.43321437000003
            ],
            [
              125.17974453800001,
              10.433176008000032
            ],
            [
              125.1797344700001,
              10.433156946000054
            ],
            [
              125.17973215500001,
              10.43313392400006
            ],
            [
              125.17972605400008,
              10.433118644000047
            ],
            [
              125.17972968100004,
              10.433100754000064
            ],
            [
              125.17972754700008,
              10.433089257000063
            ],
            [
              125.17972688400005,
              10.433046994000053
            ],
            [
              125.17971453100006,
              10.433006830000064
            ],
            [
              125.17971230600006,
              10.432989571000062
            ],
            [
              125.17970611500003,
              10.432968528000057
            ],
            [
              125.17969421400005,
              10.432957180000074
            ],
            [
              125.17968622000002,
              10.432945772000037
            ],
            [
              125.17968204200008,
              10.432928542000068
            ],
            [
              125.17968369400013,
              10.432909302000041
            ],
            [
              125.17968330200007,
              10.432884328000055
            ],
            [
              125.17967040700013,
              10.432809586000074
            ],
            [
              125.17966592800008,
              10.432773146000045
            ],
            [
              125.1796616900001,
              10.432752074000065
            ],
            [
              125.17965561800008,
              10.432738715000026
            ],
            [
              125.17965135000009,
              10.432715722000069
            ],
            [
              125.17964218100008,
              10.432629394000061
            ],
            [
              125.179633523,
              10.432575724000058
            ],
            [
              125.17963514500002,
              10.432554563000053
            ],
            [
              125.17963442200005,
              10.432508458000028
            ],
            [
              125.17963012300005,
              10.432483544000037
            ],
            [
              125.17962206900005,
              10.432468295000035
            ],
            [
              125.17961215200013,
              10.43245883800006
            ],
            [
              125.17959814700008,
              10.432437914000047
            ],
            [
              125.17959583200003,
              10.432414891000064
            ],
            [
              125.1796109170001,
              10.432380075000022
            ],
            [
              125.17961253800003,
              10.432358915000066
            ],
            [
              125.17959979300008,
              10.43229377700004
            ],
            [
              125.17960108300008,
              10.432251485000052
            ],
            [
              125.17959696600008,
              10.432238097000038
            ],
            [
              125.17958109800009,
              10.432222966000039
            ],
            [
              125.17956544100002,
              10.432221282000059
            ],
            [
              125.17955774900007,
              10.43222908500007
            ],
            [
              125.17954593800006,
              10.432223500000019
            ],
            [
              125.17953590000002,
              10.432206358000029
            ],
            [
              125.17953562900004,
              10.432189069000062
            ],
            [
              125.17954121800004,
              10.432171691000063
            ],
            [
              125.17955257600012,
              10.432148461000056
            ],
            [
              125.17952820200001,
              10.432089264000071
            ],
            [
              125.17951630200002,
              10.432077916000024
            ],
            [
              125.17950452100001,
              10.432074252000062
            ],
            [
              125.17949460400007,
              10.43206479500003
            ],
            [
              125.1794863990001,
              10.43203994000004
            ],
            [
              125.17949163000002,
              10.432040094000055
            ],
            [
              125.17949395900007,
              10.43203703800003
            ],
            [
              125.17949317700004,
              10.432025581000062
            ],
            [
              125.17948773800003,
              10.432017945000043
            ],
            [
              125.17947432500013,
              10.432011350000037
            ],
            [
              125.1794780460001,
              10.432000248000067
            ],
            [
              125.17945778600006,
              10.43195967200006
            ],
            [
              125.17945342700013,
              10.431930916000054
            ],
            [
              125.17944128600003,
              10.43190419900003
            ],
            [
              125.17943305000004,
              10.431877423000062
            ],
            [
              125.17942872200001,
              10.431850588000032
            ],
            [
              125.17941856300003,
              10.431825763000063
            ],
            [
              125.17939265800011,
              10.431793490000075
            ],
            [
              125.17938253000013,
              10.431770586000027
            ],
            [
              125.17937047800002,
              10.431749633000038
            ],
            [
              125.17935860800003,
              10.431740205000038
            ],
            [
              125.17935052300002,
              10.43172303500006
            ],
            [
              125.17935223600011,
              10.431707637000043
            ],
            [
              125.17936179100002,
              10.431694041000071
            ],
            [
              125.17936738000004,
              10.431676663000076
            ],
            [
              125.17936707800004,
              10.431657453000069
            ],
            [
              125.17934886600004,
              10.431617378000055
            ],
            [
              125.17933898000001,
              10.431609842000057
            ],
            [
              125.1793310150001,
              10.431600354000066
            ],
            [
              125.17932091800004,
              10.431579372000044
            ],
            [
              125.17930414500006,
              10.43150661000004
            ],
            [
              125.17929809300006,
              10.431493294000063
            ],
            [
              125.17930097100009,
              10.431483530000035
            ],
            [
              125.17929170200011,
              10.43146068300007
            ],
            [
              125.17927965000001,
              10.43143973000002
            ],
            [
              125.17927745600004,
              10.431424391000062
            ],
            [
              125.17927703400004,
              10.431397497000033
            ],
            [
              125.17926642600003,
              10.431377386000063
            ],
            [
              125.17925415200011,
              10.431361011000034
            ],
            [
              125.17924889100006,
              10.43134722000002
            ],
            [
              125.1792453820001,
              10.431331706000037
            ],
            [
              125.17926115500006,
              10.431318773000044
            ],
            [
              125.17927342000009,
              10.431297171000038
            ],
            [
              125.17927679200011,
              10.431257553000027
            ],
            [
              125.17927634000011,
              10.431228738000073
            ],
            [
              125.17926948500008,
              10.431165432000057
            ],
            [
              125.17926876200012,
              10.431119327000031
            ],
            [
              125.179270384,
              10.431098166000025
            ],
            [
              125.17926860900002,
              10.431083783000078
            ],
            [
              125.17927337300011,
              10.431060333000058
            ],
            [
              125.17928131800011,
              10.431047825000062
            ],
            [
              125.1792731150001,
              10.43102318600006
            ],
            [
              125.17926253500002,
              10.43097146700006
            ],
            [
              125.17926229400008,
              10.43095609900007
            ],
            [
              125.17926797400004,
              10.430944483000076
            ],
            [
              125.17928134500004,
              10.430925066000045
            ],
            [
              125.17928879700004,
              10.43090189500003
            ],
            [
              125.1792924020001,
              10.430882625000038
            ],
            [
              125.17929399500008,
              10.430859543000054
            ],
            [
              125.1793049910001,
              10.430813260000035
            ],
            [
              125.17931394300001,
              10.430761244000053
            ],
            [
              125.17931541400004,
              10.430730478000042
            ],
            [
              125.17932812300013,
              10.430668798000056
            ],
            [
              125.17932944300004,
              10.430628427000043
            ],
            [
              125.17933494200008,
              10.430605285000071
            ],
            [
              125.17933455000002,
              10.430580312000073
            ],
            [
              125.17934401500008,
              10.430560953000054
            ],
            [
              125.17935747700005,
              10.430547299000068
            ],
            [
              125.17937649800001,
              10.430514345000065
            ],
            [
              125.17938205700011,
              10.43049504600003
            ],
            [
              125.17938373900004,
              10.430477727000039
            ],
            [
              125.17937144600013,
              10.430441405000066
            ],
            [
              125.17937703500003,
              10.430424027000072
            ],
            [
              125.1793905180001,
              10.430411709000051
            ],
            [
              125.17941329400004,
              10.430369091000044
            ],
            [
              125.17942432100007,
              10.430324729000061
            ],
            [
              125.17944313100008,
              10.430278327000051
            ],
            [
              125.17944664600009,
              10.430253295000059
            ],
            [
              125.17944628400005,
              10.43023024200005
            ],
            [
              125.17945728100007,
              10.43018396000002
            ],
            [
              125.17945694900006,
              10.430162828000048
            ],
            [
              125.17945286200006,
              10.430151361000073
            ],
            [
              125.1794468810001,
              10.43014376600007
            ],
            [
              125.17945048700005,
              10.430124496000074
            ],
            [
              125.17946391900011,
              10.430108921000054
            ],
            [
              125.17947921400004,
              10.430087552000034
            ],
            [
              125.17949039100006,
              10.43005279600004
            ],
            [
              125.17949781200004,
              10.430027704000054
            ],
            [
              125.17950135800004,
              10.430004592000042
            ],
            [
              125.17950688700012,
              10.429983372000038
            ],
            [
              125.17952563500012,
              10.42993312900006
            ],
            [
              125.17953867500012,
              10.429892580000056
            ],
            [
              125.17954225000007,
              10.429871389000027
            ],
            [
              125.17954014600002,
              10.429861813000057
            ],
            [
              125.17953407600011,
              10.42984845500007
            ],
            [
              125.17954167800008,
              10.429834889000063
            ],
            [
              125.17955901600011,
              10.429819253000062
            ],
            [
              125.17956845100002,
              10.429797975000042
            ],
            [
              125.17957211700002,
              10.429782547000059
            ],
            [
              125.17957376900004,
              10.429763307000032
            ],
            [
              125.17958317400009,
              10.429740107000043
            ],
            [
              125.17960592000009,
              10.429695567000067
            ],
            [
              125.1796188400001,
              10.429647334000038
            ],
            [
              125.17962964400009,
              10.429629190000071
            ],
            [
              125.1796375560001,
              10.429587605000048
            ],
            [
              125.17964559300005,
              10.429555976000072
            ],
            [
              125.1796732470001,
              10.429474322000031
            ],
            [
              125.17970077600012,
              10.429382713000052
            ],
            [
              125.17971045800005,
              10.429347745000028
            ],
            [
              125.17971516300008,
              10.429319476000046
            ],
            [
              125.17972326400003,
              10.429292825000061
            ],
            [
              125.17973307200009,
              10.429267812000035
            ],
            [
              125.17974794200006,
              10.42924273800003
            ],
            [
              125.17975450200004,
              10.429227722000064
            ],
            [
              125.17975564400001,
              10.429184561000055
            ],
            [
              125.17975349600012,
              10.429148078000026
            ],
            [
              125.17976351400011,
              10.42913965800005
            ],
            [
              125.17978217000007,
              10.429130746000055
            ],
            [
              125.17979627900002,
              10.429119974000056
            ],
            [
              125.17980883500003,
              10.429104527000051
            ],
            [
              125.17981197400003,
              10.42910298100003
            ],
            [
              125.17982689100005,
              10.429102976000024
            ],
            [
              125.17985200900013,
              10.429092156000024
            ],
            [
              125.1798614270001,
              10.429085204000048
            ],
            [
              125.179870058,
              10.429072846000054
            ],
            [
              125.17987711600007,
              10.42905354100003
            ],
            [
              125.17988102700008,
              10.429018022000037
            ],
            [
              125.17987395500008,
              10.429001811000033
            ],
            [
              125.1798566760001,
              10.428982514000039
            ],
            [
              125.179855104,
              10.428979427000055
            ],
            [
              125.17985510000005,
              10.42897016100005
            ],
            [
              125.1798605900001,
              10.428955489000032
            ],
            [
              125.17986529100007,
              10.428931552000051
            ],
            [
              125.17987156600009,
              10.428917651000065
            ],
            [
              125.179871563,
              10.428908386000044
            ],
            [
              125.17987313100004,
              10.42890375300004
            ],
            [
              125.17987626800004,
              10.428896030000034
            ],
            [
              125.17988853900012,
              10.428885045000072
            ],
            [
              125.17988822000008,
              10.428864249000071
            ],
            [
              125.17989622200001,
              10.428839637000069
            ],
            [
              125.17991134100009,
              10.428820046000055
            ],
            [
              125.17991423100011,
              10.428796318000025
            ],
            [
              125.17992083500006,
              10.428770144000053
            ],
            [
              125.1799312380001,
              10.42874709200004
            ],
            [
              125.1799442460001,
              10.428722478000054
            ],
            [
              125.17998527200007,
              10.428655528000036
            ],
            [
              125.17998727000008,
              10.428635838000046
            ],
            [
              125.18000227800007,
              10.428602364000032
            ],
            [
              125.18000278200009,
              10.428597899000065
            ],
            [
              125.17994736700008,
              10.428560170000024
            ],
            [
              125.18001791300004,
              10.42837669200003
            ],
            [
              125.17941449800003,
              10.428269460000024
            ],
            [
              125.17112099200004,
              10.425845895000066
            ],
            [
              125.1697479930001,
              10.425319938000031
            ],
            [
              125.16835899700006,
              10.425453935000064
            ],
            [
              125.16455201700012,
              10.428138762000058
            ],
            [
              125.16022605500007,
              10.43456832700002
            ],
            [
              125.1525431020001,
              10.441443876000053
            ],
            [
              125.15841009000007,
              10.44160683900003
            ],
            [
              125.16329308000003,
              10.441504825000035
            ]
          ]
        ]
      },
      "properties": {
        "gid": 2,
        "administra": 4,
        "admin_leve": "Barangay level 4",
        "shape0": "philippines",
        "shape1": "Eastern Visayas",
        "shape2": "Southern Leyte",
        "shape3": "Hinunangan",
        "shape4": "Calag-itan",
        "serial_id": 2,
        "style_info": "",
        "view_zoom_": "",
        "travel_via": "",
        "bearing_an": null,
        "bearing_di": null,
        "created_at": "2026-09-23T00:00:00.000Z",
        "modified_a": "2026-09-23T00:00:00.000Z",
        "geocoded_a": "",
        "properties": ""
      }
    },
    {
      "type": "Feature",
      "geometry": {
        "bbox": [
          125.17319593200011,
          10.405546514000035,
          125.18621053100004,
          10.418039988000032
        ],
        "type": "Polygon",
        "coordinates": [
          [
            [
              125.18518166200009,
              10.410461569000065
            ],
            [
              125.18621053100004,
              10.407068138000055
            ],
            [
              125.18427283200002,
              10.406550616000057
            ],
            [
              125.18176950100008,
              10.406062753000073
            ],
            [
              125.17881102900002,
              10.405546514000035
            ],
            [
              125.17319593200011,
              10.413333770000065
            ],
            [
              125.1753479360001,
              10.415263624000035
            ],
            [
              125.17627093900013,
              10.416374541000037
            ],
            [
              125.17738067200003,
              10.417141482000034
            ],
            [
              125.1773881920001,
              10.41720594000003
            ],
            [
              125.17740918400011,
              10.41727216600003
            ],
            [
              125.17744216200003,
              10.417327269000054
            ],
            [
              125.17747187500004,
              10.417380301000035
            ],
            [
              125.17753655700007,
              10.417418560000044
            ],
            [
              125.17765765000001,
              10.41746054300006
            ],
            [
              125.17782655000006,
              10.417516629000033
            ],
            [
              125.17801967000003,
              10.417564637000055
            ],
            [
              125.17818953600012,
              10.417597677000062
            ],
            [
              125.17845028900001,
              10.417672192000051
            ],
            [
              125.17858437500001,
              10.417712283000073
            ],
            [
              125.17870696400007,
              10.417766755000057
            ],
            [
              125.178810364,
              10.417826716000034
            ],
            [
              125.1789648670001,
              10.417913036000073
            ],
            [
              125.17905767400008,
              10.417967677000032
            ],
            [
              125.17914091600007,
              10.417997322000076
            ],
            [
              125.17922853300003,
              10.418006883000036
            ],
            [
              125.17933898000001,
              10.418039988000032
            ],
            [
              125.18518166200009,
              10.410461569000065
            ]
          ]
        ]
      },
      "properties": {
        "gid": 4,
        "administra": 4,
        "admin_leve": "Barangay level 4",
        "shape0": "philippines",
        "shape1": "Eastern Visayas",
        "shape2": "Southern Leyte",
        "shape3": "Hinunangan",
        "shape4": "Tawog",
        "serial_id": 4,
        "style_info": "",
        "view_zoom_": "",
        "travel_via": "",
        "bearing_an": null,
        "bearing_di": null,
        "created_at": "2026-09-23T00:00:00.000Z",
        "modified_a": "2026-09-23T00:00:00.000Z",
        "geocoded_a": "",
        "properties": ""
      }
    },
    {
      "type": "Feature",
      "geometry": {
        "bbox": [
          125.18549814700008,
          10.396932529000026,
          125.19974210500006,
          10.404199336000033
        ],
        "type": "Polygon",
        "coordinates": [
          [
            [
              125.19778701000007,
              10.40355945300007
            ],
            [
              125.1977941670001,
              10.403543029000048
            ],
            [
              125.19779893900011,
              10.403524258000061
            ],
            [
              125.19780609600004,
              10.403505488000063
            ],
            [
              125.19781563800007,
              10.40348906300005
            ],
            [
              125.197829952,
              10.403477332000021
            ],
            [
              125.19784665100009,
              10.403472639000029
            ],
            [
              125.19785857800001,
              10.403460908000055
            ],
            [
              125.19787050700006,
              10.403442137000068
            ],
            [
              125.19787527900009,
              10.403421020000055
            ],
            [
              125.19790629100011,
              10.403352977000052
            ],
            [
              125.19792776200006,
              10.403322475000037
            ],
            [
              125.19796831700012,
              10.403249739000042
            ],
            [
              125.19801364400007,
              10.403146501000034
            ],
            [
              125.19803750000007,
              10.403108960000054
            ],
            [
              125.19805658400004,
              10.403085497000063
            ],
            [
              125.19806851200009,
              10.403066727000065
            ],
            [
              125.19810668200012,
              10.40301276200006
            ],
            [
              125.1981305380001,
              10.402982260000043
            ],
            [
              125.19813769400002,
              10.402970528000026
            ],
            [
              125.19815200800008,
              10.402932987000044
            ],
            [
              125.19816870800003,
              10.402879022000032
            ],
            [
              125.1982116480001,
              10.402808633000065
            ],
            [
              125.19823311900005,
              10.402764053000055
            ],
            [
              125.19824266100012,
              10.402747628000043
            ],
            [
              125.19826174600009,
              10.402693663000038
            ],
            [
              125.19826174700005,
              10.402684278000036
            ],
            [
              125.19826651800008,
              10.402667853000025
            ],
            [
              125.19827128900012,
              10.402637351000067
            ],
            [
              125.19828083200002,
              10.40261623400005
            ],
            [
              125.19829991700011,
              10.402581039000037
            ],
            [
              125.19830707500012,
              10.402543498000055
            ],
            [
              125.19836671300003,
              10.402454338000043
            ],
            [
              125.1984048830001,
              10.40242149000005
            ],
            [
              125.19844066600002,
              10.40238394900007
            ],
            [
              125.19845259400007,
              10.402355793000023
            ],
            [
              125.19845975200008,
              10.402332329000044
            ],
            [
              125.19846929400002,
              10.402308866000054
            ],
            [
              125.19849792100003,
              10.402273671000044
            ],
            [
              125.19851041100004,
              10.402250313000023
            ],
            [
              125.1985294960001,
              10.402236236000018
            ],
            [
              125.19853903800005,
              10.40222215800003
            ],
            [
              125.19855335200008,
              10.402191655000024
            ],
            [
              125.1985557370001,
              10.402182270000026
            ],
            [
              125.1985557380001,
              10.402156460000072
            ],
            [
              125.19856528000003,
              10.402135343000054
            ],
            [
              125.1985795940001,
              10.40211891900003
            ],
            [
              125.19858197900011,
              10.402111880000064
            ],
            [
              125.19860344900007,
              10.402088417000074
            ],
            [
              125.19861299200011,
              10.40208137800005
            ],
            [
              125.1986368470001,
              10.402053222000063
            ],
            [
              125.19865116100004,
              10.402032105000046
            ],
            [
              125.198670246,
              10.402013335000051
            ],
            [
              125.1986869440001,
              10.402001604000075
            ],
            [
              125.19870125800003,
              10.401987526000028
            ],
            [
              125.19871318600008,
              10.401973448000035
            ],
            [
              125.19872749900003,
              10.401952331000075
            ],
            [
              125.19874181300008,
              10.40192182900006
            ],
            [
              125.19875851200004,
              10.401879595000022
            ],
            [
              125.1987728250001,
              10.401853786000059
            ],
            [
              125.19880145300012,
              10.40182797600005
            ],
            [
              125.19881099500004,
              10.401811552000025
            ],
            [
              125.1988253080001,
              10.40179278100004
            ],
            [
              125.19884200700004,
              10.401766972000075
            ],
            [
              125.19884677800007,
              10.401757587000073
            ],
            [
              125.19887301900008,
              10.401720046000037
            ],
            [
              125.19890880300012,
              10.401654349000067
            ],
            [
              125.19892788800009,
              10.401628540000045
            ],
            [
              125.19893265900009,
              10.401619154000057
            ],
            [
              125.19894935800005,
              10.401595691000068
            ],
            [
              125.1989636720001,
              10.401551111000057
            ],
            [
              125.19899229800002,
              10.401508877000026
            ],
            [
              125.19900422600007,
              10.401485414000033
            ],
            [
              125.19901615400012,
              10.401452566000048
            ],
            [
              125.19903046800005,
              10.401419717000069
            ],
            [
              125.19904955200002,
              10.401393908000047
            ],
            [
              125.19909487800008,
              10.401349328000036
            ],
            [
              125.19910442000003,
              10.401344635000042
            ],
            [
              125.19911634800008,
              10.401328211000074
            ],
            [
              125.19912350500009,
              10.401316480000046
            ],
            [
              125.19913781800005,
              10.401281285000039
            ],
            [
              125.19914974600012,
              10.401260168000022
            ],
            [
              125.19915451800011,
              10.401248436000062
            ],
            [
              125.19916406000004,
              10.401236705000027
            ],
            [
              125.19916883100008,
              10.40122497300007
            ],
            [
              125.19918314400002,
              10.401208549000048
            ],
            [
              125.19922608500009,
              10.401147544000025
            ],
            [
              125.19923801200002,
              10.401135813000055
            ],
            [
              125.19927618200008,
              10.401091233000045
            ],
            [
              125.19931435100013,
              10.401056038000034
            ],
            [
              125.19932150700005,
              10.401046653000037
            ],
            [
              125.19933582100008,
              10.401032575000045
            ],
            [
              125.19939307500012,
              10.400955145000069
            ],
            [
              125.19941454500008,
              10.400915258000055
            ],
            [
              125.19943601500006,
              10.40088710200007
            ],
            [
              125.19945703600003,
              10.400840667000065
            ],
            [
              125.19945942200002,
              10.400814857000057
            ],
            [
              125.19946657900006,
              10.40080547200006
            ],
            [
              125.19948804900001,
              10.400742121000064
            ],
            [
              125.19949520600007,
              10.40072569700004
            ],
            [
              125.19956677300002,
              10.400624805000064
            ],
            [
              125.19957870000007,
              10.400613073000043
            ],
            [
              125.19960255600007,
              10.40058257100003
            ],
            [
              125.19960971300009,
              10.400570840000055
            ],
            [
              125.19964311000001,
              10.400533298000028
            ],
            [
              125.19965742400007,
              10.400514528000032
            ],
            [
              125.19967800600013,
              10.400479533000066
            ],
            [
              125.19972444100007,
              10.400413870000023
            ],
            [
              125.19969597600003,
              10.400387988000032
            ],
            [
              125.19974210500006,
              10.400328887000056
            ],
            [
              125.19945173500003,
              10.400060018000035
            ],
            [
              125.19753271000002,
              10.398675567000055
            ],
            [
              125.19739486000003,
              10.398646709000046
            ],
            [
              125.19199200300011,
              10.397535070000062
            ],
            [
              125.18890941800008,
              10.396932529000026
            ],
            [
              125.18681419000008,
              10.401165816000061
            ],
            [
              125.18549814700008,
              10.403759624000033
            ],
            [
              125.1893304230001,
              10.403922612000029
            ],
            [
              125.19302636300007,
              10.404007771000066
            ],
            [
              125.19755981200001,
              10.403854370000031
            ],
            [
              125.19736272100012,
              10.40419563200004
            ],
            [
              125.1974646970001,
              10.404199336000033
            ],
            [
              125.19778701000007,
              10.40355945300007
            ]
          ]
        ]
      },
      "properties": {
        "gid": 6,
        "administra": 4,
        "admin_leve": "Barangay level 4",
        "shape0": "philippines",
        "shape1": "Eastern Visayas",
        "shape2": "Southern Leyte",
        "shape3": "Hinunangan",
        "shape4": "Bangcas A",
        "serial_id": 6,
        "style_info": "",
        "view_zoom_": "",
        "travel_via": "",
        "bearing_an": null,
        "bearing_di": null,
        "created_at": "2026-09-23T00:00:00.000Z",
        "modified_a": "2026-09-23T00:00:00.000Z",
        "geocoded_a": "",
        "properties": ""
      }
    },
    {
      "type": "Feature",
      "geometry": {
        "bbox": [
          125.18427283200002,
          10.403759624000033,
          125.19755981200001,
          10.409699460000068
        ],
        "type": "Polygon",
        "coordinates": [
          [
            [
              125.19504079600007,
              10.409678639000045
            ],
            [
              125.1950407920001,
              10.409661360000028
            ],
            [
              125.1950478120001,
              10.409630255000025
            ],
            [
              125.19505483300007,
              10.40960779000005
            ],
            [
              125.1950671280001,
              10.409592235000046
            ],
            [
              125.19507063800006,
              10.409578411000043
            ],
            [
              125.19507942100006,
              10.40957149700006
            ],
            [
              125.19508995700005,
              10.40955075900007
            ],
            [
              125.19509171100002,
              10.409540391000066
            ],
            [
              125.19508995200012,
              10.409533479000062
            ],
            [
              125.19508306800003,
              10.409520867000026
            ],
            [
              125.1950660550001,
              10.409511304000034
            ],
            [
              125.19506119400013,
              10.40950413200005
            ],
            [
              125.19505633400001,
              10.409489789000075
            ],
            [
              125.19504904500003,
              10.409444369000028
            ],
            [
              125.1950539080001,
              10.409415683000075
            ],
            [
              125.19505391000008,
              10.409394168000064
            ],
            [
              125.19505634100005,
              10.40937265400004
            ],
            [
              125.19505877300003,
              10.409360702000068
            ],
            [
              125.19506363400001,
              10.409348749000058
            ],
            [
              125.19506363700009,
              10.409308111000028
            ],
            [
              125.19506850000005,
              10.409279425000019
            ],
            [
              125.19508308600008,
              10.409226835000027
            ],
            [
              125.19509524200011,
              10.409174244000038
            ],
            [
              125.19511712000006,
              10.409126435000077
            ],
            [
              125.19513899900005,
              10.409059502000048
            ],
            [
              125.195163308,
              10.408994960000031
            ],
            [
              125.19517789300005,
              10.40896866500003
            ],
            [
              125.19519247700009,
              10.408949542000073
            ],
            [
              125.19519976900006,
              10.408942371000023
            ],
            [
              125.19521376600005,
              10.408906778000071
            ],
            [
              125.19522105800002,
              10.408899607000023
            ],
            [
              125.19524536500012,
              10.408863751000071
            ],
            [
              125.19525265800007,
              10.408844627000063
            ],
            [
              125.19526481200012,
              10.408825504000049
            ],
            [
              125.19528668900011,
              10.408784866000074
            ],
            [
              125.19529884300005,
              10.408758571000023
            ],
            [
              125.19531099800007,
              10.408739448000063
            ],
            [
              125.19532315100001,
              10.408713153000065
            ],
            [
              125.1953474610001,
              10.408651001000065
            ],
            [
              125.19535232200009,
              10.408634267000027
            ],
            [
              125.19535961400004,
              10.408619925000039
            ],
            [
              125.19536204600001,
              10.408600801000034
            ],
            [
              125.19536690800008,
              10.40858167700003
            ],
            [
              125.19537663200003,
              10.40855538200003
            ],
            [
              125.19538878600008,
              10.408529087000034
            ],
            [
              125.1954228190001,
              10.40842390700004
            ],
            [
              125.19543254300005,
              10.408402393000076
            ],
            [
              125.19543740499999,
              10.408385660000022
            ],
            [
              125.19544469700008,
              10.408368927000025
            ],
            [
              125.1954617130001,
              10.408337851000056
            ],
            [
              125.19547386700003,
              10.408309166000038
            ],
            [
              125.19551033000006,
              10.408239843000047
            ],
            [
              125.19554192800001,
              10.408196816000043
            ],
            [
              125.19556137400002,
              10.40816096000003
            ],
            [
              125.19558811200011,
              10.40812032300005
            ],
            [
              125.19559540500006,
              10.408105980000073
            ],
            [
              125.19560026600004,
              10.40808924700002
            ],
            [
              125.1956075590001,
              10.408072514000025
            ],
            [
              125.19564158900005,
              10.408017534000068
            ],
            [
              125.19567075900011,
              10.407955383000058
            ],
            [
              125.19568291200005,
              10.407938650000062
            ],
            [
              125.19569749600011,
              10.407929088000058
            ],
            [
              125.19570964900005,
              10.40791474600007
            ],
            [
              125.19571451300011,
              10.40789562200007
            ],
            [
              125.19571694400008,
              10.407864546000042
            ],
            [
              125.195726668,
              10.407835860000034
            ],
            [
              125.19574611500002,
              10.40779044200002
            ],
            [
              125.19575583900009,
              10.407754585000019
            ],
            [
              125.19576070000006,
              10.407742633000057
            ],
            [
              125.19576556300001,
              10.407716337000068
            ],
            [
              125.19577771700007,
              10.407690041000023
            ],
            [
              125.19578744000013,
              10.407673309000073
            ],
            [
              125.19580202600004,
              10.40762310900004
            ],
            [
              125.19583362700008,
              10.407558567000025
            ],
            [
              125.19587348800007,
              10.40749011500003
            ],
            [
              125.19587591800006,
              10.40749011500003
            ],
            [
              125.19589779500006,
              10.407447087000037
            ],
            [
              125.1959075210001,
              10.407406449000062
            ],
            [
              125.19591724500005,
              10.407356249000031
            ],
            [
              125.19591724600001,
              10.407337124000035
            ],
            [
              125.19594155300003,
              10.407298878000063
            ],
            [
              125.19598530700011,
              10.40722238400002
            ],
            [
              125.19601447600007,
              10.407162623000033
            ],
            [
              125.19603149200009,
              10.407121985000057
            ],
            [
              125.19604364700001,
              10.407076566000056
            ],
            [
              125.19605580300004,
              10.407019194000043
            ],
            [
              125.19607768000003,
              10.406971385000077
            ],
            [
              125.19609712600005,
              10.406935529000066
            ],
            [
              125.19609955800001,
              10.406923577000043
            ],
            [
              125.19611657300004,
              10.406887720000043
            ],
            [
              125.19613386200001,
              10.406867910000074
            ],
            [
              125.19614094100008,
              10.406856309000036
            ],
            [
              125.196143301,
              10.40684238700004
            ],
            [
              125.19614094200004,
              10.406828464000055
            ],
            [
              125.19613386600008,
              10.406807580000077
            ],
            [
              125.19614993000005,
              10.406783325000047
            ],
            [
              125.19616185800011,
              10.406773940000049
            ],
            [
              125.19617617100005,
              10.406757516000027
            ],
            [
              125.19618332800006,
              10.406743438000037
            ],
            [
              125.19618571400008,
              10.406729360000043
            ],
            [
              125.19620718600005,
              10.406682434000063
            ],
            [
              125.19624297000007,
              10.406635508000022
            ],
            [
              125.19627398400007,
              10.40658154300007
            ],
            [
              125.19630738300008,
              10.406513500000072
            ],
            [
              125.19635032400005,
              10.406457189000035
            ],
            [
              125.19638133800002,
              10.406400877000069
            ],
            [
              125.19639803700011,
              10.406365683000045
            ],
            [
              125.19640996600002,
              10.406344566000028
            ],
            [
              125.19643143600001,
              10.406325796000033
            ],
            [
              125.19643143600001,
              10.40631171800004
            ],
            [
              125.1964266660001,
              10.406274176000068
            ],
            [
              125.1964266660001,
              10.406262445000038
            ],
            [
              125.19643382300002,
              10.40624367400005
            ],
            [
              125.19643620900003,
              10.40622959600006
            ],
            [
              125.19643382400011,
              10.406220211000063
            ],
            [
              125.19643382400011,
              10.406213172000038
            ],
            [
              125.19643859500002,
              10.406192055000075
            ],
            [
              125.19644813800004,
              10.40618267000002
            ],
            [
              125.19645290900007,
              10.40616859200003
            ],
            [
              125.19646483800011,
              10.406105241000034
            ],
            [
              125.19647676700004,
              10.406084125000065
            ],
            [
              125.19649108100009,
              10.406053622000057
            ],
            [
              125.19650539500003,
              10.406018428000039
            ],
            [
              125.19654117900008,
              10.405952731000069
            ],
            [
              125.19655072200011,
              10.405929268000023
            ],
            [
              125.196560265,
              10.40591753700005
            ],
            [
              125.19657219300007,
              10.40590815100006
            ],
            [
              125.19657934900012,
              10.405898766000066
            ],
            [
              125.19658889200001,
              10.405877649000047
            ],
            [
              125.19659843500007,
              10.40584480100006
            ],
            [
              125.19660559200008,
              10.405835415000068
            ],
            [
              125.19662229100004,
              10.405818992000036
            ],
            [
              125.19663660500011,
              10.405797875000074
            ],
            [
              125.19664376200002,
              10.405790836000051
            ],
            [
              125.19665330500005,
              10.405769719000034
            ],
            [
              125.19665330500005,
              10.405760334000036
            ],
            [
              125.196646148,
              10.405739217000077
            ],
            [
              125.19664853400002,
              10.40572983100003
            ],
            [
              125.19666046200007,
              10.405718100000056
            ],
            [
              125.19667239000012,
              10.405701676000037
            ],
            [
              125.1966938610001,
              10.405680559000073
            ],
            [
              125.19672487400008,
              10.405645364000067
            ],
            [
              125.19675588700011,
              10.405598438000027
            ],
            [
              125.19676543000003,
              10.405574975000034
            ],
            [
              125.19677735800008,
              10.405558550000023
            ],
            [
              125.1968193670001,
              10.405519104000064
            ],
            [
              125.19682890800004,
              10.40550502600007
            ],
            [
              125.19686946500008,
              10.405411173000061
            ],
            [
              125.19686230800006,
              10.405373631000032
            ],
            [
              125.19686708000006,
              10.405357207000064
            ],
            [
              125.19688139400013,
              10.405333744000076
            ],
            [
              125.1969052500001,
              10.40530324200006
            ],
            [
              125.19691717800005,
              10.405272740000044
            ],
            [
              125.19692195000005,
              10.405253969000057
            ],
            [
              125.19698874800007,
              10.405129614000032
            ],
            [
              125.19699590500012,
              10.405099112000073
            ],
            [
              125.19700067600002,
              10.405089727000075
            ],
            [
              125.19700306200004,
              10.405075649000025
            ],
            [
              125.19700783300004,
              10.405061571000033
            ],
            [
              125.19703168900004,
              10.40502403000005
            ],
            [
              125.19704361800008,
              10.404995874000065
            ],
            [
              125.19705316000012,
              10.404979450000042
            ],
            [
              125.19706270300001,
              10.404937216000066
            ],
            [
              125.19708178800012,
              10.404902022000044
            ],
            [
              125.1970865610001,
              10.404876212000033
            ],
            [
              125.19709133100002,
              10.404859788000065
            ],
            [
              125.19716312600006,
              10.404762918000074
            ],
            [
              125.19717939600004,
              10.40474514300007
            ],
            [
              125.19719146100012,
              10.404735645000068
            ],
            [
              125.19720352500008,
              10.404717839000059
            ],
            [
              125.1974646970001,
              10.404199336000033
            ],
            [
              125.19736272100012,
              10.40419563200004
            ],
            [
              125.19755981200001,
              10.403854370000031
            ],
            [
              125.19302636300007,
              10.404007771000066
            ],
            [
              125.1893304230001,
              10.403922612000029
            ],
            [
              125.18549814700008,
              10.403759624000033
            ],
            [
              125.18427283200002,
              10.406550616000057
            ],
            [
              125.18621053100004,
              10.407068138000055
            ],
            [
              125.19160595300002,
              10.408984429000043
            ],
            [
              125.1947907870001,
              10.409594751000045
            ],
            [
              125.1947845110001,
              10.409612168000024
            ],
            [
              125.19492151800011,
              10.409642760000054
            ],
            [
              125.195028707,
              10.409699460000068
            ],
            [
              125.19504079600007,
              10.409678639000045
            ]
          ]
        ]
      },
      "properties": {
        "gid": 7,
        "administra": 4,
        "admin_leve": "Barangay level 4",
        "shape0": "philippines",
        "shape1": "Eastern Visayas",
        "shape2": "Southern Leyte",
        "shape3": "Hinunangan",
        "shape4": "Bangcas B",
        "serial_id": 7,
        "style_info": "",
        "view_zoom_": "",
        "travel_via": "",
        "bearing_an": null,
        "bearing_di": null,
        "created_at": "2026-09-23T00:00:00.000Z",
        "modified_a": "2026-09-23T00:00:00.000Z",
        "geocoded_a": "",
        "properties": ""
      }
    },
    {
      "type": "Feature",
      "geometry": {
        "bbox": [
          125.19739486000003,
          10.394164603000037,
          125.2028794160001,
          10.400413870000023
        ],
        "type": "Polygon",
        "coordinates": [
          [
            [
              125.19984648100002,
              10.400241295000061
            ],
            [
              125.19985302000009,
              10.400218761000076
            ],
            [
              125.19986446900009,
              10.400199445000055
            ],
            [
              125.19987264600002,
              10.40018173900006
            ],
            [
              125.19988409700012,
              10.400168861000052
            ],
            [
              125.19990372900007,
              10.400154371000044
            ],
            [
              125.1999331740001,
              10.400125393000051
            ],
            [
              125.20003231700004,
              10.399974995000038
            ],
            [
              125.20004049600006,
              10.399965336000035
            ],
            [
              125.20011245800004,
              10.399831735000019
            ],
            [
              125.2003359790001,
              10.39953378700005
            ],
            [
              125.20046791300001,
              10.39932483900003
            ],
            [
              125.20080958400001,
              10.39891546900003
            ],
            [
              125.20083903000013,
              10.398888100000022
            ],
            [
              125.20085865900012,
              10.398860735000028
            ],
            [
              125.20125978000011,
              10.398449564000032
            ],
            [
              125.20129553500009,
              10.398404381000034
            ],
            [
              125.20133640100005,
              10.398345810000025
            ],
            [
              125.20137727200007,
              10.398272173000063
            ],
            [
              125.2014368670001,
              10.398186826000028
            ],
            [
              125.20154412900001,
              10.398057975000025
            ],
            [
              125.2018693130001,
              10.397692785000055
            ],
            [
              125.20190846700007,
              10.397655973000044
            ],
            [
              125.20192038500012,
              10.39764091300003
            ],
            [
              125.20193570700008,
              10.397625853000022
            ],
            [
              125.20195102900004,
              10.397612467000044
            ],
            [
              125.20197656800006,
              10.397578999000077
            ],
            [
              125.20200380700011,
              10.39755390000005
            ],
            [
              125.20204807100004,
              10.397508721000065
            ],
            [
              125.20208382900012,
              10.397455169000066
            ],
            [
              125.20212129200002,
              10.39739157400004
            ],
            [
              125.20214001900001,
              10.397373168000058
            ],
            [
              125.2021893880001,
              10.397329665000026
            ],
            [
              125.20221662400003,
              10.397311261000027
            ],
            [
              125.20223024300005,
              10.397299549000026
            ],
            [
              125.20224386100006,
              10.39729118400004
            ],
            [
              125.20224896900004,
              10.397282817000072
            ],
            [
              125.2022775050001,
              10.397258394000058
            ],
            [
              125.20234559700009,
              10.397206527000035
            ],
            [
              125.20240347700009,
              10.397156330000028
            ],
            [
              125.20243752100009,
              10.397134581000044
            ],
            [
              125.20248348300005,
              10.397101120000059
            ],
            [
              125.20249880200005,
              10.39709275600006
            ],
            [
              125.20252774300003,
              10.397065984000049
            ],
            [
              125.20257370700006,
              10.397029174000068
            ],
            [
              125.20261286100003,
              10.396990687000025
            ],
            [
              125.20265201300005,
              10.396963920000074
            ],
            [
              125.20266563300005,
              10.396952208000071
            ],
            [
              125.20268265400013,
              10.396942170000047
            ],
            [
              125.20270988700008,
              10.396930463000047
            ],
            [
              125.20272350500011,
              10.396922098000061
            ],
            [
              125.20275755100012,
              10.396895328000028
            ],
            [
              125.20277403600006,
              10.39687884600005
            ],
            [
              125.20274781700004,
              10.396826270000076
            ],
            [
              125.2028794160001,
              10.396725021000066
            ],
            [
              125.20198572700008,
              10.395996332000037
            ],
            [
              125.20195984500003,
              10.39597836900003
            ],
            [
              125.20115372800001,
              10.395402881000052
            ],
            [
              125.20115193300012,
              10.395401598000033
            ],
            [
              125.20105629500006,
              10.395340272000054
            ],
            [
              125.20070122600009,
              10.39511269800005
            ],
            [
              125.20090772700007,
              10.394845956000038
            ],
            [
              125.20076092300008,
              10.394247753000057
            ],
            [
              125.20073962300012,
              10.394164603000037
            ],
            [
              125.20070196400002,
              10.394227020000073
            ],
            [
              125.20068078100007,
              10.394260207000059
            ],
            [
              125.20064769300005,
              10.394311992000041
            ],
            [
              125.20052583400002,
              10.394453104000036
            ],
            [
              125.19994204300008,
              10.395226650000039
            ],
            [
              125.19938359500009,
              10.395980718000034
            ],
            [
              125.19924130800008,
              10.39616100400002
            ],
            [
              125.19908439800007,
              10.396370957000043
            ],
            [
              125.19877065600008,
              10.396777096000047
            ],
            [
              125.19832704600003,
              10.397412563000046
            ],
            [
              125.1977613890001,
              10.398146318000045
            ],
            [
              125.19739486000003,
              10.398646709000046
            ],
            [
              125.19753271000002,
              10.398675567000055
            ],
            [
              125.19945173500003,
              10.400060018000035
            ],
            [
              125.19974210500006,
              10.400328887000056
            ],
            [
              125.19969597600003,
              10.400387988000032
            ],
            [
              125.19972444100007,
              10.400413870000023
            ],
            [
              125.19984648100002,
              10.400241295000061
            ]
          ]
        ]
      },
      "properties": {
        "gid": 25,
        "administra": 4,
        "admin_leve": "Barangay level 4",
        "shape0": "philippines",
        "shape1": "Eastern Visayas",
        "shape2": "Southern Leyte",
        "shape3": "Hinunangan",
        "shape4": "Poblacion",
        "serial_id": 25,
        "style_info": "",
        "view_zoom_": "",
        "travel_via": "",
        "bearing_an": null,
        "bearing_di": null,
        "created_at": "2026-09-23T00:00:00.000Z",
        "modified_a": "2026-09-23T00:00:00.000Z",
        "geocoded_a": "",
        "properties": ""
      }
    },
    {
      "type": "Feature",
      "geometry": {
        "bbox": [
          125.14780114500002,
          10.363339043000055,
          125.1763938460001,
          10.391275568000026
        ],
        "type": "Polygon",
        "coordinates": [
          [
            [
              125.16717472400002,
              10.383804708000072
            ],
            [
              125.1763938460001,
              10.371539146000032
            ],
            [
              125.17608579600005,
              10.370922102000067
            ],
            [
              125.17582728100001,
              10.37050094500006
            ],
            [
              125.17548697100005,
              10.370165898000039
            ],
            [
              125.1750582630001,
              10.369882779000022
            ],
            [
              125.17461680800011,
              10.369624066000027
            ],
            [
              125.17419670400011,
              10.369392483000068
            ],
            [
              125.17396075900002,
              10.369240411000023
            ],
            [
              125.17371662400001,
              10.368993576000038
            ],
            [
              125.17347265600006,
              10.36863801000004
            ],
            [
              125.1732578860001,
              10.368151010000076
            ],
            [
              125.17312427400009,
              10.36780874200002
            ],
            [
              125.17299186900006,
              10.367137957000068
            ],
            [
              125.17292652800006,
              10.366646762000073
            ],
            [
              125.1729753410001,
              10.365641260000075
            ],
            [
              125.17297666400009,
              10.36524143100007
            ],
            [
              125.17297858700012,
              10.364901935000034
            ],
            [
              125.17296286300007,
              10.364559693000047
            ],
            [
              125.17289616800008,
              10.364327212000035
            ],
            [
              125.1727339370001,
              10.364165677000072
            ],
            [
              125.1725287260001,
              10.364007410000056
            ],
            [
              125.17233833300008,
              10.36386376100006
            ],
            [
              125.17172786900007,
              10.363653274000056
            ],
            [
              125.171294943,
              10.363465589000043
            ],
            [
              125.17092195500004,
              10.363339043000055
            ],
            [
              125.1708560400001,
              10.363339091000057
            ],
            [
              125.17064352999999,
              10.363360616000024
            ],
            [
              125.17040214400004,
              10.363447636000043
            ],
            [
              125.17002284900002,
              10.363714221000066
            ],
            [
              125.16971404600007,
              10.364058388000048
            ],
            [
              125.1691991360001,
              10.364823527000057
            ],
            [
              125.16886296300002,
              10.365415572000074
            ],
            [
              125.1684174190001,
              10.365948923000074
            ],
            [
              125.1678439840001,
              10.36675875900005
            ],
            [
              125.16737218200001,
              10.367797576000045
            ],
            [
              125.16700099800003,
              10.368242019000036
            ],
            [
              125.16649158700011,
              10.368708090000041
            ],
            [
              125.16573729200002,
              10.369814220000022
            ],
            [
              125.16514082400012,
              10.370798818000026
            ],
            [
              125.16482089400006,
              10.371617727000059
            ],
            [
              125.16466427400007,
              10.371847865000062
            ],
            [
              125.16451367900004,
              10.37204314400003
            ],
            [
              125.1642538110001,
              10.372155070000074
            ],
            [
              125.16385807500001,
              10.372196356000073
            ],
            [
              125.16353100200003,
              10.372182206000046
            ],
            [
              125.16289405300007,
              10.372067077000056
            ],
            [
              125.14780114500002,
              10.373593313000073
            ],
            [
              125.16154681800005,
              10.391275568000026
            ],
            [
              125.16717472400002,
              10.383804708000072
            ]
          ]
        ]
      },
      "properties": {
        "gid": 32,
        "administra": 4,
        "admin_leve": "Barangay level 4",
        "shape0": "philippines",
        "shape1": "Eastern Visayas",
        "shape2": "Southern Leyte",
        "shape3": "Hinunangan",
        "shape4": "Nueva Esperanza",
        "serial_id": 32,
        "style_info": "",
        "view_zoom_": "",
        "travel_via": "",
        "bearing_an": null,
        "bearing_di": null,
        "created_at": "2026-09-23T00:00:00.000Z",
        "modified_a": "2026-09-23T00:00:00.000Z",
        "geocoded_a": "",
        "properties": ""
      }
    },
    {
      "type": "Feature",
      "geometry": {
        "bbox": [
          125.16455201700012,
          10.413333770000065,
          125.18696736800007,
          10.428597899000065
        ],
        "type": "Polygon",
        "coordinates": [
          [
            [
              125.1800042770001,
              10.428584643000022
            ],
            [
              125.18002922900007,
              10.428534829000057
            ],
            [
              125.18006023700003,
              10.42845147500003
            ],
            [
              125.18006667100008,
              10.428426503000024
            ],
            [
              125.18007658400006,
              10.428409787000021
            ],
            [
              125.18009151600006,
              10.428389690000069
            ],
            [
              125.18012912600011,
              10.428294639000057
            ],
            [
              125.18017367200004,
              10.428214438000055
            ],
            [
              125.18020826300005,
              10.428147635000071
            ],
            [
              125.18021469700011,
              10.428122663000067
            ],
            [
              125.1802212360001,
              10.428105988000027
            ],
            [
              125.18023785600008,
              10.428085870000077
            ],
            [
              125.18025417800004,
              10.428054600000053
            ],
            [
              125.18025407300003,
              10.428046304000075
            ],
            [
              125.18029330600005,
              10.427946253000073
            ],
            [
              125.18030775700005,
              10.42788799400006
            ],
            [
              125.180317187,
              10.427833115000057
            ],
            [
              125.1803228880001,
              10.427750069000071
            ],
            [
              125.18032603100005,
              10.427731776000027
            ],
            [
              125.18033419400001,
              10.42771010300004
            ],
            [
              125.18034079600011,
              10.427698406000049
            ],
            [
              125.18035533000011,
              10.427646783000055
            ],
            [
              125.1803686180001,
              10.427630026000031
            ],
            [
              125.18038346700007,
              10.427603292000072
            ],
            [
              125.18039471000009,
              10.427558348000044
            ],
            [
              125.18039928900008,
              10.427520123000024
            ],
            [
              125.18041232500002,
              10.427483455000072
            ],
            [
              125.18041700900005,
              10.42745352600002
            ],
            [
              125.18042513000012,
              10.427428534000056
            ],
            [
              125.18043506400011,
              10.427413477000075
            ],
            [
              125.18043825100007,
              10.427398503000061
            ],
            [
              125.18045634700002,
              10.42736177300003
            ],
            [
              125.18046446800007,
              10.427336781000067
            ],
            [
              125.18047767200007,
              10.427313386000037
            ],
            [
              125.18048416900002,
              10.427293393000072
            ],
            [
              125.18050549300006,
              10.427245006000021
            ],
            [
              125.18051030300013,
              10.42722503300007
            ],
            [
              125.18051180100008,
              10.427210079000078
            ],
            [
              125.18052175600009,
              10.427196682000044
            ],
            [
              125.18053675200008,
              10.427181563000032
            ],
            [
              125.18055164200007,
              10.427158147000055
            ],
            [
              125.1805446840001,
              10.427141637000032
            ],
            [
              125.18052583300006,
              10.427118635000056
            ],
            [
              125.18050200300003,
              10.42710233100007
            ],
            [
              125.18048669300003,
              10.427092561000052
            ],
            [
              125.18046973800006,
              10.42708613000002
            ],
            [
              125.18043935000003,
              10.427084842000056
            ],
            [
              125.1803905490001,
              10.427095395000036
            ],
            [
              125.18037376100004,
              10.42710223800003
            ],
            [
              125.18035532900001,
              10.42711242100006
            ],
            [
              125.18032506600004,
              10.427121088000034
            ],
            [
              125.18030342700003,
              10.42714458600005
            ],
            [
              125.18028162000007,
              10.427154809000058
            ],
            [
              125.18026824900005,
              10.427164930000059
            ],
            [
              125.1802531280001,
              10.427170093000028
            ],
            [
              125.18024300500008,
              10.427170217000024
            ],
            [
              125.18023292500003,
              10.427173659000061
            ],
            [
              125.180221177,
              10.427178781000064
            ],
            [
              125.18021451300001,
              10.427185501000054
            ],
            [
              125.18020961900005,
              10.427198837000049
            ],
            [
              125.1802081200001,
              10.427213790000055
            ],
            [
              125.18020714600003,
              10.427270226000076
            ],
            [
              125.18021416700005,
              10.427291714000035
            ],
            [
              125.18021779300011,
              10.427311583000064
            ],
            [
              125.18020798500002,
              10.427336596000032
            ],
            [
              125.18021483800011,
              10.427344810000022
            ],
            [
              125.180221586,
              10.427344727000046
            ],
            [
              125.18023219100007,
              10.427382766000047
            ],
            [
              125.18024579300004,
              10.427390898000054
            ],
            [
              125.18025420700008,
              10.427389135000057
            ],
            [
              125.1802897010001,
              10.42739368000002
            ],
            [
              125.18029497100008,
              10.427410211000051
            ],
            [
              125.18029182700002,
              10.427428504000032
            ],
            [
              125.18028351700002,
              10.427438563000067
            ],
            [
              125.18026341900008,
              10.427450425000073
            ],
            [
              125.18025331800003,
              10.427452208000036
            ],
            [
              125.18023821700001,
              10.427459030000023
            ],
            [
              125.18023328200002,
              10.427469048000033
            ],
            [
              125.18024371800003,
              10.42749381300007
            ],
            [
              125.1802505930001,
              10.427503686000021
            ],
            [
              125.18026583900007,
              10.42750847800005
            ],
            [
              125.18027935700002,
              10.427509972000053
            ],
            [
              125.18028452400004,
              10.427518207000047
            ],
            [
              125.18028300400009,
              10.427531500000045
            ],
            [
              125.1803016670001,
              10.427539571000064
            ],
            [
              125.18028852700002,
              10.42756794300004
            ],
            [
              125.18026188900001,
              10.427596480000034
            ],
            [
              125.18025012100007,
              10.427599943000073
            ],
            [
              125.18023533500002,
              10.42763165300005
            ],
            [
              125.18023219200006,
              10.427649947000077
            ],
            [
              125.18023246400003,
              10.42767151800007
            ],
            [
              125.18022748700002,
              10.427678217000048
            ],
            [
              125.18021578300011,
              10.427686657000038
            ],
            [
              125.1802057010001,
              10.42769009900007
            ],
            [
              125.18019732800009,
              10.427695180000057
            ],
            [
              125.18018720600003,
              10.427695304000054
            ],
            [
              125.18017858100006,
              10.427680474000054
            ],
            [
              125.18018516200004,
              10.427667117000055
            ],
            [
              125.18020028300008,
              10.42766195400003
            ],
            [
              125.1802102800001,
              10.427651875000038
            ],
            [
              125.18021005000004,
              10.427633623000077
            ],
            [
              125.18022141900008,
              10.42759863400005
            ],
            [
              125.18022768600008,
              10.427560389000064
            ],
            [
              125.18023418300004,
              10.42754039500005
            ],
            [
              125.18023367900004,
              10.427500573000032
            ],
            [
              125.18022836700004,
              10.427480724000075
            ],
            [
              125.18021811800007,
              10.42747089200003
            ],
            [
              125.18021457700003,
              10.427457660000071
            ],
            [
              125.18023790200003,
              10.427434141000049
            ],
            [
              125.18024283800001,
              10.427424124000025
            ],
            [
              125.18023758800008,
              10.427409253000063
            ],
            [
              125.18021363300011,
              10.42738299300004
            ],
            [
              125.18020675900004,
              10.427373120000027
            ],
            [
              125.1801965100001,
              10.427363288000036
            ],
            [
              125.18018786500012,
              10.427346799000073
            ],
            [
              125.18017932500004,
              10.427338606000033
            ],
            [
              125.18017074200009,
              10.427327094000079
            ],
            [
              125.18017232500006,
              10.427318777000037
            ],
            [
              125.18016840600002,
              10.427293334000067
            ],
            [
              125.18015305400002,
              10.427280245000075
            ],
            [
              125.18014782500005,
              10.427267033000017
            ],
            [
              125.18015282400006,
              10.427261993000059
            ],
            [
              125.18016621600009,
              10.427253532000066
            ],
            [
              125.18016442400007,
              10.427245256000047
            ],
            [
              125.18016758899999,
              10.427228623000074
            ],
            [
              125.1801758150001,
              10.427211927000027
            ],
            [
              125.18016891900002,
              10.427200394000067
            ],
            [
              125.1801670650001,
              10.427187141000045
            ],
            [
              125.180161773,
              10.427168951000056
            ],
            [
              125.18015319200003,
              10.42715743900004
            ],
            [
              125.18015137800013,
              10.427147503000068
            ],
            [
              125.180161354,
              10.427135766000049
            ],
            [
              125.18017310100004,
              10.427130644000043
            ],
            [
              125.18019003500001,
              10.427135415000066
            ],
            [
              125.18020192800009,
              10.427141908000067
            ],
            [
              125.18020876200002,
              10.42714846200005
            ],
            [
              125.18022057100008,
              10.427148318000036
            ],
            [
              125.18022723500007,
              10.427141599000038
            ],
            [
              125.18023560800009,
              10.427136518000056
            ],
            [
              125.18024558400009,
              10.42712477900005
            ],
            [
              125.18024879100004,
              10.427111464000062
            ],
            [
              125.18024362400001,
              10.427103229000068
            ],
            [
              125.1802452070001,
              10.427094913000072
            ],
            [
              125.1802518290001,
              10.427084875000048
            ],
            [
              125.18024495500003,
              10.427075001000048
            ],
            [
              125.18025668100006,
              10.427068220000024
            ],
            [
              125.18026688800012,
              10.42707473300004
            ],
            [
              125.18028888300012,
              10.427079443000025
            ],
            [
              125.18029400700004,
              10.427084358000059
            ],
            [
              125.18030748300009,
              10.427082535000068
            ],
            [
              125.18032760300004,
              10.427072332000025
            ],
            [
              125.1803344560001,
              10.42708054600007
            ],
            [
              125.18034460100012,
              10.427082080000048
            ],
            [
              125.18035126500001,
              10.42707536200004
            ],
            [
              125.18035786600001,
              10.427063664000062
            ],
            [
              125.18036103100007,
              10.427047031000031
            ],
            [
              125.18036092600005,
              10.427038734000066
            ],
            [
              125.18036421700002,
              10.427032056000026
            ],
            [
              125.18036411200002,
              10.427023760000056
            ],
            [
              125.18035557100008,
              10.427015567000067
            ],
            [
              125.18034707300001,
              10.427010692000067
            ],
            [
              125.18033505400003,
              10.426994244000069
            ],
            [
              125.18033497000009,
              10.426987607000056
            ],
            [
              125.18035182000006,
              10.426985741000067
            ],
            [
              125.18036715100004,
              10.426997170000051
            ],
            [
              125.18038410600002,
              10.427003601000024
            ],
            [
              125.18040949700003,
              10.42700992900006
            ],
            [
              125.18041961900009,
              10.427009805000068
            ],
            [
              125.18042457600008,
              10.427001447000066
            ],
            [
              125.18043124000008,
              10.42699472800007
            ],
            [
              125.18043796800008,
              10.426992986000073
            ],
            [
              125.18045486000007,
              10.426994439000053
            ],
            [
              125.18045983700007,
              10.426987740000072
            ],
            [
              125.18046652300006,
              10.426982680000037
            ],
            [
              125.18048002000013,
              10.426982515000077
            ],
            [
              125.18049535000011,
              10.42699394400006
            ],
            [
              125.18052236500013,
              10.426995274000033
            ],
            [
              125.18053246700005,
              10.426993491000074
            ],
            [
              125.18054754600007,
              10.426985009000077
            ],
            [
              125.18055583500006,
              10.426973291000023
            ],
            [
              125.18056290300001,
              10.426944987000066
            ],
            [
              125.18057016600005,
              10.426934665000031
            ],
            [
              125.18058596300013,
              10.426933026000027
            ],
            [
              125.18062421800005,
              10.42697390400002
            ],
            [
              125.18061840200005,
              10.42699598400003
            ],
            [
              125.18061674400008,
              10.427020515000038
            ],
            [
              125.18062734400007,
              10.427023862000055
            ],
            [
              125.18062755900007,
              10.427049951000072
            ],
            [
              125.18062340700011,
              10.427074483000068
            ],
            [
              125.18062424800009,
              10.427121092000046
            ],
            [
              125.18063339700008,
              10.427134174000061
            ],
            [
              125.18064337400004,
              10.427132536000048
            ],
            [
              125.18066000000012,
              10.427118632000033
            ],
            [
              125.18068992500004,
              10.427089188000025
            ],
            [
              125.18071735500007,
              10.427052386000069
            ],
            [
              125.18074644600007,
              10.42700331700007
            ],
            [
              125.18076639600008,
              10.426981235000028
            ],
            [
              125.18079509100006,
              10.426945473000044
            ],
            [
              125.18080296800008,
              10.426928076000024
            ],
            [
              125.1808430320001,
              10.42686689100003
            ],
            [
              125.18084989500005,
              10.426840650000027
            ],
            [
              125.1808648540001,
              10.426812844000038
            ],
            [
              125.1809014260001,
              10.426758050000046
            ],
            [
              125.18091139900004,
              10.42673842300007
            ],
            [
              125.18093064600008,
              10.426723103000027
            ],
            [
              125.18094868100002,
              10.42668139500006
            ],
            [
              125.18098500000008,
              10.426617889000054
            ],
            [
              125.1810212360001,
              10.42654774700003
            ],
            [
              125.18104606000009,
              10.42650927500006
            ],
            [
              125.18107413300002,
              10.426460806000021
            ],
            [
              125.18110562200003,
              10.426415614000062
            ],
            [
              125.18112873900009,
              10.42637550300003
            ],
            [
              125.18117315900008,
              10.426285346000041
            ],
            [
              125.18120287800002,
              10.426233538000075
            ],
            [
              125.18121449900002,
              10.426218460000031
            ],
            [
              125.18122547600002,
              10.42619949300007
            ],
            [
              125.18124376100002,
              10.426177696000023
            ],
            [
              125.18126852400007,
              10.42613424600006
            ],
            [
              125.18128345500008,
              10.426114149000057
            ],
            [
              125.18130494800003,
              10.426079036000035
            ],
            [
              125.18131823500006,
              10.426062279000062
            ],
            [
              125.18133312500005,
              10.426038864000075
            ],
            [
              125.1813711530001,
              10.425976997000017
            ],
            [
              125.18142227900012,
              10.425883439000073
            ],
            [
              125.18144541600007,
              10.425844987000058
            ],
            [
              125.18147690500008,
              10.425799796000035
            ],
            [
              125.18151493300002,
              10.425737929000036
            ],
            [
              125.18155142000013,
              10.425687698000049
            ],
            [
              125.18157786900008,
              10.425644227000019
            ],
            [
              125.18159115600008,
              10.425627470000048
            ],
            [
              125.18164900900001,
              10.425532171000041
            ],
            [
              125.18169207700011,
              10.425468583000052
            ],
            [
              125.18171688100006,
              10.425428451000071
            ],
            [
              125.18173347900007,
              10.425406675000033
            ],
            [
              125.18176328100002,
              10.425361504000023
            ],
            [
              125.18177662400002,
              10.425337776000045
            ],
            [
              125.18182469100009,
              10.42526914800004
            ],
            [
              125.18192730000011,
              10.425110239000048
            ],
            [
              125.18197869800008,
              10.425038252000038
            ],
            [
              125.182056524,
              10.424921135000035
            ],
            [
              125.18206968600009,
              10.42489442100003
            ],
            [
              125.1821095050001,
              10.42484083000005
            ],
            [
              125.18215767600009,
              10.424780499000063
            ],
            [
              125.18221561300004,
              10.42469183700007
            ],
            [
              125.18227211500006,
              10.42462310600007
            ],
            [
              125.18230014500013,
              10.42457131800006
            ],
            [
              125.18233332100012,
              10.42452610600003
            ],
            [
              125.18234490100008,
              10.424507710000059
            ],
            [
              125.1823990910001,
              10.424442756000076
            ],
            [
              125.18248537300009,
              10.424327194000053
            ],
            [
              125.18252694200011,
              10.424278560000062
            ],
            [
              125.18255516200007,
              10.42424170600003
            ],
            [
              125.18257346800009,
              10.424221568000062
            ],
            [
              125.18260164500008,
              10.424181395000062
            ],
            [
              125.18264652600011,
              10.424127742000055
            ],
            [
              125.1826631240001,
              10.424105965000024
            ],
            [
              125.18269786100008,
              10.424050777000048
            ],
            [
              125.18272439300006,
              10.424013943000034
            ],
            [
              125.18275265400007,
              10.423980407000046
            ],
            [
              125.18277587500006,
              10.423948593000032
            ],
            [
              125.18280255400009,
              10.423923374000022
            ],
            [
              125.18282406700006,
              10.423889921000068
            ],
            [
              125.18285724200005,
              10.423844708000047
            ],
            [
              125.18287377800004,
              10.423817954000071
            ],
            [
              125.18289712400009,
              10.423796095000057
            ],
            [
              125.18291874200008,
              10.423770938000075
            ],
            [
              125.18294356600006,
              10.423732465000056
            ],
            [
              125.1829569160001,
              10.423720684000042
            ],
            [
              125.18299096100009,
              10.42368219000002
            ],
            [
              125.18300097800011,
              10.42367377000005
            ],
            [
              125.1830059560001,
              10.42366707000002
            ],
            [
              125.18300839300004,
              10.423656021000056
            ],
            [
              125.18300772300006,
              10.42364126900003
            ],
            [
              125.18301805500006,
              10.423635038000045
            ],
            [
              125.18302638600007,
              10.423622907000038
            ],
            [
              125.18304071600004,
              10.423608807000049
            ],
            [
              125.18304904800003,
              10.423604872000054
            ],
            [
              125.18305971100006,
              10.423586511000057
            ],
            [
              125.18307037600003,
              10.423578641000063
            ],
            [
              125.18308803600009,
              10.42355175500006
            ],
            [
              125.18308936800007,
              10.423545199000046
            ],
            [
              125.1831000300001,
              10.423524543000044
            ],
            [
              125.18310436200011,
              10.423520608000048
            ],
            [
              125.18312102700008,
              10.423513065000064
            ],
            [
              125.18312802500007,
              10.423501262000059
            ],
            [
              125.18314913100006,
              10.423478397000054
            ],
            [
              125.18317185100013,
              10.423460645000036
            ],
            [
              125.18318533100012,
              10.423440842000046
            ],
            [
              125.18318932400007,
              10.423427031000074
            ],
            [
              125.18322841000008,
              10.423380026000073
            ],
            [
              125.18323910200002,
              10.423372794000043
            ],
            [
              125.18324411300013,
              10.423365563000061
            ],
            [
              125.18326349100003,
              10.423350441000023
            ],
            [
              125.18326883600001,
              10.423344196000071
            ],
            [
              125.18328320000013,
              10.423322174000075
            ],
            [
              125.18329088400004,
              10.423313627000027
            ],
            [
              125.18329221900001,
              10.423306725000032
            ],
            [
              125.18329723000012,
              10.42329883700006
            ],
            [
              125.18332323800007,
              10.423266105000039
            ],
            [
              125.18334186600008,
              10.42324472200005
            ],
            [
              125.1833558390001,
              10.423237592000023
            ],
            [
              125.18336566800009,
              10.423216211000067
            ],
            [
              125.18338998900003,
              10.423193300000033
            ],
            [
              125.1834018930001,
              10.423193297000065
            ],
            [
              125.18340292700009,
              10.423188716000025
            ],
            [
              125.18340085500004,
              10.423179554000058
            ],
            [
              125.18341793100001,
              10.423161225000054
            ],
            [
              125.1834225880001,
              10.423160206000032
            ],
            [
              125.18342465700006,
              10.423153588000048
            ],
            [
              125.18343190100005,
              10.42314493300006
            ],
            [
              125.18343739900003,
              10.423142421000023
            ],
            [
              125.18345072800004,
              10.42312898100005
            ],
            [
              125.18346899300003,
              10.42310552500004
            ],
            [
              125.1834755110001,
              10.423087190000045
            ],
            [
              125.1834804880001,
              10.423080491000064
            ],
            [
              125.18349046400012,
              10.423068753000054
            ],
            [
              125.18350218900001,
              10.423061971000038
            ],
            [
              125.18351220700004,
              10.423053551000068
            ],
            [
              125.18353209600002,
              10.42302509600006
            ],
            [
              125.18355381800006,
              10.423008235000056
            ],
            [
              125.18356870800005,
              10.42298482000007
            ],
            [
              125.18359034700006,
              10.42296132200005
            ],
            [
              125.18359694900006,
              10.422949625000058
            ],
            [
              125.18360527900006,
              10.422941225000045
            ],
            [
              125.18362518900007,
              10.422914430000048
            ],
            [
              125.18364180800006,
              10.42289431200004
            ],
            [
              125.18366848700009,
              10.422869093000033
            ],
            [
              125.1836867930001,
              10.422848955000063
            ],
            [
              125.1837232790001,
              10.422798724000073
            ],
            [
              125.18374162800002,
              10.422781904000033
            ],
            [
              125.18375493600003,
              10.422766806000025
            ],
            [
              125.183783176,
              10.422731611000074
            ],
            [
              125.18380137700002,
              10.422703176000027
            ],
            [
              125.18388280600004,
              10.422604269000033
            ],
            [
              125.18391444100007,
              10.42257069200002
            ],
            [
              125.18393106100005,
              10.422550575000061
            ],
            [
              125.18396773600011,
              10.422515277000059
            ],
            [
              125.18398437600001,
              10.422496818000068
            ],
            [
              125.18400099500003,
              10.42247670100005
            ],
            [
              125.18401424000002,
              10.42245662500005
            ],
            [
              125.18412220100002,
              10.422320884000042
            ],
            [
              125.1841472980001,
              10.422303982000074
            ],
            [
              125.18420499900004,
              10.422245203000045
            ],
            [
              125.18424171600009,
              10.422213223000028
            ],
            [
              125.18426177300013,
              10.422198042000046
            ],
            [
              125.18428689000007,
              10.42218279900004
            ],
            [
              125.18431209200004,
              10.422174193000048
            ],
            [
              125.18434068800002,
              10.42216720600004
            ],
            [
              125.18437930200001,
              10.42215179800007
            ],
            [
              125.18439265200003,
              10.422140018000048
            ],
            [
              125.18442405600001,
              10.422088189000021
            ],
            [
              125.18444405000004,
              10.422068030000048
            ],
            [
              125.18450894500006,
              10.421995877000027
            ],
            [
              125.18453387200009,
              10.421965701000035
            ],
            [
              125.18456219600013,
              10.421937143000036
            ],
            [
              125.18458545800002,
              10.421908646000073
            ],
            [
              125.18464037700005,
              10.421848232000057
            ],
            [
              125.18466361800006,
              10.42181807700007
            ],
            [
              125.18468856800008,
              10.421789560000038
            ],
            [
              125.1847169130001,
              10.421762661000056
            ],
            [
              125.18477185200005,
              10.421703906000058
            ],
            [
              125.18479844700005,
              10.421672050000037
            ],
            [
              125.18485503200009,
              10.42160995600005
            ],
            [
              125.18489653700009,
              10.421556343000075
            ],
            [
              125.18494816600001,
              10.421502606000049
            ],
            [
              125.18496988800008,
              10.421485746000032
            ],
            [
              125.18500323100011,
              10.42145380700003
            ],
            [
              125.18502901400008,
              10.421420544000057
            ],
            [
              125.1850423640001,
              10.421408764000033
            ],
            [
              125.18511883700012,
              10.42131821400005
            ],
            [
              125.18520878500011,
              10.421225840000034
            ],
            [
              125.18522704900012,
              10.421202383000034
            ],
            [
              125.18530029500005,
              10.421123490000069
            ],
            [
              125.18532024600007,
              10.421100013000055
            ],
            [
              125.1853966760001,
              10.421006145000035
            ],
            [
              125.18541491900008,
              10.420981029000073
            ],
            [
              125.18546652600004,
              10.420925634000067
            ],
            [
              125.18551992600008,
              10.420878514000037
            ],
            [
              125.18559985500006,
              10.420794560000047
            ],
            [
              125.18560655500005,
              10.420771535000027
            ],
            [
              125.18562981600007,
              10.420743039000056
            ],
            [
              125.1856614510001,
              10.420709461000056
            ],
            [
              125.1857365100001,
              10.420640502000023
            ],
            [
              125.185789783,
              10.42058342600006
            ],
            [
              125.1858382470001,
              10.420546324000043
            ],
            [
              125.18586492500003,
              10.420521105000029
            ],
            [
              125.18588489800003,
              10.420499287000043
            ],
            [
              125.18592665500012,
              10.420465585000045
            ],
            [
              125.18596834900006,
              10.420426906000046
            ],
            [
              125.18598665500008,
              10.42040676800002
            ],
            [
              125.18604178300006,
              10.420362946000068
            ],
            [
              125.18607850000001,
              10.42033096600005
            ],
            [
              125.18612698400011,
              10.420295523000046
            ],
            [
              125.18614033500012,
              10.420283743000025
            ],
            [
              125.18615530800001,
              10.420266965000051
            ],
            [
              125.18622553500006,
              10.420216320000067
            ],
            [
              125.18628568200008,
              10.420169117000055
            ],
            [
              125.18632921000005,
              10.420142032000056
            ],
            [
              125.18634926600008,
              10.420126851000077
            ],
            [
              125.18638263000001,
              10.420096572000034
            ],
            [
              125.18640256900005,
              10.42009359600007
            ],
            [
              125.18640785000002,
              10.420095326000025
            ],
            [
              125.18640961000006,
              10.420098787000029
            ],
            [
              125.18641137400006,
              10.420116961000073
            ],
            [
              125.18642193400001,
              10.420118690000038
            ],
            [
              125.18642985300006,
              10.42011436100006
            ],
            [
              125.18645624600003,
              10.42008925700003
            ],
            [
              125.18647648200009,
              10.420079733000023
            ],
            [
              125.18649672000004,
              10.420073670000024
            ],
            [
              125.18651695800008,
              10.420071935000065
            ],
            [
              125.18653543800008,
              10.420075393000044
            ],
            [
              125.18655303900005,
              10.420082312000034
            ],
            [
              125.18656535800005,
              10.42008404100005
            ],
            [
              125.18658031700012,
              10.42008057600003
            ],
            [
              125.18659791200004,
              10.420064128000037
            ],
            [
              125.18660758500005,
              10.420036432000074
            ],
            [
              125.1866155020001,
              10.420021718000042
            ],
            [
              125.18662606000008,
              10.420015658000066
            ],
            [
              125.18663750000007,
              10.42001565500004
            ],
            [
              125.18666126100004,
              10.420023439000031
            ],
            [
              125.18666830000008,
              10.420028630000045
            ],
            [
              125.18667534300006,
              10.420041610000053
            ],
            [
              125.18668326400007,
              10.420046801000069
            ],
            [
              125.1866911840001,
              10.42004853000003
            ],
            [
              125.18670438300012,
              10.420048527000061
            ],
            [
              125.18671934200006,
              10.420045927000047
            ],
            [
              125.18676509900001,
              10.420042456000033
            ],
            [
              125.18679765800006,
              10.42004504500005
            ],
            [
              125.18681054000002,
              10.42004158000003
            ],
            [
              125.18681933800008,
              10.420035520000054
            ],
            [
              125.18683165600011,
              10.42003119000003
            ],
            [
              125.18684221500008,
              10.42002859200005
            ],
            [
              125.18685365500005,
              10.420029454000028
            ],
            [
              125.18686421300004,
              10.42002685600005
            ],
            [
              125.1868738920001,
              10.420023392000074
            ],
            [
              125.18689676700001,
              10.420007809000026
            ],
            [
              125.18692140300006,
              10.419994822000037
            ],
            [
              125.18694779900011,
              10.419984431000044
            ],
            [
              125.18696187600007,
              10.419972312000025
            ],
            [
              125.18696736800007,
              10.419969970000066
            ],
            [
              125.1867708210001,
              10.41964402700006
            ],
            [
              125.18651601300009,
              10.419618951000075
            ],
            [
              125.18653244500001,
              10.41948884900006
            ],
            [
              125.18652213300004,
              10.41941813500006
            ],
            [
              125.18646047600011,
              10.419377756000076
            ],
            [
              125.18639370400001,
              10.419372740000027
            ],
            [
              125.18631667600005,
              10.419398039000043
            ],
            [
              125.18621907600006,
              10.419372835000049
            ],
            [
              125.18605984400007,
              10.419352714000071
            ],
            [
              125.18590099300003,
              10.419309534000035
            ],
            [
              125.18532220300004,
              10.419459599000048
            ],
            [
              125.18512822000004,
              10.419487562000029
            ],
            [
              125.18477598000004,
              10.419517276000022
            ],
            [
              125.18438609600003,
              10.419512434000067
            ],
            [
              125.18406712800005,
              10.419474121000064
            ],
            [
              125.18346352600008,
              10.41938685500003
            ],
            [
              125.18318716700004,
              10.419307558000071
            ],
            [
              125.1830463870001,
              10.419268146000034
            ],
            [
              125.1828619810001,
              10.419250144000044
            ],
            [
              125.18266577400004,
              10.419236865000073
            ],
            [
              125.1824582810001,
              10.419218468000055
            ],
            [
              125.1822406110001,
              10.419168455000031
            ],
            [
              125.1818780000001,
              10.419049030000053
            ],
            [
              125.1816293920001,
              10.41894008600002
            ],
            [
              125.18112454900006,
              10.418703769000045
            ],
            [
              125.18096956800004,
              10.418633087000046
            ],
            [
              125.18084253100007,
              10.418601737000072
            ],
            [
              125.1806325880001,
              10.418547046000072
            ],
            [
              125.18045856100002,
              10.418514448000053
            ],
            [
              125.18033387000004,
              10.418489963000066
            ],
            [
              125.1801942830001,
              10.418437068000062
            ],
            [
              125.18004500700009,
              10.41838534900006
            ],
            [
              125.17992908300006,
              10.418333150000025
            ],
            [
              125.17983430400012,
              10.418262205000076
            ],
            [
              125.17973452300009,
              10.418202627000028
            ],
            [
              125.17960147300006,
              10.418145935000037
            ],
            [
              125.17947031400003,
              10.418076023000024
            ],
            [
              125.17933898000001,
              10.418039988000032
            ],
            [
              125.17922853300003,
              10.418006883000036
            ],
            [
              125.17914091600007,
              10.417997322000076
            ],
            [
              125.17905767400008,
              10.417967677000032
            ],
            [
              125.1789648670001,
              10.417913036000073
            ],
            [
              125.178810364,
              10.417826716000034
            ],
            [
              125.17870696400007,
              10.417766755000057
            ],
            [
              125.17858437500001,
              10.417712283000073
            ],
            [
              125.17845028900001,
              10.417672192000051
            ],
            [
              125.17818953600012,
              10.417597677000062
            ],
            [
              125.17801967000003,
              10.417564637000055
            ],
            [
              125.17782655000006,
              10.417516629000033
            ],
            [
              125.17765765000001,
              10.41746054300006
            ],
            [
              125.17753655700007,
              10.417418560000044
            ],
            [
              125.17747187500004,
              10.417380301000035
            ],
            [
              125.17744216200003,
              10.417327269000054
            ],
            [
              125.17740918400011,
              10.41727216600003
            ],
            [
              125.1773881920001,
              10.41720594000003
            ],
            [
              125.17738067200003,
              10.417141482000034
            ],
            [
              125.17627093900013,
              10.416374541000037
            ],
            [
              125.1753479360001,
              10.415263624000035
            ],
            [
              125.17319593200011,
              10.413333770000065
            ],
            [
              125.16845055000009,
              10.414218091000068
            ],
            [
              125.16455201700012,
              10.428138762000058
            ],
            [
              125.16835899700006,
              10.425453935000064
            ],
            [
              125.1697479930001,
              10.425319938000031
            ],
            [
              125.17112099200004,
              10.425845895000066
            ],
            [
              125.17941449800003,
              10.428269460000024
            ],
            [
              125.18001791300004,
              10.42837669200003
            ],
            [
              125.17994736700008,
              10.428560170000024
            ],
            [
              125.18000278200009,
              10.428597899000065
            ],
            [
              125.1800042770001,
              10.428584643000022
            ]
          ]
        ]
      },
      "properties": {
        "gid": 3,
        "administra": 4,
        "admin_leve": "Barangay level 4",
        "shape0": "philippines",
        "shape1": "Eastern Visayas",
        "shape2": "Southern Leyte",
        "shape3": "Hinunangan",
        "shape4": "Pondol",
        "serial_id": 3,
        "style_info": "",
        "view_zoom_": "",
        "travel_via": "",
        "bearing_an": null,
        "bearing_di": null,
        "created_at": "2026-09-23T00:00:00.000Z",
        "modified_a": "2026-09-23T00:00:00.000Z",
        "geocoded_a": "",
        "properties": ""
      }
    },
    {
      "type": "Feature",
      "geometry": {
        "bbox": [
          125.18176950100008,
          10.395538214000053,
          125.18890941800008,
          10.406550616000057
        ],
        "type": "Polygon",
        "coordinates": [
          [
            [
              125.18549814700008,
              10.403759624000033
            ],
            [
              125.18681419000008,
              10.401165816000061
            ],
            [
              125.18890941800008,
              10.396932529000026
            ],
            [
              125.18560558400009,
              10.395538214000053
            ],
            [
              125.18176950100008,
              10.406062753000073
            ],
            [
              125.18427283200002,
              10.406550616000057
            ],
            [
              125.18549814700008,
              10.403759624000033
            ]
          ]
        ]
      },
      "properties": {
        "gid": 5,
        "administra": 4,
        "admin_leve": "Barangay level 4",
        "shape0": "philippines",
        "shape1": "Eastern Visayas",
        "shape2": "Southern Leyte",
        "shape3": "Hinunangan",
        "shape4": "Ambacon",
        "serial_id": 5,
        "style_info": "",
        "view_zoom_": "",
        "travel_via": "",
        "bearing_an": null,
        "bearing_di": null,
        "created_at": "2026-09-23T00:00:00.000Z",
        "modified_a": "2026-09-23T00:00:00.000Z",
        "geocoded_a": "",
        "properties": ""
      }
    },
    {
      "type": "Feature",
      "geometry": {
        "bbox": [
          125.18518166200009,
          10.407068138000055,
          125.195028707,
          10.41380011700005
        ],
        "type": "Polygon",
        "coordinates": [
          [
            [
              125.19293753600003,
              10.413637570000049
            ],
            [
              125.19311322600004,
              10.413711370000044
            ],
            [
              125.19311706900011,
              10.413703812000051
            ],
            [
              125.19313257200008,
              10.413679419000061
            ],
            [
              125.1931403210001,
              10.413670272000044
            ],
            [
              125.1931480720001,
              10.413653502000043
            ],
            [
              125.19315582300011,
              10.413641306000045
            ],
            [
              125.19316357400011,
              10.413618416000075
            ],
            [
              125.1931713250001,
              10.413607744000045
            ],
            [
              125.19318527600001,
              10.413597073000064
            ],
            [
              125.19320232700012,
              10.413575729000057
            ],
            [
              125.1932193790001,
              10.413537616000042
            ],
            [
              125.1932271300001,
              10.413525418000061
            ],
            [
              125.19322935300012,
              10.413515132000045
            ],
            [
              125.1932360190001,
              10.413508577000071
            ],
            [
              125.1932460170001,
              10.413493827000025
            ],
            [
              125.19324935000009,
              10.413481536000063
            ],
            [
              125.1932593480001,
              10.413473342000033
            ],
            [
              125.19326684700002,
              10.41346432800003
            ],
            [
              125.1933123890001,
              10.413400408000031
            ],
            [
              125.19333564100009,
              10.413348573000064
            ],
            [
              125.19334494200007,
              10.41333180400005
            ],
            [
              125.19336664500008,
              10.41327996900003
            ],
            [
              125.19343950200006,
              10.413159531000074
            ],
            [
              125.19347360500001,
              10.413107697000044
            ],
            [
              125.19349995900008,
              10.413045191000034
            ],
            [
              125.19351546000007,
              10.41301775000005
            ],
            [
              125.19352017300004,
              10.41300353400004
            ],
            [
              125.19352482400005,
              10.413000485000053
            ],
            [
              125.19353257400007,
              10.412985239000022
            ],
            [
              125.19354032500007,
              10.412962371000049
            ],
            [
              125.19354497600011,
              10.412953224000036
            ],
            [
              125.19358838100003,
              10.412873948000023
            ],
            [
              125.19359148100011,
              10.41286480100007
            ],
            [
              125.19360233200008,
              10.412852604000022
            ],
            [
              125.19361938400006,
              10.412826687000063
            ],
            [
              125.19362558400007,
              10.412803819000029
            ],
            [
              125.19363643600003,
              10.412776377000055
            ],
            [
              125.19365658800007,
              10.412747410000065
            ],
            [
              125.19366743800003,
              10.412735215000053
            ],
            [
              125.19367518900003,
              10.412718445000055
            ],
            [
              125.1936860400001,
              10.41270167500005
            ],
            [
              125.19369534200005,
              10.41267118500002
            ],
            [
              125.193699992,
              10.412665086000057
            ],
            [
              125.19370774300012,
              10.412648317000048
            ],
            [
              125.19370929300011,
              10.412636120000057
            ],
            [
              125.19372169400003,
              10.412619350000057
            ],
            [
              125.19374959800007,
              10.412553795000067
            ],
            [
              125.1937775010001,
              10.412498912000045
            ],
            [
              125.19379145200003,
              10.412466897000057
            ],
            [
              125.19381470400005,
              10.412433357000054
            ],
            [
              125.19382109600008,
              10.412413537000075
            ],
            [
              125.19382574700012,
              10.412407439000049
            ],
            [
              125.19384124900013,
              10.412369326000032
            ],
            [
              125.19385210000006,
              10.412349507000043
            ],
            [
              125.19386140100006,
              10.412322065000067
            ],
            [
              125.19386915200006,
              10.412311393000037
            ],
            [
              125.19387380200008,
              10.412293098000017
            ],
            [
              125.19388398000002,
              10.412285758000055
            ],
            [
              125.19390804500007,
              10.412232120000056
            ],
            [
              125.19391285800009,
              10.412225809000065
            ],
            [
              125.1939256920001,
              10.41219741200007
            ],
            [
              125.19394173400008,
              10.41217374900003
            ],
            [
              125.19395296400012,
              10.412153240000064
            ],
            [
              125.19397381900002,
              10.412124844000063
            ],
            [
              125.19398344400008,
              10.41210749000004
            ],
            [
              125.19399146500008,
              10.412099602000067
            ],
            [
              125.19399788200008,
              10.412090137000062
            ],
            [
              125.19401713300012,
              10.412057007000044
            ],
            [
              125.19404280200001,
              10.412001791000023
            ],
            [
              125.19404996000003,
              10.41197503400002
            ],
            [
              125.19407562700007,
              10.411938749000056
            ],
            [
              125.19409327500013,
              10.411894576000066
            ],
            [
              125.19410771300011,
              10.411872490000064
            ],
            [
              125.19412375600008,
              10.411839360000046
            ],
            [
              125.19412856800011,
              10.41183305000004
            ],
            [
              125.19414140300013,
              10.411796765000075
            ],
            [
              125.19415905100004,
              10.411768368000025
            ],
            [
              125.19416386300007,
              10.411751014000062
            ],
            [
              125.19417028000011,
              10.411739971000031
            ],
            [
              125.19418151100002,
              10.411705263000043
            ],
            [
              125.19419434600002,
              10.411673711000047
            ],
            [
              125.19421199300007,
              10.411637426000027
            ],
            [
              125.19421841000008,
              10.411618495000026
            ],
            [
              125.19423926600005,
              10.411575900000058
            ],
            [
              125.19425049500012,
              10.41156012400006
            ],
            [
              125.19425691200001,
              10.41154592500004
            ],
            [
              125.19426493500009,
              10.411515950000021
            ],
            [
              125.19427900400001,
              10.41148702200007
            ],
            [
              125.19428143500012,
              10.411470289000022
            ],
            [
              125.19428872800007,
              10.411453556000026
            ],
            [
              125.19431546700002,
              10.411403357000038
            ],
            [
              125.19432420100009,
              10.411392281000078
            ],
            [
              125.19433217500013,
              10.411354326000039
            ],
            [
              125.19434015500006,
              10.411338619000048
            ],
            [
              125.19434547300011,
              10.411321605000067
            ],
            [
              125.19436542000007,
              10.411271868000028
            ],
            [
              125.194372068,
              10.411249617000067
            ],
            [
              125.1943747250001,
              10.411231295000048
            ],
            [
              125.19439334700009,
              10.411205116000078
            ],
            [
              125.1944026560001,
              10.411182866000049
            ],
            [
              125.19440797300001,
              10.411163233000023
            ],
            [
              125.1944172850001,
              10.41115014300004
            ],
            [
              125.19442393100006,
              10.411118733000022
            ],
            [
              125.19444920200011,
              10.411080774000027
            ],
            [
              125.19445983400011,
              10.41102973100004
            ],
            [
              125.19446248900012,
              10.411002247000056
            ],
            [
              125.19446780800003,
              10.410987850000025
            ],
            [
              125.19450903800009,
              10.41091324200005
            ],
            [
              125.19451169500007,
              10.410894919000043
            ],
            [
              125.19452100400008,
              10.41087397700005
            ],
            [
              125.19454095800005,
              10.41084648900005
            ],
            [
              125.19454893600006,
              10.410828165000055
            ],
            [
              125.19456355800003,
              10.410769547000028
            ],
            [
              125.19457685400005,
              10.410730281000042
            ],
            [
              125.1946061120001,
              10.410667456000054
            ],
            [
              125.1946233970001,
              10.410612485000057
            ],
            [
              125.19463536700003,
              10.410588925000068
            ],
            [
              125.1946473380001,
              10.410573218000025
            ],
            [
              125.19466329900001,
              10.410544422000044
            ],
            [
              125.19467423700009,
              10.410532810000063
            ],
            [
              125.1946792210001,
              10.410520548000024
            ],
            [
              125.19468669800006,
              10.410508285000049
            ],
            [
              125.19468669600008,
              10.410500928000031
            ],
            [
              125.1947016470001,
              10.410466593000022
            ],
            [
              125.19470662600008,
              10.410437165000076
            ],
            [
              125.19471161100013,
              10.410432259000059
            ],
            [
              125.19471410200005,
              10.410419997000076
            ],
            [
              125.1947215780001,
              10.410407734000044
            ],
            [
              125.19473403800009,
              10.410380757000043
            ],
            [
              125.19474229700006,
              10.410345574000075
            ],
            [
              125.194747559,
              10.410312741000043
            ],
            [
              125.19475633800003,
              10.410292004000041
            ],
            [
              125.19477038700005,
              10.410267809000063
            ],
            [
              125.19477916500011,
              10.410238431000037
            ],
            [
              125.19478970400009,
              10.410231517000058
            ],
            [
              125.19480024200006,
              10.410221147000073
            ],
            [
              125.19481956500012,
              10.410209046000034
            ],
            [
              125.19482307500003,
              10.410196950000056
            ],
            [
              125.19484238900009,
              10.410150420000036
            ],
            [
              125.19484589400008,
              10.410115860000078
            ],
            [
              125.19485467600009,
              10.410107218000066
            ],
            [
              125.1948634570001,
              10.41009339200002
            ],
            [
              125.19488101200012,
              10.410039821000055
            ],
            [
              125.19488452100008,
              10.410019085000043
            ],
            [
              125.1949020830001,
              10.409993162000035
            ],
            [
              125.19491437500005,
              10.409970695000027
            ],
            [
              125.19491788200003,
              10.409941319000037
            ],
            [
              125.19493719900004,
              10.409906755000064
            ],
            [
              125.1949477300001,
              10.409867010000026
            ],
            [
              125.19495300000007,
              10.409865281000066
            ],
            [
              125.19495475400005,
              10.409853183000052
            ],
            [
              125.19497582700002,
              10.409818620000067
            ],
            [
              125.19497406900007,
              10.409813437000025
            ],
            [
              125.19498987500003,
              10.409789241000055
            ],
            [
              125.19500216600011,
              10.409759863000033
            ],
            [
              125.19501972700004,
              10.409732212000051
            ],
            [
              125.19502674800003,
              10.409702835000076
            ],
            [
              125.195028707,
              10.409699460000068
            ],
            [
              125.19492151800011,
              10.409642760000054
            ],
            [
              125.1947845110001,
              10.409612168000024
            ],
            [
              125.1947907870001,
              10.409594751000045
            ],
            [
              125.19160595300002,
              10.408984429000043
            ],
            [
              125.18621053100004,
              10.407068138000055
            ],
            [
              125.18518166200009,
              10.410461569000065
            ],
            [
              125.19118169400006,
              10.412849061000028
            ],
            [
              125.19283516200007,
              10.41380011700005
            ],
            [
              125.19293753600003,
              10.413637570000049
            ]
          ]
        ]
      },
      "properties": {
        "gid": 8,
        "administra": 4,
        "admin_leve": "Barangay level 4",
        "shape0": "philippines",
        "shape1": "Eastern Visayas",
        "shape2": "Southern Leyte",
        "shape3": "Hinunangan",
        "shape4": "Talisay",
        "serial_id": 8,
        "style_info": "",
        "view_zoom_": "",
        "travel_via": "",
        "bearing_an": null,
        "bearing_di": null,
        "created_at": "2026-09-23T00:00:00.000Z",
        "modified_a": "2026-09-23T00:00:00.000Z",
        "geocoded_a": "",
        "properties": ""
      }
    },
    {
      "type": "Feature",
      "geometry": {
        "bbox": [
          125.1417406170001,
          10.35453304500004,
          125.17064352999999,
          10.373593313000073
        ],
        "type": "Polygon",
        "coordinates": [
          [
            [
              125.16289405300007,
              10.372067077000056
            ],
            [
              125.16353100200003,
              10.372182206000046
            ],
            [
              125.16385807500001,
              10.372196356000073
            ],
            [
              125.1642538110001,
              10.372155070000074
            ],
            [
              125.16451367900004,
              10.37204314400003
            ],
            [
              125.16466427400007,
              10.371847865000062
            ],
            [
              125.16482089400006,
              10.371617727000059
            ],
            [
              125.16514082400012,
              10.370798818000026
            ],
            [
              125.16573729200002,
              10.369814220000022
            ],
            [
              125.16649158700011,
              10.368708090000041
            ],
            [
              125.16700099800003,
              10.368242019000036
            ],
            [
              125.16737218200001,
              10.367797576000045
            ],
            [
              125.1678439840001,
              10.36675875900005
            ],
            [
              125.1684174190001,
              10.365948923000074
            ],
            [
              125.16886296300002,
              10.365415572000074
            ],
            [
              125.1691991360001,
              10.364823527000057
            ],
            [
              125.16971404600007,
              10.364058388000048
            ],
            [
              125.17002284900002,
              10.363714221000066
            ],
            [
              125.17040214400004,
              10.363447636000043
            ],
            [
              125.17064352999999,
              10.363360616000024
            ],
            [
              125.1660428670001,
              10.35453304500004
            ],
            [
              125.15259684800003,
              10.358601072000056
            ],
            [
              125.1417406170001,
              10.365843080000047
            ],
            [
              125.14780114500002,
              10.373593313000073
            ],
            [
              125.16289405300007,
              10.372067077000056
            ]
          ]
        ]
      },
      "properties": {
        "gid": 37,
        "administra": 4,
        "admin_leve": "Barangay level 4",
        "shape0": "philippines",
        "shape1": "Eastern Visayas",
        "shape2": "Southern Leyte",
        "shape3": "Hinunangan",
        "shape4": "Santo Niño II",
        "serial_id": 37,
        "style_info": "",
        "view_zoom_": "",
        "travel_via": "",
        "bearing_an": null,
        "bearing_di": null,
        "created_at": "2026-09-23T00:00:00.000Z",
        "modified_a": "2026-09-23T00:00:00.000Z",
        "geocoded_a": "",
        "properties": ""
      }
    },
    {
      "type": "Feature",
      "geometry": {
        "bbox": [
          125.19582649600011,
          10.382468435000021,
          125.20323488900011,
          10.393144580000067
        ],
        "type": "Polygon",
        "coordinates": [
          [
            [
              125.20275362100007,
              10.392564211000032
            ],
            [
              125.20280667000007,
              10.392697823000047
            ],
            [
              125.20323488900011,
              10.392651652000042
            ],
            [
              125.20301557000003,
              10.391506630000036
            ],
            [
              125.202523863,
              10.390648319000034
            ],
            [
              125.202527744,
              10.390631091000047
            ],
            [
              125.20253785800003,
              10.390373461000024
            ],
            [
              125.20253942400007,
              10.39033118700007
            ],
            [
              125.20255153100005,
              10.39017087700006
            ],
            [
              125.2025471840001,
              10.390121685000054
            ],
            [
              125.20254796200005,
              10.390100676000028
            ],
            [
              125.20254781300002,
              10.389858204000063
            ],
            [
              125.20250560800002,
              10.389694289000031
            ],
            [
              125.2023266960001,
              10.388961674000031
            ],
            [
              125.20207662200005,
              10.387937854000027
            ],
            [
              125.20184377700002,
              10.38692449900003
            ],
            [
              125.20176294400005,
              10.385773940000036
            ],
            [
              125.20168739500004,
              10.385461971000044
            ],
            [
              125.19582649600011,
              10.382468435000021
            ],
            [
              125.19625226000005,
              10.391075413000067
            ],
            [
              125.19983782100009,
              10.393144580000067
            ],
            [
              125.20275362100007,
              10.392564211000032
            ]
          ]
        ]
      },
      "properties": {
        "gid": 24,
        "administra": 4,
        "admin_leve": "Barangay level 4",
        "shape0": "philippines",
        "shape1": "Eastern Visayas",
        "shape2": "Southern Leyte",
        "shape3": "Hinunangan",
        "shape4": "Panalaron",
        "serial_id": 24,
        "style_info": "",
        "view_zoom_": "",
        "travel_via": "",
        "bearing_an": null,
        "bearing_di": null,
        "created_at": "2026-09-23T00:00:00.000Z",
        "modified_a": "2026-09-23T00:00:00.000Z",
        "geocoded_a": "",
        "properties": ""
      }
    },
    {
      "type": "Feature",
      "geometry": {
        "bbox": [
          125.19983782100009,
          10.392564211000032,
          125.20394936500008,
          10.39687884600005
        ],
        "type": "Polygon",
        "coordinates": [
          [
            [
              125.2028562920001,
              10.396796603000041
            ],
            [
              125.20289204200002,
              10.39676481200007
            ],
            [
              125.20290906900004,
              10.396741383000062
            ],
            [
              125.2030108120001,
              10.396648438000055
            ],
            [
              125.20306027400011,
              10.39659976100006
            ],
            [
              125.20306851700002,
              10.396588945000072
            ],
            [
              125.20307401200012,
              10.396578129000034
            ],
            [
              125.20309049800007,
              10.396559200000071
            ],
            [
              125.20311247600013,
              10.39651593800005
            ],
            [
              125.20313170700001,
              10.396483491000028
            ],
            [
              125.203164677,
              10.396434819000035
            ],
            [
              125.20317017200011,
              10.396424003000048
            ],
            [
              125.20318390600005,
              10.396391557000072
            ],
            [
              125.20319763400006,
              10.396337483000025
            ],
            [
              125.20320587300013,
              10.396313149000033
            ],
            [
              125.20320587100001,
              10.396305038000035
            ],
            [
              125.203216858,
              10.396278000000052
            ],
            [
              125.20322510100004,
              10.396267184000068
            ],
            [
              125.20324158200005,
              10.396229330000041
            ],
            [
              125.20326356300006,
              10.396199586000023
            ],
            [
              125.20327455100005,
              10.396175251000043
            ],
            [
              125.20329103800007,
              10.396156322000026
            ],
            [
              125.20331027000009,
              10.396126578000064
            ],
            [
              125.20331301600004,
              10.396115763000068
            ],
            [
              125.20332400300003,
              10.396091429000023
            ],
            [
              125.20332949800002,
              10.396083316000045
            ],
            [
              125.2033322440001,
              10.396072502000035
            ],
            [
              125.2033459810001,
              10.396050870000066
            ],
            [
              125.20334872700005,
              10.39604005500007
            ],
            [
              125.20336520700006,
              10.395996794000041
            ],
            [
              125.20337344900008,
              10.39598327400006
            ],
            [
              125.20338443700007,
              10.395958938000033
            ],
            [
              125.20338718300002,
              10.395948125000075
            ],
            [
              125.20339267700002,
              10.395937309000033
            ],
            [
              125.20339267400004,
              10.395926495000024
            ],
            [
              125.20339816800002,
              10.395915679000042
            ],
            [
              125.2034009140001,
              10.395904864000043
            ],
            [
              125.20341190300009,
              10.395883233000063
            ],
            [
              125.20342288800009,
              10.395850788000075
            ],
            [
              125.20343978300002,
              10.395819582000058
            ],
            [
              125.20347395500005,
              10.395769451000035
            ],
            [
              125.20355048700003,
              10.395688643000028
            ],
            [
              125.20361902500008,
              10.395631376000036
            ],
            [
              125.20367950100002,
              10.395605091000048
            ],
            [
              125.20370336200006,
              10.395589062000056
            ],
            [
              125.20374324800002,
              10.395572856000058
            ],
            [
              125.20377494200011,
              10.395540975000072
            ],
            [
              125.20380672700003,
              10.395516976000065
            ],
            [
              125.20382230400003,
              10.39547739100004
            ],
            [
              125.203853728,
              10.395421865000056
            ],
            [
              125.20386912700009,
              10.395366517000067
            ],
            [
              125.20387651200008,
              10.39531125700006
            ],
            [
              125.20387552600006,
              10.395224559000042
            ],
            [
              125.20385842100006,
              10.395130156000048
            ],
            [
              125.2038575240001,
              10.395051340000064
            ],
            [
              125.20381584300003,
              10.394909913000047
            ],
            [
              125.2037990980001,
              10.394847038000023
            ],
            [
              125.2037743410001,
              10.394784251000031
            ],
            [
              125.20374994200006,
              10.394752990000027
            ],
            [
              125.20372545400005,
              10.394713848000038
            ],
            [
              125.20368476000009,
              10.394659119000039
            ],
            [
              125.20362768000007,
              10.394573041000054
            ],
            [
              125.20357924200003,
              10.394542046000026
            ],
            [
              125.20354683100004,
              10.39451087300006
            ],
            [
              125.20353026600003,
              10.394463761000052
            ],
            [
              125.2039351640001,
              10.39441738900007
            ],
            [
              125.20394936500008,
              10.394228402000065
            ],
            [
              125.20385638600011,
              10.393174307000034
            ],
            [
              125.20323488900011,
              10.392651652000042
            ],
            [
              125.20280667000007,
              10.392697823000047
            ],
            [
              125.20275362100007,
              10.392564211000032
            ],
            [
              125.19983782100009,
              10.393144580000067
            ],
            [
              125.20062798000005,
              10.393614047000025
            ],
            [
              125.200739139,
              10.394108782000044
            ],
            [
              125.20073926400005,
              10.394112577000044
            ],
            [
              125.20073962300012,
              10.394164603000037
            ],
            [
              125.20076092300008,
              10.394247753000057
            ],
            [
              125.20090772700007,
              10.394845956000038
            ],
            [
              125.20070122600009,
              10.39511269800005
            ],
            [
              125.20105629500006,
              10.395340272000054
            ],
            [
              125.20115193300012,
              10.395401598000033
            ],
            [
              125.20115372800001,
              10.395402881000052
            ],
            [
              125.20195984500003,
              10.39597836900003
            ],
            [
              125.20198572700008,
              10.395996332000037
            ],
            [
              125.2028794160001,
              10.396725021000066
            ],
            [
              125.20274781700004,
              10.396826270000076
            ],
            [
              125.20277403600006,
              10.39687884600005
            ],
            [
              125.2028562920001,
              10.396796603000041
            ]
          ]
        ]
      },
      "properties": {
        "gid": 26,
        "administra": 4,
        "admin_leve": "Barangay level 4",
        "shape0": "philippines",
        "shape1": "Eastern Visayas",
        "shape2": "Southern Leyte",
        "shape3": "Hinunangan",
        "shape4": "Salog",
        "serial_id": 26,
        "style_info": "",
        "view_zoom_": "",
        "travel_via": "",
        "bearing_an": null,
        "bearing_di": null,
        "created_at": "2026-09-23T00:00:00.000Z",
        "modified_a": "2026-09-23T00:00:00.000Z",
        "geocoded_a": "",
        "properties": ""
      }
    },
    {
      "type": "Feature",
      "geometry": {
        "bbox": [
          125.18560558400009,
          10.38785374600008,
          125.19625226000005,
          10.397535070000062
        ],
        "type": "Polygon",
        "coordinates": [
          [
            [
              125.19625226000005,
              10.391075413000067
            ],
            [
              125.1898000430001,
              10.38785374600008
            ],
            [
              125.18684714900009,
              10.392910865000033
            ],
            [
              125.18560558400009,
              10.395538214000053
            ],
            [
              125.18890941800008,
              10.396932529000026
            ],
            [
              125.19199200300011,
              10.397535070000062
            ],
            [
              125.19625226000005,
              10.391075413000067
            ]
          ]
        ]
      },
      "properties": {
        "gid": 27,
        "administra": 4,
        "admin_leve": "Barangay level 4",
        "shape0": "philippines",
        "shape1": "Eastern Visayas",
        "shape2": "Southern Leyte",
        "shape3": "Hinunangan",
        "shape4": "Calayugan",
        "serial_id": 27,
        "style_info": "",
        "view_zoom_": "",
        "travel_via": "",
        "bearing_an": null,
        "bearing_di": null,
        "created_at": "2026-09-23T00:00:00.000Z",
        "modified_a": "2026-09-23T00:00:00.000Z",
        "geocoded_a": "",
        "properties": ""
      }
    },
    {
      "type": "Feature",
      "geometry": {
        "bbox": [
          125.19199200300011,
          10.391075413000067,
          125.20073962300012,
          10.398646709000046
        ],
        "type": "Polygon",
        "coordinates": [
          [
            [
              125.1977613890001,
              10.398146318000045
            ],
            [
              125.19832704600003,
              10.397412563000046
            ],
            [
              125.19877065600008,
              10.396777096000047
            ],
            [
              125.19908439800007,
              10.396370957000043
            ],
            [
              125.19924130800008,
              10.39616100400002
            ],
            [
              125.19938359500009,
              10.395980718000034
            ],
            [
              125.19994204300008,
              10.395226650000039
            ],
            [
              125.20052583400002,
              10.394453104000036
            ],
            [
              125.20064769300005,
              10.394311992000041
            ],
            [
              125.20068078100007,
              10.394260207000059
            ],
            [
              125.20070196400002,
              10.394227020000073
            ],
            [
              125.20073962300012,
              10.394164603000037
            ],
            [
              125.20073926400005,
              10.394112577000044
            ],
            [
              125.200739139,
              10.394108782000044
            ],
            [
              125.20062798000005,
              10.393614047000025
            ],
            [
              125.19983782100009,
              10.393144580000067
            ],
            [
              125.19625226000005,
              10.391075413000067
            ],
            [
              125.19199200300011,
              10.397535070000062
            ],
            [
              125.19739486000003,
              10.398646709000046
            ],
            [
              125.1977613890001,
              10.398146318000045
            ]
          ]
        ]
      },
      "properties": {
        "gid": 28,
        "administra": 4,
        "admin_leve": "Barangay level 4",
        "shape0": "philippines",
        "shape1": "Eastern Visayas",
        "shape2": "Southern Leyte",
        "shape3": "Hinunangan",
        "shape4": "Labrador",
        "serial_id": 28,
        "style_info": "",
        "view_zoom_": "",
        "travel_via": "",
        "bearing_an": null,
        "bearing_di": null,
        "created_at": "2026-09-23T00:00:00.000Z",
        "modified_a": "2026-09-23T00:00:00.000Z",
        "geocoded_a": "",
        "properties": ""
      }
    },
    {
      "type": "Feature",
      "geometry": {
        "bbox": [
          125.1898000430001,
          10.382468435000021,
          125.19625226000005,
          10.391075413000067
        ],
        "type": "Polygon",
        "coordinates": [
          [
            [
              125.19582649600011,
              10.382468435000021
            ],
            [
              125.19152189300007,
              10.383763832000055
            ],
            [
              125.1898000430001,
              10.38785374600008
            ],
            [
              125.19625226000005,
              10.391075413000067
            ],
            [
              125.19582649600011,
              10.382468435000021
            ]
          ]
        ]
      },
      "properties": {
        "gid": 29,
        "administra": 4,
        "admin_leve": "Barangay level 4",
        "shape0": "philippines",
        "shape1": "Eastern Visayas",
        "shape2": "Southern Leyte",
        "shape3": "Hinunangan",
        "shape4": "Toptop",
        "serial_id": 29,
        "style_info": "",
        "view_zoom_": "",
        "travel_via": "",
        "bearing_an": null,
        "bearing_di": null,
        "created_at": "2026-09-23T00:00:00.000Z",
        "modified_a": "2026-09-23T00:00:00.000Z",
        "geocoded_a": "",
        "properties": ""
      }
    },
    {
      "type": "Feature",
      "geometry": {
        "bbox": [
          125.18140528800008,
          10.38192135400004,
          125.19152189300007,
          10.392910865000033
        ],
        "type": "Polygon",
        "coordinates": [
          [
            [
              125.1898000430001,
              10.38785374600008
            ],
            [
              125.19152189300007,
              10.383763832000055
            ],
            [
              125.188772168,
              10.382702433000075
            ],
            [
              125.18661980800006,
              10.38192135400004
            ],
            [
              125.18140528800008,
              10.390573894000056
            ],
            [
              125.18684714900009,
              10.392910865000033
            ],
            [
              125.1898000430001,
              10.38785374600008
            ]
          ]
        ]
      },
      "properties": {
        "gid": 30,
        "administra": 4,
        "admin_leve": "Barangay level 4",
        "shape0": "philippines",
        "shape1": "Eastern Visayas",
        "shape2": "Southern Leyte",
        "shape3": "Hinunangan",
        "shape4": "Union",
        "serial_id": 30,
        "style_info": "",
        "view_zoom_": "",
        "travel_via": "",
        "bearing_an": null,
        "bearing_di": null,
        "created_at": "2026-09-23T00:00:00.000Z",
        "modified_a": "2026-09-23T00:00:00.000Z",
        "geocoded_a": "",
        "properties": ""
      }
    },
    {
      "type": "Feature",
      "geometry": {
        "bbox": [
          125.16717472400002,
          10.371539146000032,
          125.18661980800006,
          10.390573894000056
        ],
        "type": "Polygon",
        "coordinates": [
          [
            [
              125.18661980800006,
              10.38192135400004
            ],
            [
              125.18562320500007,
              10.381642268000064
            ],
            [
              125.18551139500005,
              10.381320181000035
            ],
            [
              125.18537784000013,
              10.380794763000038
            ],
            [
              125.1851816090001,
              10.379691329000025
            ],
            [
              125.18505411900003,
              10.379126734000065
            ],
            [
              125.18491265600005,
              10.378459777000044
            ],
            [
              125.18482341000005,
              10.378027867000071
            ],
            [
              125.18469236000008,
              10.377644673000075
            ],
            [
              125.18455864900011,
              10.377337580000074
            ],
            [
              125.18443967600003,
              10.377081793000057
            ],
            [
              125.18421627500005,
              10.376760080000055
            ],
            [
              125.1839042130001,
              10.376378559000042
            ],
            [
              125.18370299600006,
              10.376071391000037
            ],
            [
              125.18349449000004,
              10.37563994000004
            ],
            [
              125.18324156200003,
              10.375168888000076
            ],
            [
              125.1831450740001,
              10.374913158000027
            ],
            [
              125.18308578200003,
              10.37468682600007
            ],
            [
              125.18307113700008,
              10.374453388000063
            ],
            [
              125.18307125300011,
              10.374263830000075
            ],
            [
              125.18305653400012,
              10.374045254000062
            ],
            [
              125.18302692300006,
              10.37389231000003
            ],
            [
              125.1829376060001,
              10.373760786000048
            ],
            [
              125.18278851700006,
              10.373657934000049
            ],
            [
              125.18257407900012,
              10.37359094800007
            ],
            [
              125.18226886800005,
              10.373596919000018
            ],
            [
              125.1819241720001,
              10.373678578000066
            ],
            [
              125.18131444000005,
              10.374074972000074
            ],
            [
              125.18097271400008,
              10.374274963000062
            ],
            [
              125.180579812,
              10.374428797000062
            ],
            [
              125.18018682800006,
              10.374509316000058
            ],
            [
              125.17931304500007,
              10.37457482800005
            ],
            [
              125.17868988600003,
              10.374495612000032
            ],
            [
              125.17805288900003,
              10.374241819000074
            ],
            [
              125.1776803260001,
              10.374043695000067
            ],
            [
              125.17713553800003,
              10.373613585000045
            ],
            [
              125.17696465700011,
              10.37321250800005
            ],
            [
              125.1768199060001,
              10.372795685000028
            ],
            [
              125.17654883600007,
              10.371965356000032
            ],
            [
              125.1763938460001,
              10.371539146000032
            ],
            [
              125.16717472400002,
              10.383804708000072
            ],
            [
              125.1725751240001,
              10.385805605000028
            ],
            [
              125.17373565900004,
              10.386385873000053
            ],
            [
              125.17529986000011,
              10.387798699000028
            ],
            [
              125.1768892890001,
              10.38890877700004
            ],
            [
              125.17794890900007,
              10.389615190000029
            ],
            [
              125.17868055200007,
              10.389993626000033
            ],
            [
              125.17999246200009,
              10.390321603000073
            ],
            [
              125.18140528800008,
              10.390573894000056
            ],
            [
              125.18661980800006,
              10.38192135400004
            ]
          ]
        ]
      },
      "properties": {
        "gid": 31,
        "administra": 4,
        "admin_leve": "Barangay level 4",
        "shape0": "philippines",
        "shape1": "Eastern Visayas",
        "shape2": "Southern Leyte",
        "shape3": "Hinunangan",
        "shape4": "Catublian",
        "serial_id": 31,
        "style_info": "",
        "view_zoom_": "",
        "travel_via": "",
        "bearing_an": null,
        "bearing_di": null,
        "created_at": "2026-09-23T00:00:00.000Z",
        "modified_a": "2026-09-23T00:00:00.000Z",
        "geocoded_a": "",
        "properties": ""
      }
    },
    {
      "type": "Feature",
      "geometry": {
        "bbox": [
          125.17933898000001,
          10.410461569000065,
          125.19311322600004,
          10.419969970000066
        ],
        "type": "Polygon",
        "coordinates": [
          [
            [
              125.18698827200002,
              10.41996105500004
            ],
            [
              125.18699707000007,
              10.419954995000067
            ],
            [
              125.18701730400005,
              10.41993595100007
            ],
            [
              125.18702962200007,
              10.419927294000047
            ],
            [
              125.18704255400006,
              10.419921532000046
            ],
            [
              125.18707071100003,
              10.419918064000058
            ],
            [
              125.18708215000004,
              10.419913734000037
            ],
            [
              125.18710238500013,
              10.419899881000049
            ],
            [
              125.18712965700003,
              10.419870451000065
            ],
            [
              125.18715253200001,
              10.419854868000074
            ],
            [
              125.18717188700009,
              10.419837555000072
            ],
            [
              125.18718156600006,
              10.419831495000041
            ],
            [
              125.18719212400005,
              10.41982716500007
            ],
            [
              125.18723523900006,
              10.41981504000006
            ],
            [
              125.18725195600008,
              10.419806382000047
            ],
            [
              125.18725811400009,
              10.419797726000068
            ],
            [
              125.18725987200003,
              10.419789937000077
            ],
            [
              125.1872625090001,
              10.419776954000042
            ],
            [
              125.18726162500002,
              10.419757049000054
            ],
            [
              125.18726425800003,
              10.41973108600007
            ],
            [
              125.1872712930001,
              10.419712910000044
            ],
            [
              125.18727921100003,
              10.419702523000065
            ],
            [
              125.18728536900004,
              10.41969732900003
            ],
            [
              125.18732760500006,
              10.419688665000022
            ],
            [
              125.18735223800003,
              10.41966615800004
            ],
            [
              125.18736015500008,
              10.419652309000071
            ],
            [
              125.18736807000003,
              10.41963067100005
            ],
            [
              125.18737598200005,
              10.419597783000029
            ],
            [
              125.18738125200002,
              10.419557971000074
            ],
            [
              125.18738212600009,
              10.419531142000041
            ],
            [
              125.18738651800004,
              10.41949738900007
            ],
            [
              125.18738651400007,
              10.419479215000024
            ],
            [
              125.18738299000006,
              10.419460176000026
            ],
            [
              125.18737770700011,
              10.419445253000049
            ],
            [
              125.1873750620001,
              10.419423617000064
            ],
            [
              125.18735481600005,
              10.419392466000033
            ],
            [
              125.1873495330001,
              10.41937862000003
            ],
            [
              125.18734688800009,
              10.41935785000004
            ],
            [
              125.18734776200006,
              10.419330156000056
            ],
            [
              125.18734511700008,
              10.419307655000068
            ],
            [
              125.18733631400006,
              10.419293809000063
            ],
            [
              125.18732311200006,
              10.419282562000035
            ],
            [
              125.18731431000003,
              10.419267851000027
            ],
            [
              125.18731218000006,
              10.41926112300007
            ],
            [
              125.18737994700007,
              10.419172619000049
            ],
            [
              125.18739611500006,
              10.419155273000056
            ],
            [
              125.18743727100002,
              10.419116245000053
            ],
            [
              125.18745784900011,
              10.419088781000028
            ],
            [
              125.18747548800003,
              10.41907288000004
            ],
            [
              125.18752399500009,
              10.419013615000038
            ],
            [
              125.1875342830001,
              10.419002051000062
            ],
            [
              125.18755045100012,
              10.418987596000022
            ],
            [
              125.18756368000005,
              10.41896880300004
            ],
            [
              125.18760924700008,
              10.418915321000044
            ],
            [
              125.18763423400003,
              10.418889302000023
            ],
            [
              125.18765775300005,
              10.418860391000067
            ],
            [
              125.18767886700005,
              10.41884296400002
            ],
            [
              125.1876876870001,
              10.418829955000033
            ],
            [
              125.18771414400008,
              10.418805380000041
            ],
            [
              125.18776706000007,
              10.418740334000061
            ],
            [
              125.18778175800003,
              10.418718651000063
            ],
            [
              125.18779939800004,
              10.418698414000062
            ],
            [
              125.18781556600004,
              10.41867384000005
            ],
            [
              125.18783614400002,
              10.418653603000052
            ],
            [
              125.18784937200009,
              10.418637703000059
            ],
            [
              125.18785966100006,
              10.418627585000024
            ],
            [
              125.18786995000005,
              10.418620357000068
            ],
            [
              125.18789199800005,
              10.418595784000047
            ],
            [
              125.1879155150001,
              10.418578438000054
            ],
            [
              125.18792727400013,
              10.41856687400002
            ],
            [
              125.18796108100003,
              10.418524955000068
            ],
            [
              125.18797137000003,
              10.41851628200004
            ],
            [
              125.18798459900006,
              10.418501827000055
            ],
            [
              125.18800370700002,
              10.418472917000031
            ],
            [
              125.18804917300008,
              10.418439204000038
            ],
            [
              125.18806975200005,
              10.418411739000023
            ],
            [
              125.18808592000006,
              10.418397285000026
            ],
            [
              125.18810355900007,
              10.418371265000074
            ],
            [
              125.18810649800002,
              10.418364038000048
            ],
            [
              125.18812854600002,
              10.418349582000076
            ],
            [
              125.18815647300003,
              10.41832067300004
            ],
            [
              125.18818293100001,
              10.418298991000029
            ],
            [
              125.18819028000007,
              10.418290318000059
            ],
            [
              125.18824319400004,
              10.41824695300005
            ],
            [
              125.1882608320001,
              10.418225271000042
            ],
            [
              125.18829904800008,
              10.418193470000064
            ],
            [
              125.18832256600001,
              10.41817178800005
            ],
            [
              125.18834461300003,
              10.418148660000043
            ],
            [
              125.18837695000002,
              10.418122642000073
            ],
            [
              125.18839605800008,
              10.41810240500007
            ],
            [
              125.18845191100003,
              10.418064823000066
            ],
            [
              125.18847983800005,
              10.418038804000046
            ],
            [
              125.18851805400003,
              10.418011340000021
            ],
            [
              125.18853569200009,
              10.417991103000075
            ],
            [
              125.18860624500007,
              10.41793328400007
            ],
            [
              125.18861653300007,
              10.417927502000056
            ],
            [
              125.18863123200005,
              10.417910156000062
            ],
            [
              125.18865884800006,
              10.417888850000052
            ],
            [
              125.1886882450001,
              10.417858494000027
            ],
            [
              125.18869706400005,
              10.417852712000068
            ],
            [
              125.18871764200004,
              10.41783247500007
            ],
            [
              125.18873087100008,
              10.417825248000042
            ],
            [
              125.18876026800001,
              10.41780501100004
            ],
            [
              125.18876614700002,
              10.417799229000028
            ],
            [
              125.18877937500007,
              10.417792002000056
            ],
            [
              125.1888175900001,
              10.41777899300007
            ],
            [
              125.18883228800007,
              10.417776103000051
            ],
            [
              125.18890137000007,
              10.417742858000052
            ],
            [
              125.18893664500001,
              10.417732740000076
            ],
            [
              125.18896310100001,
              10.41772695900005
            ],
            [
              125.1890101340001,
              10.417726961000028
            ],
            [
              125.18905422800005,
              10.417729854000074
            ],
            [
              125.18906598700005,
              10.41773274600007
            ],
            [
              125.18909097200005,
              10.417735638000067
            ],
            [
              125.18910860900007,
              10.417742866000026
            ],
            [
              125.18913947400006,
              10.41775009500003
            ],
            [
              125.18920855300006,
              10.417770336000045
            ],
            [
              125.1892305990001,
              10.417786238000076
            ],
            [
              125.18926146400008,
              10.417802140000049
            ],
            [
              125.18928938900002,
              10.417819488000019
            ],
            [
              125.18932319400007,
              10.417833945000039
            ],
            [
              125.18941856800006,
              10.417857078000056
            ],
            [
              125.1894567820001,
              10.417862862000051
            ],
            [
              125.18947295000011,
              10.417868645000055
            ],
            [
              125.18951557300012,
              10.417874429000053
            ],
            [
              125.18954056000007,
              10.417872984000043
            ],
            [
              125.18956701600007,
              10.417865757000072
            ],
            [
              125.18958465400011,
              10.417855639000036
            ],
            [
              125.18959053300011,
              10.41784985700002
            ],
            [
              125.18963903800012,
              10.417818057000034
            ],
            [
              125.18965079600002,
              10.417809384000066
            ],
            [
              125.189656677,
              10.417802156000047
            ],
            [
              125.1896757840001,
              10.417786256000054
            ],
            [
              125.1896978310001,
              10.417763128000045
            ],
            [
              125.18970665000008,
              10.417751563000024
            ],
            [
              125.18973457800008,
              10.417700970000055
            ],
            [
              125.18975956600002,
              10.417673505000042
            ],
            [
              125.18979484300006,
              10.41762435700002
            ],
            [
              125.18985657700011,
              10.417546300000025
            ],
            [
              125.18986392600004,
              10.417533291000039
            ],
            [
              125.1898668660001,
              10.417523172000072
            ],
            [
              125.18987568500008,
              10.417508717000032
            ],
            [
              125.18989185400005,
              10.41748848000003
            ],
            [
              125.18990072600002,
              10.41748705900005
            ],
            [
              125.18990840800006,
              10.417476985000064
            ],
            [
              125.18991353000001,
              10.41746691000003
            ],
            [
              125.18992761400011,
              10.417448022000027
            ],
            [
              125.18994041900011,
              10.417424096000046
            ],
            [
              125.18995578500005,
              10.417400171000056
            ],
            [
              125.18998139300005,
              10.417367431000057
            ],
            [
              125.1900223670001,
              10.417327135000049
            ],
            [
              125.1900466950001,
              10.417296914000076
            ],
            [
              125.19011455800012,
              10.41722261900003
            ],
            [
              125.19014656900002,
              10.417191138000023
            ],
            [
              125.19016833600006,
              10.417173509000065
            ],
            [
              125.19017831900011,
              10.417161364000037
            ],
            [
              125.19023209800001,
              10.417108476000065
            ],
            [
              125.19026410900005,
              10.41707069900002
            ],
            [
              125.19028715600007,
              10.41704929200006
            ],
            [
              125.19032428900005,
              10.417002700000069
            ],
            [
              125.19034093500012,
              10.416987590000073
            ],
            [
              125.19036014200003,
              10.416966183000058
            ],
            [
              125.1904126390001,
              10.416917073000036
            ],
            [
              125.19045873400012,
              10.416864185000064
            ],
            [
              125.19047538000007,
              10.416842778000046
            ],
            [
              125.19050867100009,
              10.41681003800005
            ],
            [
              125.1905317180001,
              10.416789890000073
            ],
            [
              125.19054068100002,
              10.416778557000043
            ],
            [
              125.1905918980001,
              10.416739522000057
            ],
            [
              125.1906149460001,
              10.41671433700003
            ],
            [
              125.19063799300011,
              10.41669796700006
            ],
            [
              125.19064695600001,
              10.416680338000047
            ],
            [
              125.19067424800005,
              10.41665908600004
            ],
            [
              125.19070113700002,
              10.416635160000055
            ],
            [
              125.19070753900007,
              10.41662760500003
            ],
            [
              125.19071394100003,
              10.416616271000066
            ],
            [
              125.19073698900003,
              10.41659360500006
            ],
            [
              125.19076259800012,
              10.416564643000072
            ],
            [
              125.19079076700007,
              10.416538199000057
            ],
            [
              125.1908099740001,
              10.416511755000043
            ],
            [
              125.19082149700013,
              10.416502940000044
            ],
            [
              125.1908803980001,
              10.416447534000042
            ],
            [
              125.19090856600009,
              10.416416053000036
            ],
            [
              125.1909188100001,
              10.416397164000045
            ],
            [
              125.19092649200003,
              10.416389609000019
            ],
            [
              125.19095466200007,
              10.416354350000063
            ],
            [
              125.19099563600004,
              10.416296425000041
            ],
            [
              125.1910182690001,
              10.416270688000052
            ],
            [
              125.19102211100005,
              10.416261874000043
            ],
            [
              125.19104900000002,
              10.416227874000073
            ],
            [
              125.19106948700005,
              10.41619765200005
            ],
            [
              125.19110021700011,
              10.416164912000056
            ],
            [
              125.19111686300003,
              10.416149801000072
            ],
            [
              125.19116167800007,
              10.41609565300007
            ],
            [
              125.19117832400002,
              10.416070467000054
            ],
            [
              125.19118600700006,
              10.41605535700006
            ],
            [
              125.19119625000006,
              10.416042765000045
            ],
            [
              125.19122698,
              10.416017580000071
            ],
            [
              125.19125771000006,
              10.415981062000071
            ],
            [
              125.19130508600006,
              10.41593447100007
            ],
            [
              125.19133965700009,
              10.415905509000025
            ],
            [
              125.19135502200004,
              10.415889139000056
            ],
            [
              125.19136654600005,
              10.415872769000028
            ],
            [
              125.1913716670001,
              10.41586143400002
            ],
            [
              125.19139130500004,
              10.415831016000029
            ],
            [
              125.1914194750001,
              10.41580457200007
            ],
            [
              125.19142459600005,
              10.415797017000045
            ],
            [
              125.19146429000011,
              10.415756721000035
            ],
            [
              125.1914783740001,
              10.415739091000034
            ],
            [
              125.19148733800012,
              10.415722721000062
            ],
            [
              125.19151038500003,
              10.41569753600004
            ],
            [
              125.19154751700012,
              10.415662278000068
            ],
            [
              125.19155392000006,
              10.415652204000024
            ],
            [
              125.19158080800003,
              10.415633315000036
            ],
            [
              125.19158721000008,
              10.415624501000025
            ],
            [
              125.19162178200007,
              10.415587983000021
            ],
            [
              125.19163842700004,
              10.415560279000031
            ],
            [
              125.1916563530001,
              10.415538872000068
            ],
            [
              125.19165891500005,
              10.415533835000076
            ],
            [
              125.19167043800007,
              10.415525021000066
            ],
            [
              125.19169220500011,
              10.415501095000023
            ],
            [
              125.19170116800001,
              10.41549605800003
            ],
            [
              125.19171909300009,
              10.415482207000023
            ],
            [
              125.19173061700008,
              10.415468355000028
            ],
            [
              125.191748543,
              10.41545450400002
            ],
            [
              125.19175366400009,
              10.415446948000067
            ],
            [
              125.1917626280001,
              10.41542554100005
            ],
            [
              125.19178183400005,
              10.415396578000069
            ],
            [
              125.1917869560001,
              10.415385245000039
            ],
            [
              125.19179335800004,
              10.415377690000069
            ],
            [
              125.19180360100006,
              10.415370134000057
            ],
            [
              125.19182231100001,
              10.41535206000003
            ],
            [
              125.19183127400004,
              10.415347024000026
            ],
            [
              125.19186456500006,
              10.415318061000052
            ],
            [
              125.19187864900005,
              10.415292876000024
            ],
            [
              125.19188761200007,
              10.415281543000049
            ],
            [
              125.19189913600009,
              10.415270210000074
            ],
            [
              125.19191706200003,
              10.415256358000022
            ],
            [
              125.19192986600002,
              10.415239988000053
            ],
            [
              125.19194651200007,
              10.41521354400004
            ],
            [
              125.19197724200001,
              10.41517324800003
            ],
            [
              125.19200028900002,
              10.415151841000068
            ],
            [
              125.19204254400007,
              10.415087619000076
            ],
            [
              125.1920515070001,
              10.415076286000044
            ],
            [
              125.1920758340001,
              10.415051101000072
            ],
            [
              125.19210400400004,
              10.41501332400003
            ],
            [
              125.19213089200002,
              10.414986880000072
            ],
            [
              125.19214369600002,
              10.414967991000026
            ],
            [
              125.19217314600007,
              10.414940288000023
            ],
            [
              125.19219363300009,
              10.414908807000073
            ],
            [
              125.19222436200006,
              10.41487103000003
            ],
            [
              125.19222820300003,
              10.414860560000019
            ],
            [
              125.19223332500007,
              10.414854263000052
            ],
            [
              125.19226149400005,
              10.414837893000024
            ],
            [
              125.19227685900013,
              10.414822782000044
            ],
            [
              125.19228838300012,
              10.414807671000062
            ],
            [
              125.19230758900007,
              10.414788782000072
            ],
            [
              125.19234216100006,
              10.414730857000052
            ],
            [
              125.1923741710001,
              10.414698117000057
            ],
            [
              125.19239465800003,
              10.414667895000038
            ],
            [
              125.19240234000006,
              10.414659080000035
            ],
            [
              125.19242922900003,
              10.414636414000025
            ],
            [
              125.19247148200009,
              10.41458856300005
            ],
            [
              125.19248684700007,
              10.414563378000025
            ],
            [
              125.19250477300011,
              10.414544489000031
            ],
            [
              125.19252654000003,
              10.41451426700007
            ],
            [
              125.19253422200006,
              10.41450671200005
            ],
            [
              125.19254702700006,
              10.41448404500005
            ],
            [
              125.19257517900007,
              10.414451171000051
            ],
            [
              125.19257902000004,
              10.414443615000039
            ],
            [
              125.19259566600012,
              10.414429764000033
            ],
            [
              125.19260462900002,
              10.414409615000068
            ],
            [
              125.192616153,
              10.414397023000049
            ],
            [
              125.19262639600005,
              10.414380653000025
            ],
            [
              125.19265072400003,
              10.41435294900003
            ],
            [
              125.19269938000001,
              10.414292505000049
            ],
            [
              125.19271730600008,
              10.414264802000048
            ],
            [
              125.19274163400006,
              10.41423332100004
            ],
            [
              125.1927608400001,
              10.414201839000038
            ],
            [
              125.19278516800013,
              10.414169099000047
            ],
            [
              125.19280693500002,
              10.414136358000064
            ],
            [
              125.1928479080001,
              10.414089766000073
            ],
            [
              125.1928568710001,
              10.414077174000056
            ],
            [
              125.19286327300006,
              10.414064581000048
            ],
            [
              125.192891442,
              10.414031841000055
            ],
            [
              125.19289784400009,
              10.414020508000023
            ],
            [
              125.19292345200006,
              10.41399154500004
            ],
            [
              125.19293369600007,
              10.413972656000054
            ],
            [
              125.19295930500004,
              10.41393739700004
            ],
            [
              125.19297979100008,
              10.41389962000005
            ],
            [
              125.19301308100013,
              10.413866880000057
            ],
            [
              125.19302332500001,
              10.41385428700005
            ],
            [
              125.19302560900007,
              10.41384864200006
            ],
            [
              125.19303181000011,
              10.413842544000033
            ],
            [
              125.19304111100007,
              10.413828823000078
            ],
            [
              125.19304886200008,
              10.41381205300007
            ],
            [
              125.19306901400012,
              10.413786136000054
            ],
            [
              125.19307676500011,
              10.413773940000056
            ],
            [
              125.19308761600007,
              10.413751072000025
            ],
            [
              125.19310776800012,
              10.413722106000023
            ],
            [
              125.19311322600004,
              10.413711370000044
            ],
            [
              125.19293753600003,
              10.413637570000049
            ],
            [
              125.19283516200007,
              10.41380011700005
            ],
            [
              125.19118169400006,
              10.412849061000028
            ],
            [
              125.18518166200009,
              10.410461569000065
            ],
            [
              125.17933898000001,
              10.418039988000032
            ],
            [
              125.17947031400003,
              10.418076023000024
            ],
            [
              125.17960147300006,
              10.418145935000037
            ],
            [
              125.17973452300009,
              10.418202627000028
            ],
            [
              125.17983430400012,
              10.418262205000076
            ],
            [
              125.17992908300006,
              10.418333150000025
            ],
            [
              125.18004500700009,
              10.41838534900006
            ],
            [
              125.1801942830001,
              10.418437068000062
            ],
            [
              125.18033387000004,
              10.418489963000066
            ],
            [
              125.18045856100002,
              10.418514448000053
            ],
            [
              125.1806325880001,
              10.418547046000072
            ],
            [
              125.18084253100007,
              10.418601737000072
            ],
            [
              125.18096956800004,
              10.418633087000046
            ],
            [
              125.18112454900006,
              10.418703769000045
            ],
            [
              125.1816293920001,
              10.41894008600002
            ],
            [
              125.1818780000001,
              10.419049030000053
            ],
            [
              125.1822406110001,
              10.419168455000031
            ],
            [
              125.1824582810001,
              10.419218468000055
            ],
            [
              125.18266577400004,
              10.419236865000073
            ],
            [
              125.1828619810001,
              10.419250144000044
            ],
            [
              125.1830463870001,
              10.419268146000034
            ],
            [
              125.18318716700004,
              10.419307558000071
            ],
            [
              125.18346352600008,
              10.41938685500003
            ],
            [
              125.18406712800005,
              10.419474121000064
            ],
            [
              125.18438609600003,
              10.419512434000067
            ],
            [
              125.18477598000004,
              10.419517276000022
            ],
            [
              125.18512822000004,
              10.419487562000029
            ],
            [
              125.18532220300004,
              10.419459599000048
            ],
            [
              125.18590099300003,
              10.419309534000035
            ],
            [
              125.18605984400007,
              10.419352714000071
            ],
            [
              125.18621907600006,
              10.419372835000049
            ],
            [
              125.18631667600005,
              10.419398039000043
            ],
            [
              125.18639370400001,
              10.419372740000027
            ],
            [
              125.18646047600011,
              10.419377756000076
            ],
            [
              125.18652213300004,
              10.41941813500006
            ],
            [
              125.18653244500001,
              10.41948884900006
            ],
            [
              125.18651601300009,
              10.419618951000075
            ],
            [
              125.1867708210001,
              10.41964402700006
            ],
            [
              125.18696736800007,
              10.419969970000066
            ],
            [
              125.18698827200002,
              10.41996105500004
            ]
          ]
        ]
      },
      "properties": {
        "gid": 9,
        "administra": 4,
        "admin_leve": "Barangay level 4",
        "shape0": "philippines",
        "shape1": "Eastern Visayas",
        "shape2": "Southern Leyte",
        "shape3": "Hinunangan",
        "shape4": "Canipaan",
        "serial_id": 9,
        "style_info": "",
        "view_zoom_": "",
        "travel_via": "",
        "bearing_an": null,
        "bearing_di": null,
        "created_at": "2026-09-23T00:00:00.000Z",
        "modified_a": "2026-09-23T00:00:00.000Z",
        "geocoded_a": "",
        "properties": ""
      }
    },
    {
      "type": "Feature",
      "geometry": {
        "bbox": [
          125.22136422300004,
          10.444915295000042,
          125.23316207500011,
          10.474609403000043
        ],
        "type": "Polygon",
        "coordinates": [
          [
            [
              125.22496070900003,
              10.474609393000035
            ],
            [
              125.22498503400004,
              10.474601411000037
            ],
            [
              125.2250093560001,
              10.474581466000073
            ],
            [
              125.2250215160001,
              10.474569501000076
            ],
            [
              125.22504178600003,
              10.474557533000052
            ],
            [
              125.22507828300003,
              10.474569481000058
            ],
            [
              125.22511883200004,
              10.474577442000053
            ],
            [
              125.2251512700001,
              10.474573444000038
            ],
            [
              125.22516748700002,
              10.474569451000038
            ],
            [
              125.22519992500008,
              10.474569441000027
            ],
            [
              125.225220195,
              10.474557472000072
            ],
            [
              125.22524046600007,
              10.474549490000069
            ],
            [
              125.22526479400005,
              10.474549482000043
            ],
            [
              125.22528100400005,
              10.474525554000023
            ],
            [
              125.22528099800003,
              10.474505617000032
            ],
            [
              125.22526882900002,
              10.474493660000066
            ],
            [
              125.2252363660001,
              10.474421902000076
            ],
            [
              125.22522824700003,
              10.474393994000025
            ],
            [
              125.22522418100004,
              10.474362098000027
            ],
            [
              125.22522822600003,
              10.474334187000066
            ],
            [
              125.2252444380001,
              10.474314245000073
            ],
            [
              125.22526876000006,
              10.474294301000041
            ],
            [
              125.22527685800004,
              10.474262401000033
            ],
            [
              125.22528496600013,
              10.474258411000053
            ],
            [
              125.22530929300002,
              10.474254415000077
            ],
            [
              125.22533766900007,
              10.474234470000056
            ],
            [
              125.22535388300004,
              10.474218516000064
            ],
            [
              125.22538225100004,
              10.47417464700004
            ],
            [
              125.22539440900005,
              10.474158694000039
            ],
            [
              125.22541062300002,
              10.474142740000048
            ],
            [
              125.22548764000011,
              10.47407891900002
            ],
            [
              125.22550385400008,
              10.474062965000032
            ],
            [
              125.22551601300007,
              10.474050999000044
            ],
            [
              125.22552817100008,
              10.474035046000042
            ],
            [
              125.22553627600007,
              10.474019095000076
            ],
            [
              125.22555249000004,
              10.474003140000036
            ],
            [
              125.22556870600012,
              10.47399516000007
            ],
            [
              125.22560113700001,
              10.473975214000063
            ],
            [
              125.22562545500013,
              10.473947295000073
            ],
            [
              125.22566598900005,
              10.473907409000049
            ],
            [
              125.22567814600006,
              10.473887469000035
            ],
            [
              125.22569030400007,
              10.473871516000031
            ],
            [
              125.22571462600003,
              10.47385157200006
            ],
            [
              125.22573489700005,
              10.473843591000048
            ],
            [
              125.22576733200003,
              10.473835605000035
            ],
            [
              125.2257835470001,
              10.47382762700005
            ],
            [
              125.22582003600007,
              10.473815652000038
            ],
            [
              125.22584030300006,
              10.473795709000056
            ],
            [
              125.22585651700003,
              10.473783742000023
            ],
            [
              125.22590110500006,
              10.473739867000063
            ],
            [
              125.22592136700008,
              10.473707963000034
            ],
            [
              125.22595786200007,
              10.473711938000067
            ],
            [
              125.22597407900003,
              10.473707945000058
            ],
            [
              125.22603490000007,
              10.473707924000053
            ],
            [
              125.22605923000005,
              10.473711903000035
            ],
            [
              125.22612815800007,
              10.473703905000034
            ],
            [
              125.22616059800008,
              10.47370788100005
            ],
            [
              125.22623763800003,
              10.473707854000054
            ],
            [
              125.22626602300011,
              10.473711833000037
            ],
            [
              125.22630251600005,
              10.473711819000075
            ],
            [
              125.22633495000004,
              10.473699846000045
            ],
            [
              125.22636333000003,
              10.473691862000067
            ],
            [
              125.22637954800005,
              10.47368786900006
            ],
            [
              125.22641198500003,
              10.473683871000047
            ],
            [
              125.2264322640001,
              10.473703800000067
            ],
            [
              125.22645254800013,
              10.473727716000042
            ],
            [
              125.22648904400013,
              10.473735678000024
            ],
            [
              125.22652959300001,
              10.473739651000074
            ],
            [
              125.22655797900006,
              10.473747616000026
            ],
            [
              125.22658636000004,
              10.47374361900006
            ],
            [
              125.2266066320001,
              10.473735637000061
            ],
            [
              125.22662284600007,
              10.473719683000066
            ],
            [
              125.22664716400006,
              10.473691764000023
            ],
            [
              125.22666111300009,
              10.473679770000045
            ],
            [
              125.2266821940001,
              10.473693036000041
            ],
            [
              125.2267071440001,
              10.473714580000033
            ],
            [
              125.22673200300005,
              10.473728843000059
            ],
            [
              125.22674933700011,
              10.473733489000038
            ],
            [
              125.226776545,
              10.473738016000027
            ],
            [
              125.22680615700006,
              10.47373765900005
            ],
            [
              125.22685542400008,
              10.473729785000048
            ],
            [
              125.22687016900011,
              10.473724754000045
            ],
            [
              125.22688744500012,
              10.473724546000025
            ],
            [
              125.2268999050001,
              10.473734104000073
            ],
            [
              125.2269050220001,
              10.473748605000024
            ],
            [
              125.22690520300011,
              10.473763166000026
            ],
            [
              125.22691519500007,
              10.473772755000027
            ],
            [
              125.22693256000004,
              10.473779826000055
            ],
            [
              125.22695233200012,
              10.473782015000038
            ],
            [
              125.22696704900012,
              10.473774557000068
            ],
            [
              125.22697926800004,
              10.473764702000041
            ],
            [
              125.22700406600005,
              10.473774112000056
            ],
            [
              125.22702380900012,
              10.473773874000074
            ],
            [
              125.22704123500012,
              10.47378580000003
            ],
            [
              125.22705107600005,
              10.47378325400007
            ],
            [
              125.22707295400005,
              10.473756293000061
            ],
            [
              125.22709769200004,
              10.473760850000073
            ],
            [
              125.22710988100005,
              10.473748568000072
            ],
            [
              125.22711978200006,
              10.473750876000055
            ],
            [
              125.22713970600012,
              10.473765199000068
            ],
            [
              125.22715460300003,
              10.473772301000052
            ],
            [
              125.22716782200007,
              10.473770451000066
            ],
            [
              125.22717268900011,
              10.473763904000066
            ],
            [
              125.22718089600005,
              10.473760561000061
            ],
            [
              125.22719883700007,
              10.473744125000053
            ],
            [
              125.22720207500005,
              10.47373921900004
            ],
            [
              125.22720525200009,
              10.473729449000075
            ],
            [
              125.22722152500012,
              10.473711409000032
            ],
            [
              125.227223072,
              10.473703279000063
            ],
            [
              125.22723443700009,
              10.473688543000037
            ],
            [
              125.2272392640001,
              10.473678753000058
            ],
            [
              125.22726058500007,
              10.473668763000033
            ],
            [
              125.22729019200005,
              10.473661918000062
            ],
            [
              125.22731314200007,
              10.473650288000043
            ],
            [
              125.22735266600012,
              10.473644946000034
            ],
            [
              125.22737256000005,
              10.473652817000072
            ],
            [
              125.22738247500001,
              10.473654319000046
            ],
            [
              125.22739742000009,
              10.473662250000073
            ],
            [
              125.22741242600013,
              10.473675047000029
            ],
            [
              125.22742413400012,
              10.473687883000023
            ],
            [
              125.2274341110001,
              10.473694251000039
            ],
            [
              125.22744559600007,
              10.473689247000038
            ],
            [
              125.22745022000005,
              10.473663237000038
            ],
            [
              125.227456758,
              10.473658292000037
            ],
            [
              125.22749308400012,
              10.473661099000026
            ],
            [
              125.22755219900012,
              10.473639301000048
            ],
            [
              125.2275638860001,
              10.47365051400004
            ],
            [
              125.22757579499999,
              10.47367956900007
            ],
            [
              125.22758422300002,
              10.473694067000054
            ],
            [
              125.22759257100006,
              10.473702077000041
            ],
            [
              125.22760578600004,
              10.47370354000003
            ],
            [
              125.22762376800006,
              10.473690347000057
            ],
            [
              125.22763836900003,
              10.473670707000052
            ],
            [
              125.22764148600004,
              10.473656069000072
            ],
            [
              125.22765462100006,
              10.473651044000063
            ],
            [
              125.2276727640001,
              10.473650826000036
            ],
            [
              125.22768921700003,
              10.473647385000046
            ],
            [
              125.227708989,
              10.473645524000062
            ],
            [
              125.227743626,
              10.473645107000038
            ],
            [
              125.22780634200001,
              10.473647596000035
            ],
            [
              125.22786238000005,
              10.473643678000029
            ],
            [
              125.2278804430001,
              10.473636972000067
            ],
            [
              125.22790992900002,
              10.473620396000054
            ],
            [
              125.2279230030001,
              10.473610506000057
            ],
            [
              125.22794090400009,
              10.47359082500003
            ],
            [
              125.22795733600005,
              10.473585760000049
            ],
            [
              125.2280150040001,
              10.47358020000007
            ],
            [
              125.22803640600011,
              10.473576698000045
            ],
            [
              125.22805774700011,
              10.473568331000024
            ],
            [
              125.22807747800005,
              10.473563227000056
            ],
            [
              125.22809399200003,
              10.473564650000073
            ],
            [
              125.22815198300007,
              10.473585040000042
            ],
            [
              125.22817841200003,
              10.473587966000023
            ],
            [
              125.22819653500005,
              10.473586126000043
            ],
            [
              125.22820969100007,
              10.473582723000048
            ],
            [
              125.22822288600003,
              10.473582564000022
            ],
            [
              125.22827739600008,
              10.473588396000023
            ],
            [
              125.22835839600009,
              10.473602021000033
            ],
            [
              125.22839138400002,
              10.473601624000027
            ],
            [
              125.22839959100008,
              10.473598281000022
            ],
            [
              125.22842256300011,
              10.473598345000028
            ],
            [
              125.22844559300007,
              10.473593201000027
            ],
            [
              125.22846033500002,
              10.473584913000023
            ],
            [
              125.2284618440001,
              10.473573540000075
            ],
            [
              125.22846675200003,
              10.473570237000047
            ],
            [
              125.22848172700004,
              10.473580524000056
            ],
            [
              125.22853788600003,
              10.473586338000073
            ],
            [
              125.22857240100006,
              10.47357618800004
            ],
            [
              125.22858551500006,
              10.47356954200006
            ],
            [
              125.22859040300011,
              10.473564617000022
            ],
            [
              125.2286165910001,
              10.473548080000056
            ],
            [
              125.22862304700004,
              10.473536648000048
            ],
            [
              125.22862461500007,
              10.473530140000037
            ],
            [
              125.22863109100003,
              10.47352033000004
            ],
            [
              125.22865567100007,
              10.473507057000061
            ],
            [
              125.22867874200006,
              10.473505158000023
            ],
            [
              125.2286838110001,
              10.473514829000063
            ],
            [
              125.22868731200005,
              10.473531008000066
            ],
            [
              125.228700526,
              10.473532471000055
            ],
            [
              125.22870543400006,
              10.47352916700004
            ],
            [
              125.22871347800003,
              10.473512850000077
            ],
            [
              125.22872333500005,
              10.473509486000065
            ],
            [
              125.22873325200011,
              10.473510989000031
            ],
            [
              125.22874326800002,
              10.473520601000077
            ],
            [
              125.22874841900013,
              10.473536762000036
            ],
            [
              125.22875837600009,
              10.473541507000052
            ],
            [
              125.22876827100004,
              10.473541389000044
            ],
            [
              125.22877647800011,
              10.473538045000055
            ],
            [
              125.2287862940001,
              10.473531439000055
            ],
            [
              125.2287911410001,
              10.473523269000054
            ],
            [
              125.2287925070001,
              10.473500543000057
            ],
            [
              125.22880057300006,
              10.473485847000061
            ],
            [
              125.22880696700008,
              10.473469549000072
            ],
            [
              125.22880350800004,
              10.47345661300005
            ],
            [
              125.22879349000006,
              10.473447001000066
            ],
            [
              125.22878019500001,
              10.473439050000023
            ],
            [
              125.2287668580001,
              10.473427856000054
            ],
            [
              125.22875014300007,
              10.473410214000067
            ],
            [
              125.22873350800013,
              10.473399059000027
            ],
            [
              125.22870041800002,
              10.473391348000064
            ],
            [
              125.22867390800003,
              10.473381933000038
            ],
            [
              125.22865065500002,
              10.473369236000051
            ],
            [
              125.22864238900003,
              10.473367714000064
            ],
            [
              125.22862575400006,
              10.473356559000022
            ],
            [
              125.22862895200001,
              10.473348410000026
            ],
            [
              125.22864210500005,
              10.473345007000034
            ],
            [
              125.22866523800008,
              10.473347973000047
            ],
            [
              125.22867511400011,
              10.47334623200004
            ],
            [
              125.22868503000008,
              10.473347735000063
            ],
            [
              125.22869337800012,
              10.473355745000049
            ],
            [
              125.2287033550001,
              10.47336211300006
            ],
            [
              125.22871494100002,
              10.473365219000073
            ],
            [
              125.22872318700001,
              10.473365119000048
            ],
            [
              125.22874141000013,
              10.47337138800003
            ],
            [
              125.22874975900005,
              10.473379398000075
            ],
            [
              125.22876138400011,
              10.473385747000064
            ],
            [
              125.228784517,
              10.473388713000075
            ],
            [
              125.22879924000006,
              10.473378802000067
            ],
            [
              125.2288002270001,
              10.473371356000028
            ],
            [
              125.22879242000012,
              10.473361041000034
            ],
            [
              125.22879037900009,
              10.47334871900006
            ],
            [
              125.22880515100007,
              10.473323579000063
            ],
            [
              125.22880165000005,
              10.473307400000067
            ],
            [
              125.2287865830001,
              10.47328973900005
            ],
            [
              125.22876660900009,
              10.47327537900003
            ],
            [
              125.2287400780001,
              10.473264344000027
            ],
            [
              125.2287250930001,
              10.473253169000031
            ],
            [
              125.22871829300004,
              10.473237030000064
            ],
            [
              125.22872310000004,
              10.473225617000027
            ],
            [
              125.228751138,
              10.473225281000055
            ],
            [
              125.22875769500001,
              10.47322195700002
            ],
            [
              125.22876089400006,
              10.473213807000036
            ],
            [
              125.22875904300008,
              10.47319760800002
            ],
            [
              125.22876224100003,
              10.473189460000068
            ],
            [
              125.22875709100003,
              10.473173301000033
            ],
            [
              125.22876352700007,
              10.47316024500003
            ],
            [
              125.22876342600013,
              10.473152136000063
            ],
            [
              125.22877149100009,
              10.473137440000075
            ],
            [
              125.22878778200004,
              10.47312102200004
            ],
            [
              125.2287925490001,
              10.473106366000025
            ],
            [
              125.22879401500006,
              10.473091749000048
            ],
            [
              125.22878051800001,
              10.473067580000077
            ],
            [
              125.22877046100007,
              10.473054724000066
            ],
            [
              125.22875213400005,
              10.473040127000047
            ],
            [
              125.22874217700007,
              10.473035381000043
            ],
            [
              125.2287208360001,
              10.473043748000066
            ],
            [
              125.22871906600007,
              10.473034037000048
            ],
            [
              125.2287255220001,
              10.473022604000052
            ],
            [
              125.22875006000004,
              10.473006088000034
            ],
            [
              125.22876466100001,
              10.472986446000046
            ],
            [
              125.2287644390001,
              10.472968606000052
            ],
            [
              125.22874784600005,
              10.472960695000042
            ],
            [
              125.22874281700001,
              10.472954267000034
            ],
            [
              125.22873923500003,
              10.472931601000028
            ],
            [
              125.22874237200006,
              10.472918586000048
            ],
            [
              125.22875043800003,
              10.472903889000065
            ],
            [
              125.22875196600012,
              10.472894138000072
            ],
            [
              125.2287403380001,
              10.472887790000073
            ],
            [
              125.2287221560001,
              10.47288476400007
            ],
            [
              125.22873024100011,
              10.472871690000035
            ],
            [
              125.2287498720001,
              10.472858478000031
            ],
            [
              125.22875307000004,
              10.472850327000057
            ],
            [
              125.22875127900011,
              10.472838994000028
            ],
            [
              125.22874788000001,
              10.472830924000048
            ],
            [
              125.2287345640001,
              10.47282135200004
            ],
            [
              125.22873281300008,
              10.472813262000043
            ],
            [
              125.22874409600003,
              10.472792039000067
            ],
            [
              125.228745644,
              10.472783910000032
            ],
            [
              125.22873214600007,
              10.47275974000007
            ],
            [
              125.22872852500007,
              10.472733830000037
            ],
            [
              125.22872820200006,
              10.472707880000028
            ],
            [
              125.2287231130001,
              10.47269658600004
            ],
            [
              125.22871305500009,
              10.472683730000028
            ],
            [
              125.22871126300004,
              10.472672397000052
            ],
            [
              125.22868620100009,
              10.47264674400003
            ],
            [
              125.22867958300004,
              10.472645203000068
            ],
            [
              125.22866809800006,
              10.472650207000074
            ],
            [
              125.22865822200002,
              10.47265194800002
            ],
            [
              125.22864993500002,
              10.472648803000025
            ],
            [
              125.2286448860001,
              10.472640754000052
            ],
            [
              125.22863655800008,
              10.47263436500003
            ],
            [
              125.22861839600013,
              10.472632962000034
            ],
            [
              125.22860845900003,
              10.472629838000046
            ],
            [
              125.22860503900007,
              10.472620146000054
            ],
            [
              125.22861139400004,
              10.472600603000044
            ],
            [
              125.22861115200011,
              10.472581141000036
            ],
            [
              125.22860278400003,
              10.472571509000034
            ],
            [
              125.2285895890001,
              10.472571667000068
            ],
            [
              125.22857643500005,
              10.47257507000006
            ],
            [
              125.22856818700006,
              10.472575170000026
            ],
            [
              125.2285615300001,
              10.472570383000061
            ],
            [
              125.22855479100008,
              10.472559110000077
            ],
            [
              125.2285502950001,
              10.472547761000042
            ],
            [
              125.22855578500004,
              10.472534250000026
            ],
            [
              125.22856952700012,
              10.472523430000024
            ],
            [
              125.22861351300001,
              10.472507193000068
            ],
            [
              125.22865474000004,
              10.472463920000054
            ],
            [
              125.22866847800003,
              10.47243958200005
            ],
            [
              125.2286959400001,
              10.47234764800004
            ],
            [
              125.22870967200004,
              10.472309792000031
            ],
            [
              125.22872065700005,
              10.472271937000075
            ],
            [
              125.22872889000007,
              10.472228676000041
            ],
            [
              125.22873436900012,
              10.472174601000063
            ],
            [
              125.22875084300006,
              10.47211241200006
            ],
            [
              125.2287700710001,
              10.47206103600007
            ],
            [
              125.22878105000007,
              10.472009663000051
            ],
            [
              125.22878103300002,
              10.471960998000041
            ],
            [
              125.22877826400008,
              10.471906927000077
            ],
            [
              125.22878374600009,
              10.471860962000047
            ],
            [
              125.22879747700004,
              10.471817699000038
            ],
            [
              125.22881945200004,
              10.471760915000061
            ],
            [
              125.22883591800009,
              10.471679800000059
            ],
            [
              125.22884963000003,
              10.471582466000028
            ],
            [
              125.22885236900002,
              10.47155002000005
            ],
            [
              125.2288523630001,
              10.471536502000049
            ],
            [
              125.22884685300005,
              10.47150406000003
            ],
            [
              125.22884683300003,
              10.471449988000073
            ],
            [
              125.22884957400005,
              10.471425654000026
            ],
            [
              125.22884954400001,
              10.471341841000024
            ],
            [
              125.22884402900003,
              10.471301289000053
            ],
            [
              125.22884401600005,
              10.471260734000053
            ],
            [
              125.2288412580001,
              10.471239106000041
            ],
            [
              125.22885223700005,
              10.471190438000065
            ],
            [
              125.22886318000009,
              10.47103903000004
            ],
            [
              125.22886041500009,
              10.470993068000043
            ],
            [
              125.22885489700002,
              10.470941701000072
            ],
            [
              125.22885488100007,
              10.470895738000022
            ],
            [
              125.22885212000006,
              10.470865999000068
            ],
            [
              125.22884110700011,
              10.470822745000019
            ],
            [
              125.22884108400002,
              10.47075867000007
            ],
            [
              125.22883557200008,
              10.47072352500004
            ],
            [
              125.22882731100005,
              10.47068838000007
            ],
            [
              125.22882179400005,
              10.470637013000044
            ],
            [
              125.22881353200012,
              10.470599165000065
            ],
            [
              125.2288135140001,
              10.47055049900007
            ],
            [
              125.2287969690001,
              10.470415324000045
            ],
            [
              125.22878592800008,
              10.470293663000064
            ],
            [
              125.22877491000008,
              10.470239594000075
            ],
            [
              125.2287446260001,
              10.470128756000065
            ],
            [
              125.22872536300008,
              10.47008009700005
            ],
            [
              125.22870885500005,
              10.470047659000045
            ],
            [
              125.22865108300005,
              10.469953053000037
            ],
            [
              125.22862632600004,
              10.469917914000062
            ],
            [
              125.22860431800008,
              10.46988277400004
            ],
            [
              125.22859331000006,
              10.469855742000052
            ],
            [
              125.228582307,
              10.46983952500005
            ],
            [
              125.22854929300001,
              10.469782759000053
            ],
            [
              125.22853278400011,
              10.469747617000051
            ],
            [
              125.22851076200004,
              10.469674628000062
            ],
            [
              125.22849975400004,
              10.469647594000035
            ],
            [
              125.2284804950001,
              10.469612454000071
            ],
            [
              125.22843372700002,
              10.469534064000072
            ],
            [
              125.22838969500003,
              10.469420526000022
            ],
            [
              125.22837319000008,
              10.469396199000073
            ],
            [
              125.22833743300009,
              10.469355657000047
            ],
            [
              125.2282741450001,
              10.46921779200005
            ],
            [
              125.22825213900012,
              10.469188060000024
            ],
            [
              125.22822462600006,
              10.469136700000035
            ],
            [
              125.2282218690001,
              10.46911777500003
            ],
            [
              125.22820577800009,
              10.469061022000062
            ],
            [
              125.22819476100005,
              10.469006953000074
            ],
            [
              125.22817274100011,
              10.468939370000044
            ],
            [
              125.22816723100004,
              10.468909632000075
            ],
            [
              125.22815622200005,
              10.468877192000036
            ],
            [
              125.22815070800006,
              10.46883393500002
            ],
            [
              125.2281451770001,
              10.468744717000048
            ],
            [
              125.22813139800007,
              10.468655502000049
            ],
            [
              125.22813138000004,
              10.468609542000022
            ],
            [
              125.22812861600006,
              10.46856628300003
            ],
            [
              125.22811760000002,
              10.46851491900003
            ],
            [
              125.22811483300006,
              10.468466254000077
            ],
            [
              125.22810104200006,
              10.468344595000074
            ],
            [
              125.22810102300004,
              10.468290522000075
            ],
            [
              125.22810375000006,
              10.468228338000072
            ],
            [
              125.22809823500008,
              10.468182378000051
            ],
            [
              125.22808172300007,
              10.468139125000048
            ],
            [
              125.22805971000004,
              10.46809046800007
            ],
            [
              125.22803220400009,
              10.468058033000032
            ],
            [
              125.22800745200006,
              10.468036414000037
            ],
            [
              125.22798545300009,
              10.468025606000028
            ],
            [
              125.22795245000009,
              10.46800128500007
            ],
            [
              125.22793320000007,
              10.467990477000058
            ],
            [
              125.22791395000002,
              10.467976965000048
            ],
            [
              125.22788644600008,
              10.467947234000063
            ],
            [
              125.22786444100007,
              10.46792020600003
            ],
            [
              125.22784518500009,
              10.467893176000075
            ],
            [
              125.22783143000005,
              10.467868848000027
            ],
            [
              125.22782867000001,
              10.467839109000066
            ],
            [
              125.22782591700002,
              10.467830998000064
            ],
            [
              125.22782603400003,
              10.467794187000038
            ],
            [
              125.22781152400012,
              10.467711129000065
            ],
            [
              125.22783159500013,
              10.467641822000074
            ],
            [
              125.22786277500008,
              10.467632792000073
            ],
            [
              125.2278682760001,
              10.467627378000032
            ],
            [
              125.22787561100007,
              10.46762376700008
            ],
            [
              125.22789761800004,
              10.467607525000062
            ],
            [
              125.22792329000002,
              10.467582263000054
            ],
            [
              125.22793245700008,
              10.46756963300004
            ],
            [
              125.22793244900004,
              10.467546184000067
            ],
            [
              125.22793061000004,
              10.467537165000065
            ],
            [
              125.22792143200003,
              10.467515524000019
            ],
            [
              125.22792142600008,
              10.467499289000044
            ],
            [
              125.22792692300004,
              10.467484857000045
            ],
            [
              125.22793976000001,
              10.467474029000071
            ],
            [
              125.22794892600007,
              10.467457792000062
            ],
            [
              125.22795442000006,
              10.467434340000066
            ],
            [
              125.227954413,
              10.467414498000041
            ],
            [
              125.22795073400005,
              10.467385639000042
            ],
            [
              125.22795071400003,
              10.467329721000056
            ],
            [
              125.22794887700002,
              10.467322507000063
            ],
            [
              125.22792501700008,
              10.46728643800003
            ],
            [
              125.22792134500003,
              10.467275617000041
            ],
            [
              125.22791767400007,
              10.467270207000071
            ],
            [
              125.22791767100013,
              10.467261188000066
            ],
            [
              125.22791399800009,
              10.467250367000073
            ],
            [
              125.22791398900006,
              10.467225114000028
            ],
            [
              125.22791215200004,
              10.467217898000058
            ],
            [
              125.22791214700011,
              10.467207076000019
            ],
            [
              125.22790847700001,
              10.467198058000063
            ],
            [
              125.22790663500007,
              10.467180021000049
            ],
            [
              125.22789011400006,
              10.467145754000057
            ],
            [
              125.22785892200011,
              10.467122316000031
            ],
            [
              125.22782039600008,
              10.467106095000076
            ],
            [
              125.22779104400001,
              10.467100693000077
            ],
            [
              125.22776352900006,
              10.467098899000064
            ],
            [
              125.22773601200004,
              10.467093497000063
            ],
            [
              125.22772867500011,
              10.467093500000033
            ],
            [
              125.22772133500008,
              10.46708989500007
            ],
            [
              125.2277121640001,
              10.467088095000067
            ],
            [
              125.22769748500004,
              10.46708088400004
            ],
            [
              125.22769014700009,
              10.467075475000058
            ],
            [
              125.22768280700006,
              10.467066459000025
            ],
            [
              125.22767913500002,
              10.46705924500003
            ],
            [
              125.22767912900007,
              10.467043012000033
            ],
            [
              125.22768829400003,
              10.467026773000043
            ],
            [
              125.22769562600003,
              10.467008733000057
            ],
            [
              125.22770112600006,
              10.466999712000073
            ],
            [
              125.2277231290001,
              10.466974451000056
            ],
            [
              125.22774407400004,
              10.466903985000044
            ],
            [
              125.2277356940001,
              10.466830629000068
            ],
            [
              125.22771187700005,
              10.466795506000036
            ],
            [
              125.22771187500007,
              10.466787029000045
            ],
            [
              125.22770540400006,
              10.466772197000067
            ],
            [
              125.22770324600002,
              10.466761603000064
            ],
            [
              125.22769677700012,
              10.466751009000063
            ],
            [
              125.22767520800005,
              10.466698040000036
            ],
            [
              125.22766011200008,
              10.466668379000051
            ],
            [
              125.22766011100009,
              10.466662022000035
            ],
            [
              125.22764717300004,
              10.466638716000032
            ],
            [
              125.22764717100006,
              10.466632360000064
            ],
            [
              125.22764070400001,
              10.466626004000032
            ],
            [
              125.2276363860001,
              10.466604815000037
            ],
            [
              125.22761049900008,
              10.466526419000045
            ],
            [
              125.22760403000008,
              10.466513708000035
            ],
            [
              125.227593242,
              10.466479805000061
            ],
            [
              125.22757814600004,
              10.466448026000021
            ],
            [
              125.22757814500005,
              10.466441667000025
            ],
            [
              125.22756304900008,
              10.466412006000041
            ],
            [
              125.2275350120001,
              10.466344205000038
            ],
            [
              125.2275285400001,
              10.466325136000025
            ],
            [
              125.22752638000009,
              10.466312422000044
            ],
            [
              125.2275220680001,
              10.466303948000077
            ],
            [
              125.22751990700012,
              10.466289115000054
            ],
            [
              125.22751343900006,
              10.466278522000039
            ],
            [
              125.22751128000006,
              10.466267927000045
            ],
            [
              125.22748971400007,
              10.466221315000043
            ],
            [
              125.22748540200008,
              10.466214960000057
            ],
            [
              125.22748108700011,
              10.466200128000024
            ],
            [
              125.22747030600009,
              10.466181060000052
            ],
            [
              125.22746599100003,
              10.466168347000064
            ],
            [
              125.22745520900003,
              10.466147160000048
            ],
            [
              125.22742286700007,
              10.466096946000047
            ],
            [
              125.22741855200002,
              10.466084232000071
            ],
            [
              125.22738836000009,
              10.466018553000026
            ],
            [
              125.22737110900006,
              10.465986772000065
            ],
            [
              125.2273624840001,
              10.465974060000061
            ],
            [
              125.22735816900003,
              10.465961348000064
            ],
            [
              125.22734523200008,
              10.465938042000063
            ],
            [
              125.22733445200004,
              10.465921093000075
            ],
            [
              125.2273085830001,
              10.465893555000036
            ],
            [
              125.2273042700001,
              10.465887199000065
            ],
            [
              125.22727624700009,
              10.465859661000023
            ],
            [
              125.22723098200004,
              10.465827891000059
            ],
            [
              125.22717925400002,
              10.465798242000062
            ],
            [
              125.22715769900005,
              10.46578341600002
            ],
            [
              125.2271512320001,
              10.46577706100004
            ],
            [
              125.22713398900011,
              10.465766471000052
            ],
            [
              125.22712321100005,
              10.465755880000076
            ],
            [
              125.22711459000006,
              10.465751645000068
            ],
            [
              125.22710381200011,
              10.465743172000032
            ],
            [
              125.22709950100011,
              10.465738936000035
            ],
            [
              125.22709303100011,
              10.465726223000047
            ],
            [
              125.22706500800008,
              10.465698685000062
            ],
            [
              125.22704345400007,
              10.465683859000023
            ],
            [
              125.22701759100005,
              10.46567327300005
            ],
            [
              125.22698526500005,
              10.465666927000028
            ],
            [
              125.22696586500001,
              10.465654219000044
            ],
            [
              125.2269550860001,
              10.465637271000046
            ],
            [
              125.22695507900006,
              10.465618200000051
            ],
            [
              125.2269593850001,
              10.465607602000032
            ],
            [
              125.22696584700009,
              10.465601243000037
            ],
            [
              125.22697661500001,
              10.465582168000024
            ],
            [
              125.22697659800008,
              10.465535548000048
            ],
            [
              125.22697228600009,
              10.465529194000055
            ],
            [
              125.22696797200001,
              10.465516480000074
            ],
            [
              125.22694641500006,
              10.465495296000027
            ],
            [
              125.22693779400002,
              10.465491061000023
            ],
            [
              125.22690114700004,
              10.465455050000056
            ],
            [
              125.22688821100006,
              10.465433865000023
            ],
            [
              125.22687958400002,
              10.465414795000074
            ],
            [
              125.22687958100006,
              10.465406319000067
            ],
            [
              125.22687526800009,
              10.46539784400005
            ],
            [
              125.22687526300003,
              10.465383012000073
            ],
            [
              125.22687094600008,
              10.465361821000043
            ],
            [
              125.22686878100002,
              10.465334275000028
            ],
            [
              125.22686446800003,
              10.465325800000072
            ],
            [
              125.226862309,
              10.465317324000065
            ],
            [
              125.22684721700011,
              10.465294020000043
            ],
            [
              125.22683859500012,
              10.46528766500006
            ],
            [
              125.226829973,
              10.465283430000056
            ],
            [
              125.22679980600002,
              10.465283441000052
            ],
            [
              125.2267933390001,
              10.465281324000046
            ],
            [
              125.22678041100004,
              10.465281328000058
            ],
            [
              125.22674592700001,
              10.465268626000068
            ],
            [
              125.2267373080001,
              10.465268629000034
            ],
            [
              125.22671359800006,
              10.465253803000051
            ],
            [
              125.2266898900001,
              10.465243216000031
            ],
            [
              125.22667049200004,
              10.465230508000046
            ],
            [
              125.22665755900005,
              10.465219917000068
            ],
            [
              125.22664677900002,
              10.46520508800006
            ],
            [
              125.22663815800001,
              10.465200852000066
            ],
            [
              125.22658788200012,
              10.46515081600006
            ],
            [
              125.22657279400006,
              10.465140226000074
            ],
            [
              125.2265620180001,
              10.465135991000068
            ],
            [
              125.2265533960001,
              10.465129637000075
            ],
            [
              125.22654262100004,
              10.465127522000046
            ],
            [
              125.22653615500008,
              10.465123286000052
            ],
            [
              125.22650598200005,
              10.465112701000063
            ],
            [
              125.2264952070001,
              10.465112705000026
            ],
            [
              125.22645857000009,
              10.465102122000076
            ],
            [
              125.22644564000008,
              10.465100007000046
            ],
            [
              125.22643917400002,
              10.465095771000053
            ],
            [
              125.22642624200012,
              10.465091539000069
            ],
            [
              125.22640684100008,
              10.465070354000034
            ],
            [
              125.22639175200004,
              10.465057645000057
            ],
            [
              125.2263723530001,
              10.46504705600006
            ],
            [
              125.22634865000009,
              10.465047064000034
            ],
            [
              125.22633571900006,
              10.465044950000047
            ],
            [
              125.22629046600002,
              10.465044965000063
            ],
            [
              125.22621503900008,
              10.465032277000036
            ],
            [
              125.2262042660001,
              10.46503228000006
            ],
            [
              125.22615685500011,
              10.465023820000054
            ],
            [
              125.22615039000004,
              10.465023823000022
            ],
            [
              125.22613961200011,
              10.465017469000031
            ],
            [
              125.22609866400012,
              10.46500265000003
            ],
            [
              125.22606202900012,
              10.464996305000057
            ],
            [
              125.22599307100006,
              10.46499632900003
            ],
            [
              125.22595643900002,
              10.465000580000035
            ],
            [
              125.2259370480001,
              10.465006943000049
            ],
            [
              125.22592412000004,
              10.46501330600006
            ],
            [
              125.22591765600009,
              10.465013307000051
            ],
            [
              125.22588749300006,
              10.465028152000057
            ],
            [
              125.22587456500004,
              10.465032395000037
            ],
            [
              125.22585948300004,
              10.465040875000057
            ],
            [
              125.22584871100004,
              10.465049355000074
            ],
            [
              125.22584009400008,
              10.465053596000073
            ],
            [
              125.22583147700006,
              10.46506207500005
            ],
            [
              125.22581855000008,
              10.465068437000069
            ],
            [
              125.22579700800009,
              10.46509175400007
            ],
            [
              125.225781933,
              10.465115069000037
            ],
            [
              125.2257690130001,
              10.465140502000054
            ],
            [
              125.22576686000002,
              10.465148979000048
            ],
            [
              125.22576040000001,
              10.465159576000076
            ],
            [
              125.22575824800003,
              10.465168053000069
            ],
            [
              125.22574963400007,
              10.465182890000047
            ],
            [
              125.22574101500003,
              10.465185012000061
            ],
            [
              125.2257194660001,
              10.465185019000042
            ],
            [
              125.225691448,
              10.465172314000029
            ],
            [
              125.22568282700001,
              10.465170198000068
            ],
            [
              125.22566342900005,
              10.465159609000068
            ],
            [
              125.22565696500011,
              10.465159612000036
            ],
            [
              125.22563757500006,
              10.465172334000039
            ],
            [
              125.22562895800003,
              10.465180812000025
            ],
            [
              125.22561388200006,
              10.46520412700005
            ],
            [
              125.22559449000005,
              10.46521049000006
            ],
            [
              125.22556647500006,
              10.46521050000007
            ],
            [
              125.2255470790001,
              10.465202030000054
            ],
            [
              125.22553630400012,
              10.465199915000028
            ],
            [
              125.2255039690001,
              10.46516814000006
            ],
            [
              125.22549750100006,
              10.465159666000034
            ],
            [
              125.22548888000006,
              10.465155431000024
            ],
            [
              125.22545223500005,
              10.465125778000074
            ],
            [
              125.22542637200002,
              10.46511095200003
            ],
            [
              125.22541128400006,
              10.465100362000042
            ],
            [
              125.225400508,
              10.465096127000038
            ],
            [
              125.22539619600002,
              10.465089772000056
            ],
            [
              125.22537895100004,
              10.465077063000022
            ],
            [
              125.22536386300011,
              10.465062235000062
            ],
            [
              125.22535523700003,
              10.465045286000079
            ],
            [
              125.22521227600008,
              10.464891827000029
            ],
            [
              125.22504195700003,
              10.46466090800004
            ],
            [
              125.22490397400009,
              10.464463882000075
            ],
            [
              125.22488024900008,
              10.464402438000036
            ],
            [
              125.22482918700005,
              10.464327948000061
            ],
            [
              125.22475952100001,
              10.464249906000079
            ],
            [
              125.2247185540001,
              10.464184228000022
            ],
            [
              125.2246681160001,
              10.464128321000029
            ],
            [
              125.22460559100013,
              10.464032984000028
            ],
            [
              125.22456394800007,
              10.463938886000049
            ],
            [
              125.22453010400011,
              10.46384441400005
            ],
            [
              125.22444816800011,
              10.463706702000021
            ],
            [
              125.22442658600004,
              10.463607113000021
            ],
            [
              125.22440716600012,
              10.463535072000068
            ],
            [
              125.22438126000009,
              10.463398476000068
            ],
            [
              125.22437476800008,
              10.463322193000067
            ],
            [
              125.22439190600006,
              10.463029756000024
            ],
            [
              125.22440224100002,
              10.462962123000068
            ],
            [
              125.22442143100012,
              10.46290166600005
            ],
            [
              125.22442141100011,
              10.462844993000035
            ],
            [
              125.2243752500001,
              10.462682547000043
            ],
            [
              125.22435902800011,
              10.462578634000067
            ],
            [
              125.22435512500012,
              10.462430937000024
            ],
            [
              125.22437049400004,
              10.462324891000033
            ],
            [
              125.22440897500007,
              10.462233986000058
            ],
            [
              125.22446671000013,
              10.462143075000029
            ],
            [
              125.22453599200003,
              10.46202943700007
            ],
            [
              125.22461298200007,
              10.46193473300002
            ],
            [
              125.22468228300012,
              10.461877902000024
            ],
            [
              125.22475928900006,
              10.461828644000036
            ],
            [
              125.22482089800008,
              10.461802113000033
            ],
            [
              125.22492486700003,
              10.46176799400007
            ],
            [
              125.22503653500007,
              10.461726297000041
            ],
            [
              125.22514049700011,
              10.461669455000047
            ],
            [
              125.22519824400001,
              10.461612629000058
            ],
            [
              125.22523759,
              10.461582276000057
            ],
            [
              125.22537553200004,
              10.461555208000048
            ],
            [
              125.22546783300002,
              10.461515485000065
            ],
            [
              125.22551018600007,
              10.461485174000073
            ],
            [
              125.22573739100005,
              10.461447225000027
            ],
            [
              125.22580670300012,
              10.461424478000025
            ],
            [
              125.22586445600007,
              10.461382800000022
            ],
            [
              125.22594145500011,
              10.46131460500004
            ],
            [
              125.22601460800001,
              10.461261559000038
            ],
            [
              125.22607620400004,
              10.461197158000061
            ],
            [
              125.22618014500007,
              10.46108350700007
            ],
            [
              125.22621865200006,
              10.461072133000071
            ],
            [
              125.22632752800007,
              10.460945250000064
            ],
            [
              125.22638273700011,
              10.460863891000033
            ],
            [
              125.22643795900001,
              10.460755403000062
            ],
            [
              125.22650618900003,
              10.460589183000023
            ],
            [
              125.22652636100008,
              10.460492302000034
            ],
            [
              125.22653139900002,
              10.460452558000044
            ],
            [
              125.22654148400011,
              10.460400391000064
            ],
            [
              125.2265440000001,
              10.460370583000044
            ],
            [
              125.2265439910001,
              10.46034574300006
            ],
            [
              125.22654145600008,
              10.46031842100007
            ],
            [
              125.22653386800005,
              10.460291100000061
            ],
            [
              125.22651870300001,
              10.460263782000027
            ],
            [
              125.2264934330001,
              10.460233984000068
            ],
            [
              125.22642519500005,
              10.460127197000077
            ],
            [
              125.22637465200013,
              10.460055180000037
            ],
            [
              125.22635190200003,
              10.460010477000024
            ],
            [
              125.22631902400008,
              10.459896227000055
            ],
            [
              125.22631396200006,
              10.459863938000069
            ],
            [
              125.22629118800013,
              10.459749684000029
            ],
            [
              125.22629118000009,
              10.45972732900003
            ],
            [
              125.22628864400009,
              10.459697524000033
            ],
            [
              125.22628357900008,
              10.45966026600007
            ],
            [
              125.22628356900009,
              10.459632942000042
            ],
            [
              125.22627849500009,
              10.459568361000036
            ],
            [
              125.22627594400001,
              10.459498811000058
            ],
            [
              125.22627340900011,
              10.459471489000066
            ],
            [
              125.22627339100006,
              10.459421810000038
            ],
            [
              125.22628346600004,
              10.459340527000052
            ],
            [
              125.22628345900013,
              10.459320656000044
            ],
            [
              125.22628849200011,
              10.459270975000038
            ],
            [
              125.22629353700006,
              10.45924861800006
            ],
            [
              125.22631625300005,
              10.459201416000042
            ],
            [
              125.2263465520001,
              10.459166630000023
            ],
            [
              125.22636675400008,
              10.45915172100007
            ],
            [
              125.22641473600004,
              10.459124380000045
            ],
            [
              125.22645604,
              10.459096314000021
            ],
            [
              125.22647474500002,
              10.459088631000041
            ],
            [
              125.2265241770001,
              10.459073189000037
            ],
            [
              125.2265687900001,
              10.45905229300007
            ],
            [
              125.22660162400007,
              10.459039862000052
            ],
            [
              125.22663484100008,
              10.459020958000053
            ],
            [
              125.22667536500013,
              10.459002522000047
            ],
            [
              125.22670186000006,
              10.458987165000051
            ],
            [
              125.22670496400009,
              10.458970295000029
            ],
            [
              125.22670963600001,
              10.45896415800007
            ],
            [
              125.22673302200008,
              10.458959537000053
            ],
            [
              125.2267439310001,
              10.458953394000048
            ],
            [
              125.22676830000012,
              10.458945415000072
            ],
            [
              125.22677839900008,
              10.458930507000048
            ],
            [
              125.22678344500002,
              10.458913118000053
            ],
            [
              125.22678848300006,
              10.458875857000066
            ],
            [
              125.2268036260001,
              10.458841077000047
            ],
            [
              125.22681120100005,
              10.458831138000049
            ],
            [
              125.22684048000008,
              10.458810706000067
            ],
            [
              125.22685762700009,
              10.458806091000042
            ],
            [
              125.22688337700004,
              10.458794916000043
            ],
            [
              125.22691162500008,
              10.458778605000076
            ],
            [
              125.22692782900003,
              10.458774421000044
            ],
            [
              125.2269460880001,
              10.458772211000051
            ],
            [
              125.22695619700004,
              10.45876809900005
            ],
            [
              125.22698628500008,
              10.458735782000074
            ],
            [
              125.22701042300004,
              10.458715523000022
            ],
            [
              125.2270286580001,
              10.458711316000063
            ],
            [
              125.22706699100003,
              10.458688894000032
            ],
            [
              125.22709528900009,
              10.458676578000054
            ],
            [
              125.227103391,
              10.458674486000065
            ],
            [
              125.22711347600011,
              10.458668375000059
            ],
            [
              125.22712351400003,
              10.45865826900007
            ],
            [
              125.22714150800005,
              10.458634085000027
            ],
            [
              125.22714961000008,
              10.458631993000038
            ],
            [
              125.2271679900001,
              10.458639772000025
            ],
            [
              125.22719855700007,
              10.458647410000022
            ],
            [
              125.22721674400009,
              10.458639207000033
            ],
            [
              125.22722479800007,
              10.45863312000006
            ],
            [
              125.22726112500006,
              10.45861271900003
            ],
            [
              125.22726712300005,
              10.45860465800007
            ],
            [
              125.22727269100005,
              10.45856063800005
            ],
            [
              125.22727656100007,
              10.458544610000049
            ],
            [
              125.22728870300013,
              10.458540473000028
            ],
            [
              125.22730483500006,
              10.45853029600005
            ],
            [
              125.22731315500005,
              10.458501988000025
            ],
            [
              125.2272985520001,
              10.458470190000073
            ],
            [
              125.22730811100007,
              10.458420130000036
            ],
            [
              125.22729783400008,
              10.45841026000005
            ],
            [
              125.22729355600008,
              10.458392329000047
            ],
            [
              125.22729128500009,
              10.45837237400002
            ],
            [
              125.22730134600012,
              10.458364266000046
            ],
            [
              125.22731370200005,
              10.458378108000034
            ],
            [
              125.22731582900006,
              10.45838607600007
            ],
            [
              125.22732617800011,
              10.458401940000044
            ],
            [
              125.2273283520001,
              10.458413902000073
            ],
            [
              125.22733843800006,
              10.458407791000072
            ],
            [
              125.22734231000004,
              10.458391762000074
            ],
            [
              125.22736035300011,
              10.458371574000067
            ],
            [
              125.227364297,
              10.458361538000075
            ],
            [
              125.22737431000009,
              10.458349434000068
            ],
            [
              125.22738446700009,
              10.458349318000044
            ],
            [
              125.22739863900006,
              10.458345156000062
            ],
            [
              125.22740466200003,
              10.458339093000063
            ],
            [
              125.22742060200005,
              10.458312935000036
            ],
            [
              125.22742444900007,
              10.458294909000074
            ],
            [
              125.2274222970001,
              10.458284943000024
            ],
            [
              125.22742213100003,
              10.45827096100004
            ],
            [
              125.227426002,
              10.458254931000056
            ],
            [
              125.2274361110001,
              10.458250818000066
            ],
            [
              125.22745040300003,
              10.458256646000049
            ],
            [
              125.22745444200007,
              10.45825460100002
            ],
            [
              125.22746044000007,
              10.458246540000061
            ],
            [
              125.22747838800001,
              10.458218360000046
            ],
            [
              125.22748859300009,
              10.458222238000074
            ],
            [
              125.2274967190001,
              10.458222144000047
            ],
            [
              125.22750063700005,
              10.458210111000028
            ],
            [
              125.22750243000007,
              10.458190111000022
            ],
            [
              125.22749399300004,
              10.458164235000025
            ],
            [
              125.22749174700006,
              10.45814627900006
            ],
            [
              125.22749363300011,
              10.458134269000029
            ],
            [
              125.2274976000001,
              10.458126231000051
            ],
            [
              125.22749951300011,
              10.45811622000002
            ],
            [
              125.2274952590001,
              10.458100285000057
            ],
            [
              125.22749908200002,
              10.458080261000019
            ],
            [
              125.22749881900006,
              10.458058287000025
            ],
            [
              125.227502834,
              10.458054245000028
            ],
            [
              125.22752271700007,
              10.458018050000017
            ],
            [
              125.22752458100001,
              10.458004044000061
            ],
            [
              125.22753442700002,
              10.457977955000047
            ],
            [
              125.22754641600011,
              10.45796387400003
            ],
            [
              125.22754828100007,
              10.457949867000025
            ],
            [
              125.22754402700001,
              10.457933931000067
            ],
            [
              125.22754596100003,
              10.457925917000066
            ],
            [
              125.22754383400002,
              10.457917951000068
            ],
            [
              125.22754574600003,
              10.457907938000059
            ],
            [
              125.22755975200006,
              10.457889795000025
            ],
            [
              125.22756558200003,
              10.457867749000059
            ],
            [
              125.22757363500013,
              10.45786166100004
            ],
            [
              125.22758981600009,
              10.457855480000035
            ],
            [
              125.22759383100004,
              10.45785143800003
            ],
            [
              125.22759767800005,
              10.45783341200007
            ],
            [
              125.22758331500006,
              10.457821590000036
            ],
            [
              125.2275831710001,
              10.457809603000042
            ],
            [
              125.22759923100011,
              10.457793434000052
            ],
            [
              125.22762157600006,
              10.457793175000063
            ],
            [
              125.22763158900013,
              10.457781071000054
            ],
            [
              125.2276416740001,
              10.457774960000053
            ],
            [
              125.22764968200012,
              10.457764877000043
            ],
            [
              125.22764342000005,
              10.457750964000066
            ],
            [
              125.22764941800006,
              10.457742903000053
            ],
            [
              125.22768992700003,
              10.457732443000053
            ],
            [
              125.22770433900008,
              10.457748260000072
            ],
            [
              125.22771045600007,
              10.457750187000045
            ],
            [
              125.2277185580001,
              10.457748096000044
            ],
            [
              125.22772646900013,
              10.457730022000023
            ],
            [
              125.22773449900002,
              10.457721937000032
            ],
            [
              125.22775077400003,
              10.457723746000058
            ],
            [
              125.22775880400002,
              10.457715662000055
            ],
            [
              125.22776272300008,
              10.457703629000036
            ],
            [
              125.22776052300003,
              10.457689668000056
            ],
            [
              125.22776035700008,
              10.457675684000037
            ],
            [
              125.22776633000002,
              10.45766562500006
            ],
            [
              125.22781118900002,
              10.457679092000033
            ],
            [
              125.22782940100002,
              10.457672886000065
            ],
            [
              125.2278414450001,
              10.457660758000031
            ],
            [
              125.22784940300006,
              10.457646680000039
            ],
            [
              125.22786144900012,
              10.457634553000048
            ],
            [
              125.22786544000007,
              10.45762851300003
            ],
            [
              125.22789526400005,
              10.45757422200006
            ],
            [
              125.22791536300008,
              10.457556008000038
            ],
            [
              125.22791732400003,
              10.457549991000064
            ],
            [
              125.2279171560001,
              10.45753600800003
            ],
            [
              125.22792095400007,
              10.457513985000046
            ],
            [
              125.22793498400006,
              10.457497839000041
            ],
            [
              125.22795113800011,
              10.457489660000022
            ],
            [
              125.2279591450001,
              10.457479577000072
            ],
            [
              125.22797128600007,
              10.457475441000042
            ],
            [
              125.22799544800012,
              10.457457179000073
            ],
            [
              125.22800142200005,
              10.457447120000039
            ],
            [
              125.2279911920001,
              10.457441244000051
            ],
            [
              125.22797692500001,
              10.457437414000028
            ],
            [
              125.22796275300004,
              10.457441574000029
            ],
            [
              125.22795259600004,
              10.457441692000033
            ],
            [
              125.22792599600007,
              10.457426016000056
            ],
            [
              125.22793376300002,
              10.457395957000072
            ],
            [
              125.22793156400009,
              10.457381997000027
            ],
            [
              125.22795379,
              10.457371749000059
            ],
            [
              125.22796189100005,
              10.457369657000072
            ],
            [
              125.22798031800005,
              10.457381432000034
            ],
            [
              125.22799453800009,
              10.457381268000063
            ],
            [
              125.22800256800008,
              10.457373183000072
            ],
            [
              125.22801270100003,
              10.457371067000055
            ],
            [
              125.22804520400007,
              10.457370691000053
            ],
            [
              125.22805741600006,
              10.457372546000046
            ],
            [
              125.22806941300009,
              10.457356423000023
            ],
            [
              125.22807722800007,
              10.45733036000007
            ],
            [
              125.2280810510001,
              10.457310335000045
            ],
            [
              125.2280623370001,
              10.457274589000063
            ],
            [
              125.22806001800006,
              10.45725064000004
            ],
            [
              125.228051089,
              10.45722543900007
            ],
            [
              125.22806091100006,
              10.45719735400007
            ],
            [
              125.22806282200007,
              10.457187342000054
            ],
            [
              125.2280627030001,
              10.457177353000075
            ],
            [
              125.2280585200001,
              10.457167412000045
            ],
            [
              125.2280584240001,
              10.457159421000027
            ],
            [
              125.22806234300005,
              10.457147388000068
            ],
            [
              125.22810447600011,
              10.45710294400004
            ],
            [
              125.22811047500012,
              10.457094883000027
            ],
            [
              125.2281161860001,
              10.457062849000064
            ],
            [
              125.22813657100005,
              10.457068607000053
            ],
            [
              125.22815091200005,
              10.457078430000022
            ],
            [
              125.22815712500007,
              10.457088348000067
            ],
            [
              125.22817151400012,
              10.457102167000073
            ],
            [
              125.22818563700004,
              10.457094012000026
            ],
            [
              125.22819163600002,
              10.457085950000021
            ],
            [
              125.2281935960001,
              10.457079934000037
            ],
            [
              125.22818938900002,
              10.457067995000047
            ],
            [
              125.22817502500003,
              10.457056173000069
            ],
            [
              125.22816883500003,
              10.457048253000035
            ],
            [
              125.22816866800007,
              10.457034270000063
            ],
            [
              125.22818279200011,
              10.457026114000032
            ],
            [
              125.22819299700008,
              10.457029991000072
            ],
            [
              125.22820922500011,
              10.457027805000052
            ],
            [
              125.22821316800004,
              10.457017771000038
            ],
            [
              125.22821505500008,
              10.457005760000072
            ],
            [
              125.22822306100011,
              10.456995678000055
            ],
            [
              125.22827365500007,
              10.45697910700005
            ],
            [
              125.22829805600009,
              10.456980822000048
            ],
            [
              125.22831629100004,
              10.456976615000029
            ],
            [
              125.22832640100013,
              10.45697250200004
            ],
            [
              125.22833438300005,
              10.456960423000053
            ],
            [
              125.22833622300004,
              10.456944417000045
            ],
            [
              125.2283320160001,
              10.456932478000054
            ],
            [
              125.22832379500005,
              10.456924581000067
            ],
            [
              125.22827506300007,
              10.456927144000076
            ],
            [
              125.22826483400002,
              10.456921269000073
            ],
            [
              125.22826256400005,
              10.456901316000025
            ],
            [
              125.2282807260001,
              10.456891115000074
            ],
            [
              125.22833356800004,
              10.456892500000036
            ],
            [
              125.22834570900011,
              10.456888364000067
            ],
            [
              125.22835572300006,
              10.456876260000056
            ],
            [
              125.22835758600002,
              10.456862253000056
            ],
            [
              125.22834924500012,
              10.45684436700003
            ],
            [
              125.22832501200001,
              10.456856636000055
            ],
            [
              125.22831270300003,
              10.456846789000052
            ],
            [
              125.22830852100005,
              10.456836849000068
            ],
            [
              125.22831040900007,
              10.456824838000042
            ],
            [
              125.22832254800005,
              10.456820701000028
            ],
            [
              125.22833258700005,
              10.456810596000025
            ],
            [
              125.22833851200006,
              10.456796541000072
            ],
            [
              125.22834651900008,
              10.456786459000057
            ],
            [
              125.22835856400002,
              10.456774331000076
            ],
            [
              125.22836666600006,
              10.456772239000031
            ],
            [
              125.22838265400004,
              10.456750077000038
            ],
            [
              125.2283925710001,
              10.456729981000024
            ],
            [
              125.22839027600003,
              10.456708031000062
            ],
            [
              125.22839620300012,
              10.456693976000054
            ],
            [
              125.22839809100005,
              10.456681966000074
            ],
            [
              125.22838982100008,
              10.456670074000044
            ],
            [
              125.22835705500007,
              10.456648477000044
            ],
            [
              125.22836303000007,
              10.456638418000068
            ],
            [
              125.22836293300007,
              10.456630427000048
            ],
            [
              125.22835260900001,
              10.456616560000041
            ],
            [
              125.2283545450001,
              10.45660854600004
            ],
            [
              125.22836455800007,
              10.456596442000034
            ],
            [
              125.22836431800012,
              10.456576465000067
            ],
            [
              125.22837234800011,
              10.45656838000002
            ],
            [
              125.22839084700003,
              10.45658614800004
            ],
            [
              125.2284010520001,
              10.456590025000024
            ],
            [
              125.2284070510001,
              10.456581964000065
            ],
            [
              125.22841297700006,
              10.456567909000057
            ],
            [
              125.22841488900008,
              10.45655789700004
            ],
            [
              125.22840872200004,
              10.456551975000027
            ],
            [
              125.2284024600001,
              10.45653806200005
            ],
            [
              125.22841029900007,
              10.45651399600007
            ],
            [
              125.22840604500004,
              10.45649806100005
            ],
            [
              125.22839983100003,
              10.456488144000046
            ],
            [
              125.22839756000008,
              10.456468190000065
            ],
            [
              125.22838515600007,
              10.456450352000049
            ],
            [
              125.22838090200001,
              10.456434417000029
            ],
            [
              125.22839105900005,
              10.456434299000023
            ],
            [
              125.22840735800004,
              10.456438106000064
            ],
            [
              125.22843173500009,
              10.456437824000034
            ],
            [
              125.22844624800007,
              10.456426268000028
            ],
            [
              125.22843996200004,
              10.45641035600005
            ],
            [
              125.2284316680001,
              10.456396466000058
            ],
            [
              125.22842342300011,
              10.45638657200004
            ],
            [
              125.22841116300005,
              10.456380720000023
            ],
            [
              125.22839080000006,
              10.456376961000048
            ],
            [
              125.22836451200011,
              10.456387255000037
            ],
            [
              125.2283423340001,
              10.456401498000048
            ],
            [
              125.22832610600004,
              10.456403684000065
            ],
            [
              125.2283138460001,
              10.456397832000048
            ],
            [
              125.2283116230001,
              10.456381874000042
            ],
            [
              125.22831755000004,
              10.45636782100007
            ],
            [
              125.22831938900005,
              10.456351815000062
            ],
            [
              125.22831919800001,
              10.456335834000072
            ],
            [
              125.22830884900009,
              10.456319970000036
            ],
            [
              125.22828229700009,
              10.456308290000038
            ],
            [
              125.22825792000005,
              10.456308572000069
            ],
            [
              125.2282456590001,
              10.456302721000043
            ],
            [
              125.22824350800009,
              10.45629275600004
            ],
            [
              125.22824334100007,
              10.456278772000077
            ],
            [
              125.22825741700001,
              10.456266621000053
            ],
            [
              125.22827156500013,
              10.456260463000032
            ],
            [
              125.22828767300007,
              10.456248288000038
            ],
            [
              125.22829763800006,
              10.456232189000048
            ],
            [
              125.22831350700005,
              10.456200039000068
            ],
            [
              125.22832576700011,
              10.456205890000035
            ],
            [
              125.22834636800008,
              10.456229626000038
            ],
            [
              125.22836276300006,
              10.45624142400004
            ],
            [
              125.22838116500009,
              10.456251201000045
            ],
            [
              125.22844234800006,
              10.456270471000037
            ],
            [
              125.22846268500008,
              10.45627223300005
            ],
            [
              125.2284789140001,
              10.456270047000029
            ],
            [
              125.22848691900005,
              10.456259964000026
            ],
            [
              125.22849487700012,
              10.456245886000033
            ],
            [
              125.2284966220001,
              10.456221890000052
            ],
            [
              125.22849036000002,
              10.456207977000078
            ],
            [
              125.2284759480001,
              10.456192161000047
            ],
            [
              125.22846944600008,
              10.45615827100005
            ],
            [
              125.22845713900006,
              10.456148424000048
            ],
            [
              125.22843675200012,
              10.456142666000062
            ],
            [
              125.22842442000001,
              10.456130821000043
            ],
            [
              125.22841808700002,
              10.45611091500007
            ],
            [
              125.22843620200003,
              10.456096719000074
            ],
            [
              125.22844616700002,
              10.456080620000025
            ],
            [
              125.22845013300004,
              10.456072582000047
            ],
            [
              125.22844994300011,
              10.456056601000055
            ],
            [
              125.22844176900003,
              10.45605270000004
            ],
            [
              125.22841536100009,
              10.456053007000035
            ],
            [
              125.22839081600013,
              10.456039305000047
            ],
            [
              125.22838436200004,
              10.456009410000036
            ],
            [
              125.22838211600003,
              10.45599145400007
            ],
            [
              125.22839420700008,
              10.455983322000066
            ],
            [
              125.22842250500001,
              10.455971006000025
            ],
            [
              125.22847345700008,
              10.455984401000023
            ],
            [
              125.22849188400005,
              10.45599617600004
            ],
            [
              125.2284964490001,
              10.456038081000031
            ],
            [
              125.22850266400008,
              10.456047998000031
            ],
            [
              125.2285089500001,
              10.456063908000031
            ],
            [
              125.22851131600011,
              10.45609185300003
            ],
            [
              125.22852778300012,
              10.456109643000046
            ],
            [
              125.22853997200002,
              10.456109502000059
            ],
            [
              125.228550057,
              10.456103391000058
            ],
            [
              125.22855811100011,
              10.456097305000068
            ],
            [
              125.22856406100006,
              10.456085247000033
            ],
            [
              125.22856171900004,
              10.456059301000039
            ],
            [
              125.22855741500007,
              10.456039371000033
            ],
            [
              125.22856133600008,
              10.456027338000068
            ],
            [
              125.22857555500003,
              10.456027174000042
            ],
            [
              125.22860612300008,
              10.456034810000064
            ],
            [
              125.22862024700011,
              10.456026656000065
            ],
            [
              125.22863212400011,
              10.45600054400006
            ],
            [
              125.2286337480001,
              10.455966559000046
            ],
            [
              125.22862533500007,
              10.455942681000066
            ],
            [
              125.22862311200005,
              10.455926723000061
            ],
            [
              125.22860451700001,
              10.45590096500007
            ],
            [
              125.22858205200009,
              10.455891237000058
            ],
            [
              125.22855975500012,
              10.455895490000046
            ],
            [
              125.22854178200011,
              10.455921672000045
            ],
            [
              125.22852586700004,
              10.455949828000028
            ],
            [
              125.22850560100004,
              10.455954060000067
            ],
            [
              125.22848526300005,
              10.455952297000064
            ],
            [
              125.22847302700008,
              10.455948443000066
            ],
            [
              125.22846279800002,
              10.455942568000067
            ],
            [
              125.22844021200001,
              10.455922850000036
            ],
            [
              125.22843194300003,
              10.455910958000059
            ],
            [
              125.22842357700007,
              10.455891076000055
            ],
            [
              125.22842747200002,
              10.455877044000033
            ],
            [
              125.22845165900004,
              10.455860780000021
            ],
            [
              125.22847799400006,
              10.455854481000076
            ],
            [
              125.22853449600008,
              10.455822184000056
            ],
            [
              125.22854254900005,
              10.455816097000024
            ],
            [
              125.22855268300009,
              10.45581398200005
            ],
            [
              125.2285628400001,
              10.45581386400005
            ],
            [
              125.22857710700009,
              10.455817695000066
            ],
            [
              125.22858936700004,
              10.455823546000031
            ],
            [
              125.22863221800003,
              10.455839034000062
            ],
            [
              125.22864443200001,
              10.45584088900006
            ],
            [
              125.22865872300008,
              10.455846718000032
            ],
            [
              125.22868317200005,
              10.455852428000071
            ],
            [
              125.22869536100006,
              10.455852287000027
            ],
            [
              125.22869939900012,
              10.455850242000052
            ],
            [
              125.22870740600001,
              10.455840160000037
            ],
            [
              125.22871734600007,
              10.455822063000028
            ],
            [
              125.22872121800003,
              10.455806034000034
            ],
            [
              125.22872107500008,
              10.455794047000042
            ],
            [
              125.22871478900005,
              10.455778137000037
            ],
            [
              125.22870838300003,
              10.455752237000072
            ],
            [
              125.2287080960001,
              10.455728265000062
            ],
            [
              125.22870377000004,
              10.455706338000027
            ],
            [
              125.22869750800008,
              10.455692424000059
            ],
            [
              125.2286872310001,
              10.455682554000076
            ],
            [
              125.22867289100009,
              10.45567273000006
            ],
            [
              125.22866065500011,
              10.45566887700005
            ],
            [
              125.22865269700002,
              10.455682954000054
            ],
            [
              125.22864865800013,
              10.455685000000075
            ],
            [
              125.22860186300012,
              10.455679548000035
            ],
            [
              125.22858769100004,
              10.455683708000036
            ],
            [
              125.2285817410001,
              10.455695765000028
            ],
            [
              125.22857994900004,
              10.455715765000035
            ],
            [
              125.22857203800004,
              10.455733838000072
            ],
            [
              125.22855394800003,
              10.455750032000024
            ],
            [
              125.22854603700013,
              10.455768105000063
            ],
            [
              125.228527922,
              10.455782301000056
            ],
            [
              125.22851169500007,
              10.45578448700007
            ],
            [
              125.22850947200004,
              10.455768529000066
            ],
            [
              125.22852359600006,
              10.455760374000022
            ],
            [
              125.2285315780001,
              10.455748293000058
            ],
            [
              125.22853346600003,
              10.455736284000068
            ],
            [
              125.22851300800005,
              10.455724533000025
            ],
            [
              125.2284865040001,
              10.455716848000064
            ],
            [
              125.22846411000012,
              10.455713112000069
            ],
            [
              125.22845992800002,
              10.455703171000037
            ],
            [
              125.22846382300007,
              10.45568914000006
            ],
            [
              125.22848399300007,
              10.455676918000053
            ],
            [
              125.22850423600005,
              10.455670690000034
            ],
            [
              125.22851632800008,
              10.45566255700004
            ],
            [
              125.22854046600004,
              10.455642298000045
            ],
            [
              125.22854249700005,
              10.45564227500006
            ],
            [
              125.22854847200007,
              10.455632215000035
            ],
            [
              125.22855853200008,
              10.45562410700006
            ],
            [
              125.22857476000001,
              10.455621921000047
            ],
            [
              125.228588908,
              10.455615763000026
            ],
            [
              125.22860107300005,
              10.455613624000023
            ],
            [
              125.22861522100004,
              10.455607466000057
            ],
            [
              125.22863331200006,
              10.45559127200005
            ],
            [
              125.22864731700007,
              10.455573128000026
            ],
            [
              125.2286511630001,
              10.45555510200006
            ],
            [
              125.22865092300002,
              10.455535125000042
            ],
            [
              125.2286487240001,
              10.455521166000038
            ],
            [
              125.22864239100011,
              10.455501259000073
            ],
            [
              125.22864227200012,
              10.455491270000039
            ],
            [
              125.22866631300008,
              10.455463020000026
            ],
            [
              125.22868423700004,
              10.455432843000041
            ],
            [
              125.22869408300006,
              10.455406756000059
            ],
            [
              125.22869186000004,
              10.455390797000062
            ],
            [
              125.22868564600003,
              10.455380879000074
            ],
            [
              125.22867333700003,
              10.455371032000073
            ],
            [
              125.22864683300008,
              10.455363348000047
            ],
            [
              125.22860216600009,
              10.455365864000045
            ],
            [
              125.22858579400008,
              10.455356064000057
            ],
            [
              125.22858130100008,
              10.45532015200007
            ],
            [
              125.22859129100004,
              10.455306051000035
            ],
            [
              125.22864202800007,
              10.455301467000025
            ],
            [
              125.22865835100005,
              10.455307271000036
            ],
            [
              125.22867658500002,
              10.455303064000075
            ],
            [
              125.22868461600002,
              10.455294979000028
            ],
            [
              125.22870084300006,
              10.455292794000059
            ],
            [
              125.228729283,
              10.455292463000033
            ],
            [
              125.2287598260001,
              10.455298103000073
            ],
            [
              125.228769983,
              10.45529798500007
            ],
            [
              125.22878611500006,
              10.455287809000025
            ],
            [
              125.2287920890001,
              10.455277749000063
            ],
            [
              125.22879792000005,
              10.45525570500007
            ],
            [
              125.22879779900006,
              10.455245584000068
            ],
            [
              125.22878333900007,
              10.455225772000063
            ],
            [
              125.22877710200011,
              10.455213856000055
            ],
            [
              125.22877478200009,
              10.45518990700003
            ],
            [
              125.22876859200007,
              10.455181987000062
            ],
            [
              125.22872354200001,
              10.455152540000027
            ],
            [
              125.22871510400012,
              10.455126664000035
            ],
            [
              125.22872686200003,
              10.455090564000045
            ],
            [
              125.2287266950001,
              10.455076580000027
            ],
            [
              125.22874282600003,
              10.455066404000034
            ],
            [
              125.22876923500009,
              10.45506609700004
            ],
            [
              125.22878501000002,
              10.455054001000063
            ],
            [
              125.22882367600005,
              10.455031500000073
            ],
            [
              125.22884171900013,
              10.455011312000066
            ],
            [
              125.22886169700008,
              10.45498310800002
            ],
            [
              125.22887161500013,
              10.454963014000045
            ],
            [
              125.22887747000004,
              10.454942966000033
            ],
            [
              125.22887092100007,
              10.454905081000048
            ],
            [
              125.22885866000001,
              10.454899230000022
            ],
            [
              125.22884252800009,
              10.454909406000068
            ],
            [
              125.22883263500012,
              10.454931498000063
            ],
            [
              125.22882066100011,
              10.454949619000047
            ],
            [
              125.22880646600005,
              10.454951781000034
            ],
            [
              125.22879621200002,
              10.454943908000073
            ],
            [
              125.22878383200009,
              10.454928068000072
            ],
            [
              125.22878168200009,
              10.454918104000058
            ],
            [
              125.22877542000005,
              10.45490419000004
            ],
            [
              125.22878127500009,
              10.454884142000026
            ],
            [
              125.22879943700002,
              10.45487394200006
            ],
            [
              125.22881353800004,
              10.454863789000056
            ],
            [
              125.2288133940001,
              10.454851803000052
            ],
            [
              125.22880111000006,
              10.45484395400007
            ],
            [
              125.22877465400006,
              10.454840265000032
            ],
            [
              125.22874812600003,
              10.454830582000055
            ],
            [
              125.22873980800011,
              10.454814694000051
            ],
            [
              125.22874563900007,
              10.45479264900007
            ],
            [
              125.22876984900006,
              10.454778383000075
            ],
            [
              125.22879214600006,
              10.45477412800005
            ],
            [
              125.2288123410001,
              10.454763904000062
            ],
            [
              125.22881833800012,
              10.454755843000044
            ],
            [
              125.22882025000001,
              10.454745831000023
            ],
            [
              125.22881594800003,
              10.454725901000076
            ],
            [
              125.22880758300006,
              10.454706019000072
            ],
            [
              125.22879929000011,
              10.454692129000025
            ],
            [
              125.22878698200007,
              10.454682282000022
            ],
            [
              125.22877462500001,
              10.454668439000045
            ],
            [
              125.22877443400013,
              10.454652458000053
            ],
            [
              125.22880251400012,
              10.454622163000064
            ],
            [
              125.22881238400011,
              10.454598074000044
            ],
            [
              125.228815896,
              10.45455208000004
            ],
            [
              125.22882390200004,
              10.454541996000046
            ],
            [
              125.22882784500007,
              10.454531961000043
            ],
            [
              125.22883169200009,
              10.45451393500002
            ],
            [
              125.22884168200005,
              10.454499833000057
            ],
            [
              125.22885774000007,
              10.454483664000065
            ],
            [
              125.22887595200007,
              10.454477458000039
            ],
            [
              125.22889810600009,
              10.454461217000071
            ],
            [
              125.22893211300004,
              10.454416868000065
            ],
            [
              125.22894195800008,
              10.454390780000038
            ],
            [
              125.2289454710001,
              10.454344786000034
            ],
            [
              125.22895543600009,
              10.454328687000043
            ],
            [
              125.22895928300011,
              10.45431066100002
            ],
            [
              125.22895287800009,
              10.454284761000054
            ],
            [
              125.22894664000012,
              10.454272846000036
            ],
            [
              125.22895053500008,
              10.45425881500006
            ],
            [
              125.22895849200005,
              10.454244737000066
            ],
            [
              125.22895830100003,
              10.45422875500003
            ],
            [
              125.22895395100011,
              10.454204831000027
            ],
            [
              125.22895990200004,
              10.454192773000043
            ],
            [
              125.22898000000009,
              10.454174559000021
            ],
            [
              125.22898798200004,
              10.454162478000057
            ],
            [
              125.22900781700004,
              10.454122288000063
            ],
            [
              125.22901161700008,
              10.454100266000067
            ],
            [
              125.22901130600007,
              10.454074298000023
            ],
            [
              125.22901316800007,
              10.454060289000042
            ],
            [
              125.22901921500011,
              10.454056223000064
            ],
            [
              125.22902521400009,
              10.45404816200005
            ],
            [
              125.2290308050001,
              10.454006140000047
            ],
            [
              125.22903472300004,
              10.45399410600004
            ],
            [
              125.22903661200007,
              10.453982097000052
            ],
            [
              125.22902822300011,
              10.45396021600004
            ],
            [
              125.22903214100006,
              10.45394818300002
            ],
            [
              125.22903398100004,
              10.453932179000045
            ],
            [
              125.22903185500003,
              10.453924212000057
            ],
            [
              125.22902776800004,
              10.453922260000068
            ],
            [
              125.22902155400006,
              10.453912343000068
            ],
            [
              125.22902141000009,
              10.453900356000075
            ],
            [
              125.2290458110001,
              10.453902072000062
            ],
            [
              125.22905183300009,
              10.453896008000072
            ],
            [
              125.22905575300001,
              10.453883975000053
            ],
            [
              125.22905563300003,
              10.453873986000078
            ],
            [
              125.22906736600008,
              10.45383588900006
            ],
            [
              125.22906722200001,
              10.453823903000053
            ],
            [
              125.22906504700006,
              10.453811940000037
            ],
            [
              125.22904867500006,
              10.45380214000005
            ],
            [
              125.22904255700008,
              10.453800213000022
            ],
            [
              125.22905864200004,
              10.453786041000058
            ],
            [
              125.22907028400006,
              10.45378746500006
            ],
            [
              125.22908537400006,
              10.453783580000048
            ],
            [
              125.2291003800001,
              10.453772254000054
            ],
            [
              125.2291153430001,
              10.45375720800007
            ],
            [
              125.22912269900009,
              10.453738525000059
            ],
            [
              125.229122447,
              10.453716205000033
            ],
            [
              125.22911836900006,
              10.453690205000042
            ],
            [
              125.22910676900005,
              10.453668008000022
            ],
            [
              125.22909146900008,
              10.453653293000055
            ],
            [
              125.22907600000008,
              10.453623697000067
            ],
            [
              125.22907949000012,
              10.453597616000026
            ],
            [
              125.22909067100011,
              10.453582611000057
            ],
            [
              125.22914321000009,
              10.453544832000034
            ],
            [
              125.22916931200007,
              10.45351106100003
            ],
            [
              125.22918415100004,
              10.453484855000054
            ],
            [
              125.22919138100008,
              10.453455011000072
            ],
            [
              125.22919104400013,
              10.453425251000056
            ],
            [
              125.22917881300009,
              10.453347252000073
            ],
            [
              125.22918238600005,
              10.45332861000003
            ],
            [
              125.22919356600005,
              10.45331360600005
            ],
            [
              125.22920853000005,
              10.453298560000059
            ],
            [
              125.22923072300011,
              10.453253670000038
            ],
            [
              125.22923051300006,
              10.45323507000006
            ],
            [
              125.22921500200006,
              10.453201754000077
            ],
            [
              125.22920348600007,
              10.453186999000025
            ],
            [
              125.2291956260001,
              10.453161039000065
            ],
            [
              125.22920281400002,
              10.453127476000075
            ],
            [
              125.22922517500001,
              10.45309746700002
            ],
            [
              125.2292287050001,
              10.45307510500004
            ],
            [
              125.22926195200012,
              10.45300405100005
            ],
            [
              125.22927296500005,
              10.452974166000045
            ],
            [
              125.22927267100012,
              10.452948125000031
            ],
            [
              125.22926447500002,
              10.452892406000046
            ],
            [
              125.22930548400007,
              10.452769688000046
            ],
            [
              125.22932721100007,
              10.452716216000056
            ],
            [
              125.22933535700008,
              10.452689482000038
            ],
            [
              125.22934622100001,
              10.452665419000025
            ],
            [
              125.22936252100008,
              10.45263868100005
            ],
            [
              125.2293706690001,
              10.452617293000058
            ],
            [
              125.22938153600012,
              10.452601250000045
            ],
            [
              125.22939783000005,
              10.45255847300007
            ],
            [
              125.22941412800004,
              10.452523715000039
            ],
            [
              125.2294168410001,
              10.452510350000068
            ],
            [
              125.22942498700002,
              10.45248628700006
            ],
            [
              125.22944128300003,
              10.452446183000061
            ],
            [
              125.22945486000003,
              10.45240608000006
            ],
            [
              125.22945485800004,
              10.452400734000037
            ],
            [
              125.2294630020001,
              10.452371326000046
            ],
            [
              125.22946571300008,
              10.452349939000044
            ],
            [
              125.22947385700003,
              10.452320531000053
            ],
            [
              125.22948470900008,
              10.452261718000045
            ],
            [
              125.22949285500012,
              10.45223765600002
            ],
            [
              125.22950099300012,
              10.45219220800004
            ],
            [
              125.22950642400008,
              10.45217616700006
            ],
            [
              125.22951456300007,
              10.452130721000058
            ],
            [
              125.22953085100005,
              10.452071904000032
            ],
            [
              125.2295498630001,
              10.452026453000027
            ],
            [
              125.22956615600003,
              10.451981003000071
            ],
            [
              125.2295715890001,
              10.451970308000057
            ],
            [
              125.22957974000008,
              10.451959613000042
            ],
            [
              125.22958517100007,
              10.451946245000043
            ],
            [
              125.22960147300013,
              10.451922180000052
            ],
            [
              125.22960418800005,
              10.451914160000058
            ],
            [
              125.22962048800004,
              10.451884749000042
            ],
            [
              125.22964765400003,
              10.45183929500007
            ],
            [
              125.22965851800006,
              10.451815232000058
            ],
            [
              125.2296666640001,
              10.45179117200007
            ],
            [
              125.22967752900003,
              10.45176710800007
            ],
            [
              125.22968296300006,
              10.45175908700003
            ],
            [
              125.22980436100012,
              10.451452474000062
            ],
            [
              125.22981163200006,
              10.451426351000066
            ],
            [
              125.22981503800007,
              10.451392829000042
            ],
            [
              125.22982209900012,
              10.45134810400003
            ],
            [
              125.22982546200001,
              10.451310861000023
            ],
            [
              125.22983639000006,
              10.451273536000029
            ],
            [
              125.22984370400002,
              10.451251132000035
            ],
            [
              125.229854842,
              10.451232408000065
            ],
            [
              125.22986211400007,
              10.451206284000019
            ],
            [
              125.22989199900009,
              10.451172472000051
            ],
            [
              125.22991419200002,
              10.451127583000074
            ],
            [
              125.2299322650001,
              10.451052973000062
            ],
            [
              125.22993924800005,
              10.451001320000048
            ],
            [
              125.22994286200003,
              10.450986398000055
            ],
            [
              125.22995013300012,
              10.450960274000066
            ],
            [
              125.22996480400003,
              10.450919187000068
            ],
            [
              125.22997568900007,
              10.450878142000022
            ],
            [
              125.22999401600009,
              10.450825853000023
            ],
            [
              125.23003810700004,
              10.450710034000053
            ],
            [
              125.23008245000005,
              10.45061653400006
            ],
            [
              125.23013427600006,
              10.450515512000036
            ],
            [
              125.23015247500008,
              10.450452064000045
            ],
            [
              125.2301745420001,
              10.450396014000034
            ],
            [
              125.23019673500006,
              10.450351124000061
            ],
            [
              125.2302150610001,
              10.45029883700005
            ],
            [
              125.23024410500011,
              10.450190622000035
            ],
            [
              125.2302472570001,
              10.450134780000042
            ],
            [
              125.23026755800004,
              10.449922484000068
            ],
            [
              125.23025936200007,
              10.44986676500002
            ],
            [
              125.23025814300003,
              10.449758881000037
            ],
            [
              125.23025988900007,
              10.449737575000029
            ],
            [
              125.23025868500008,
              10.449727908000058
            ],
            [
              125.23025971600009,
              10.449722518000042
            ],
            [
              125.2302683050001,
              10.449708439000064
            ],
            [
              125.23027247000006,
              10.449690106000048
            ],
            [
              125.23028112000007,
              10.449681405000037
            ],
            [
              125.23028538400003,
              10.449671677000026
            ],
            [
              125.23028639100005,
              10.449664136000026
            ],
            [
              125.23028516100008,
              10.449652318000062
            ],
            [
              125.23028940000006,
              10.449640438000072
            ],
            [
              125.23030236400008,
              10.449626310000044
            ],
            [
              125.2303121450001,
              10.44962082300003
            ],
            [
              125.23032853800011,
              10.449619565000033
            ],
            [
              125.23033396900007,
              10.449616278000063
            ],
            [
              125.23033718800002,
              10.44961086400002
            ],
            [
              125.23033818300007,
              10.449602248000074
            ],
            [
              125.23033482700009,
              10.449595831000066
            ],
            [
              125.23032929700001,
              10.449590514000022
            ],
            [
              125.23032268700001,
              10.449586285000066
            ],
            [
              125.23030291400003,
              10.449578975000065
            ],
            [
              125.23029847800002,
              10.449573646000035
            ],
            [
              125.23029399200006,
              10.44956401400003
            ],
            [
              125.23029029100006,
              10.449527484000043
            ],
            [
              125.2302886660001,
              10.449481247000048
            ],
            [
              125.2302918480001,
              10.449472607000077
            ],
            [
              125.23031039100012,
              10.449468098000068
            ],
            [
              125.23032335500011,
              10.449453970000036
            ],
            [
              125.2303232050001,
              10.44944106400004
            ],
            [
              125.2303285270001,
              10.449428097000064
            ],
            [
              125.23034155200001,
              10.449419347000058
            ],
            [
              125.23035460200005,
              10.449412748000045
            ],
            [
              125.23036005800009,
              10.449411612000063
            ],
            [
              125.23037415200008,
              10.44940069800003
            ],
            [
              125.23038169600012,
              10.449390934000062
            ],
            [
              125.2303870410001,
              10.449380118000018
            ],
            [
              125.23038699200004,
              10.449375816000039
            ],
            [
              125.23038028200006,
              10.449362982000025
            ],
            [
              125.23038704300005,
              10.449335719000032
            ],
            [
              125.23042488900012,
              10.449297650000062
            ],
            [
              125.23043134000012,
              10.449287898000023
            ],
            [
              125.23043342900006,
              10.449279269000042
            ],
            [
              125.23043224900006,
              10.44927175300006
            ],
            [
              125.23042782500012,
              10.44926749900003
            ],
            [
              125.2304048210001,
              10.449264528000072
            ],
            [
              125.2303818910001,
              10.449268009000034
            ],
            [
              125.23037091700007,
              10.449264904000074
            ],
            [
              125.2303653370001,
              10.44925528500005
            ],
            [
              125.2303674750001,
              10.449250959000041
            ],
            [
              125.23037724400001,
              10.44924439600004
            ],
            [
              125.23040010000013,
              10.449234462000046
            ],
            [
              125.2304119690001,
              10.449220346000061
            ],
            [
              125.2304358560001,
              10.449205021000067
            ],
            [
              125.23044771500007,
              10.449189830000023
            ],
            [
              125.23046180900008,
              10.44917891700004
            ],
            [
              125.23046818600005,
              10.44916271100004
            ],
            [
              125.23046918100009,
              10.449154095000036
            ],
            [
              125.23048107500007,
              10.449142131000032
            ],
            [
              125.23049599000001,
              10.449107544000071
            ],
            [
              125.23051329200007,
              10.449090141000056
            ],
            [
              125.23051863700005,
              10.44907932500007
            ],
            [
              125.23052285000006,
              10.449065294000032
            ],
            [
              125.23053689600009,
              10.449050079000074
            ],
            [
              125.23054321100007,
              10.449028495000052
            ],
            [
              125.23054597300006,
              10.448983287000033
            ],
            [
              125.2305446690001,
              10.448965015000052
            ],
            [
              125.23054677000005,
              10.448957462000067
            ],
            [
              125.23054065400005,
              10.44893707400007
            ],
            [
              125.23053945000004,
              10.44892740700004
            ],
            [
              125.23054049300003,
              10.448923093000076
            ],
            [
              125.23054482000009,
              10.448918742000044
            ],
            [
              125.23055570700001,
              10.448914319000037
            ],
            [
              125.23056435700005,
              10.448905617000037
            ],
            [
              125.23058177000009,
              10.448897894000025
            ],
            [
              125.23061436900002,
              10.448879245000057
            ],
            [
              125.2306307,
              10.448872610000022
            ],
            [
              125.23065268500011,
              10.448882047000042
            ],
            [
              125.23066034000011,
              10.44888196200003
            ],
            [
              125.230674496,
              10.448876427000073
            ],
            [
              125.23069420600007,
              10.448878359000046
            ],
            [
              125.2307018130001,
              10.448873971000067
            ],
            [
              125.23070392500006,
              10.448867495000057
            ],
            [
              125.23070493400006,
              10.448859953000067
            ],
            [
              125.23070157900008,
              10.448853536000058
            ],
            [
              125.2306982350001,
              10.448848195000041
            ],
            [
              125.23068941200007,
              10.448841840000055
            ],
            [
              125.23067625100009,
              10.448838758000022
            ],
            [
              125.23066204600002,
              10.448839992000044
            ],
            [
              125.23064453500001,
              10.448839111000039
            ],
            [
              125.23062146800011,
              10.448830763000048
            ],
            [
              125.2306082220001,
              10.448820152000053
            ],
            [
              125.23059062300001,
              10.44881174200003
            ],
            [
              125.23058288200004,
              10.448804298000029
            ],
            [
              125.23057731500012,
              10.448795756000038
            ],
            [
              125.23057502900008,
              10.448787175000065
            ],
            [
              125.23057488100007,
              10.44877426900007
            ],
            [
              125.23057804100006,
              10.448763768000049
            ],
            [
              125.23057028700009,
              10.448755248000053
            ],
            [
              125.23056481900005,
              10.448755310000024
            ],
            [
              125.23055833100011,
              10.448761835000026
            ],
            [
              125.23054528000011,
              10.448768434000042
            ],
            [
              125.23053873100002,
              10.448769582000066
            ],
            [
              125.23053323800004,
              10.448767493000048
            ],
            [
              125.23052660200007,
              10.448761111000067
            ],
            [
              125.23052435200009,
              10.44875575800006
            ],
            [
              125.2305274040001,
              10.448729952000063
            ],
            [
              125.23052948700003,
              10.448726658000057
            ],
            [
              125.23054034900007,
              10.448720083000067
            ],
            [
              125.23056544200004,
              10.448714426000038
            ],
            [
              125.23058184800006,
              10.448714244000032
            ],
            [
              125.2306025900001,
              10.448710787000039
            ],
            [
              125.23062329600009,
              10.44870410300007
            ],
            [
              125.23064068200006,
              10.448694228000024
            ],
            [
              125.23066140100002,
              10.44868862000004
            ],
            [
              125.23066784000002,
              10.448677792000066
            ],
            [
              125.2306949340001,
              10.448655978000033
            ],
            [
              125.23070355900008,
              10.44864512500004
            ],
            [
              125.23071316800007,
              10.448624581000043
            ],
            [
              125.23072818300011,
              10.448598598000046
            ],
            [
              125.23075194600005,
              10.448572518000049
            ],
            [
              125.2307551670001,
              10.448567104000062
            ],
            [
              125.23076382900001,
              10.448559479000036
            ],
            [
              125.23078675800002,
              10.448555996000035
            ],
            [
              125.23079774400003,
              10.448560177000049
            ],
            [
              125.23080212000002,
              10.44856012800005
            ],
            [
              125.23080864500004,
              10.448556829000044
            ],
            [
              125.23082490200011,
              10.448543740000044
            ],
            [
              125.23083564100013,
              10.448526410000055
            ],
            [
              125.23083666000002,
              10.448519945000044
            ],
            [
              125.23083881000004,
              10.448516694000034
            ],
            [
              125.23085189700008,
              10.448513323000041
            ],
            [
              125.23086942000008,
              10.448515278000059
            ],
            [
              125.23087701500003,
              10.448509816000069
            ],
            [
              125.23088130300005,
              10.448502239000048
            ],
            [
              125.23088233500003,
              10.448496849000035
            ],
            [
              125.2308898540001,
              10.448484933000032
            ],
            [
              125.23089296300009,
              10.44846984000003
            ],
            [
              125.23090264500003,
              10.448455748000072
            ],
            [
              125.2309036890001,
              10.448451434000047
            ],
            [
              125.23090243500009,
              10.448437464000051
            ],
            [
              125.23091966200003,
              10.448413608000067
            ],
            [
              125.23093053700005,
              10.44840810900007
            ],
            [
              125.23093818000007,
              10.44840694800007
            ],
            [
              125.23094474100002,
              10.448406875000046
            ],
            [
              125.23095354100009,
              10.448411080000026
            ],
            [
              125.23096117200011,
              10.448408844000028
            ],
            [
              125.23098289700009,
              10.448395695000047
            ],
            [
              125.23100019800007,
              10.44837829200003
            ],
            [
              125.23101851800004,
              10.448354423000067
            ],
            [
              125.23104471700003,
              10.44834983000004
            ],
            [
              125.2310632350001,
              10.448343170000044
            ],
            [
              125.23107442000003,
              10.448338276000074
            ],
            [
              125.2310863140001,
              10.448326311000073
            ],
            [
              125.23111685100004,
              10.448318442000073
            ],
            [
              125.23112669400008,
              10.448318333000032
            ],
            [
              125.23113323100007,
              10.448316109000075
            ],
            [
              125.23114628100006,
              10.448309510000058
            ],
            [
              125.23116038700005,
              10.448299672000074
            ],
            [
              125.2311723800001,
              10.448296313000071
            ],
            [
              125.23118211200007,
              10.448286523000034
            ],
            [
              125.23120705600002,
              10.448267959000077
            ],
            [
              125.23121245000004,
              10.448261445000071
            ],
            [
              125.23121563200004,
              10.448252805000038
            ],
            [
              125.23121656600006,
              10.448238811000065
            ],
            [
              125.23120985500009,
              10.448225978000039
            ],
            [
              125.2312097570001,
              10.448217373000032
            ],
            [
              125.23124029300004,
              10.448209504000031
            ],
            [
              125.23125551600003,
              10.448201806000041
            ],
            [
              125.2312673010001,
              10.44818016200003
            ],
            [
              125.23126824500004,
              10.448167243000055
            ],
            [
              125.23127452400001,
              10.448142433000045
            ],
            [
              125.23127223800007,
              10.44813385300006
            ],
            [
              125.23125681500007,
              10.448124343000073
            ],
            [
              125.23125672900005,
              10.448116814000056
            ],
            [
              125.23125885400009,
              10.448111412000058
            ],
            [
              125.23126857400007,
              10.44810054800007
            ],
            [
              125.23126959300009,
              10.448094082000067
            ],
            [
              125.231267332,
              10.448087655000048
            ],
            [
              125.23125507800012,
              10.448068428000056
            ],
            [
              125.23126150500002,
              10.448056525000025
            ],
            [
              125.23126248800008,
              10.448046833000035
            ],
            [
              125.23126130700005,
              10.44803931500007
            ],
            [
              125.23125237200007,
              10.44802328000003
            ],
            [
              125.23125557900005,
              10.448016790000054
            ],
            [
              125.23125553000013,
              10.448012488000073
            ],
            [
              125.23125104400003,
              10.448002858000052
            ],
            [
              125.23124002100008,
              10.447995450000064
            ],
            [
              125.23122573000013,
              10.447989155000073
            ],
            [
              125.23122346800004,
              10.447982726000017
            ],
            [
              125.2312255810001,
              10.447976248000032
            ],
            [
              125.23122442600004,
              10.447970883000039
            ],
            [
              125.23121557800006,
              10.447962376000019
            ],
            [
              125.23121550400002,
              10.44795592200006
            ],
            [
              125.23121980300004,
              10.447949422000024
            ],
            [
              125.2312239690001,
              10.447931088000075
            ],
            [
              125.23122039900011,
              10.44790598600002
            ],
            [
              125.23121157600008,
              10.44789963000005
            ],
            [
              125.23120713900005,
              10.447894301000074
            ],
            [
              125.23120597100001,
              10.447887860000035
            ],
            [
              125.23120696600006,
              10.447879243000047
            ],
            [
              125.23119924900003,
              10.447873951000076
            ],
            [
              125.23119588100008,
              10.447866459000068
            ],
            [
              125.23119799500012,
              10.447859981000022
            ],
            [
              125.23120232000008,
              10.447855630000047
            ],
            [
              125.23120658300003,
              10.44784590200004
            ],
            [
              125.23121307100007,
              10.447839376000047
            ],
            [
              125.23122806100002,
              10.447811243000045
            ],
            [
              125.2312301620001,
              10.447803689000066
            ],
            [
              125.23122892000004,
              10.447790796000048
            ],
            [
              125.23122995100005,
              10.447785405000046
            ],
            [
              125.2312386640001,
              10.44778208100007
            ],
            [
              125.23124853100012,
              10.447784124000064
            ],
            [
              125.23124965000011,
              10.447786262000024
            ],
            [
              125.23125651400005,
              10.44779028000005
            ],
            [
              125.23127054100007,
              10.447795711000026
            ],
            [
              125.23128160000012,
              10.447806345000059
            ],
            [
              125.231282769,
              10.447812786000041
            ],
            [
              125.2312926850001,
              10.44781913100007
            ],
            [
              125.23133224300013,
              10.447834826000076
            ],
            [
              125.23134648500002,
              10.447836818000042
            ],
            [
              125.23136394700009,
              10.447833397000066
            ],
            [
              125.23137702200007,
              10.447828949000042
            ],
            [
              125.23139224600003,
              10.44782125000006
            ],
            [
              125.2314106770001,
              10.447807063000027
            ],
            [
              125.23141714100007,
              10.447798385000054
            ],
            [
              125.23142033600004,
              10.447790820000023
            ],
            [
              125.23142026100004,
              10.447784367000056
            ],
            [
              125.23141136400011,
              10.447771557000067
            ],
            [
              125.2314014840001,
              10.447768440000061
            ],
            [
              125.23139604000005,
              10.447770653000076
            ],
            [
              125.23138729100003,
              10.447770749000025
            ],
            [
              125.23139048500003,
              10.44776318500004
            ],
            [
              125.23139372900003,
              10.447759921000054
            ],
            [
              125.2313947120001,
              10.447750229000063
            ],
            [
              125.23139246300002,
              10.447744876000058
            ],
            [
              125.23137927700009,
              10.447739644000022
            ],
            [
              125.23137480300012,
              10.44773108800007
            ],
            [
              125.2313682040001,
              10.447727935000042
            ],
            [
              125.23134737500004,
              10.447723864000068
            ],
            [
              125.231344045,
              10.447719598000047
            ],
            [
              125.2313253420001,
              10.447710125000073
            ],
            [
              125.23132634900003,
              10.447702584000071
            ],
            [
              125.23133287300004,
              10.447699284000068
            ],
            [
              125.23134159800009,
              10.447697036000022
            ],
            [
              125.23134811100009,
              10.447692662000067
            ],
            [
              125.23136661700005,
              10.447684927000067
            ],
            [
              125.23139385900005,
              10.447676018000038
            ],
            [
              125.23140914600002,
              10.447673696000038
            ],
            [
              125.23141457700001,
              10.44767040900007
            ],
            [
              125.23141778400009,
              10.447663919000037
            ],
            [
              125.23141769700008,
              10.447656391000063
            ],
            [
              125.23141646800002,
              10.447644572000057
            ],
            [
              125.23141201900013,
              10.447638168000026
            ],
            [
              125.23139431100005,
              10.447620078000059
            ],
            [
              125.23137235100012,
              10.44761279200003
            ],
            [
              125.23134389100004,
              10.447610957000052
            ],
            [
              125.2313340730001,
              10.447613218000072
            ],
            [
              125.23132211700009,
              10.447619804000055
            ],
            [
              125.23131336700011,
              10.447619902000042
            ],
            [
              125.23130350000008,
              10.447617860000037
            ],
            [
              125.23128057000007,
              10.447621342000048
            ],
            [
              125.23127072700005,
              10.44762145100003
            ],
            [
              125.23126847700007,
              10.447616098000024
            ],
            [
              125.23127280300002,
              10.447611747000051
            ],
            [
              125.23128043400004,
              10.447609511000051
            ],
            [
              125.23128694600008,
              10.447605136000048
            ],
            [
              125.23129777200008,
              10.447595335000074
            ],
            [
              125.23131205100003,
              10.447600554000076
            ],
            [
              125.2313175070001,
              10.447599418000038
            ],
            [
              125.23132835700004,
              10.447591768000052
            ],
            [
              125.23132720100011,
              10.447586402000068
            ],
            [
              125.23133258100006,
              10.447578543000077
            ],
            [
              125.23133691800003,
              10.447575269000025
            ],
            [
              125.23134283600008,
              10.447566284000061
            ],
            [
              125.23134420500003,
              10.447561566000047
            ],
            [
              125.23134146000007,
              10.447552803000065
            ],
            [
              125.23133391500006,
              10.447540670000024
            ],
            [
              125.23134419600002,
              10.447538645000067
            ],
            [
              125.23135379200005,
              10.447533247000022
            ],
            [
              125.23135790200001,
              10.447529875000042
            ],
            [
              125.23135995700011,
              10.447522459000027
            ],
            [
              125.23138052200012,
              10.447521778000064
            ],
            [
              125.23139286000003,
              10.447518402000073
            ],
            [
              125.23140199400007,
              10.447527216000028
            ],
            [
              125.23140963700006,
              10.447526055000026
            ],
            [
              125.23143593500005,
              10.447530066000068
            ],
            [
              125.23145015100009,
              10.447529909000025
            ],
            [
              125.23146102700004,
              10.447524409000039
            ],
            [
              125.23149153900012,
              10.447514389000048
            ],
            [
              125.2314969570001,
              10.447510026000032
            ],
            [
              125.23150342100008,
              10.447501349000047
            ],
            [
              125.23151650700005,
              10.447497976000024
            ],
            [
              125.23154387400008,
              10.447499824000033
            ],
            [
              125.23155477300008,
              10.447496476000026
            ],
            [
              125.23156562300005,
              10.447488825000047
            ],
            [
              125.23156879300008,
              10.447479109000025
            ],
            [
              125.23156859600012,
              10.44746190100005
            ],
            [
              125.2315673170001,
              10.447445781000052
            ],
            [
              125.23156504200007,
              10.447438275000023
            ],
            [
              125.23156061900012,
              10.447434022000039
            ],
            [
              125.23154635200001,
              10.447429878000037
            ],
            [
              125.23153864600012,
              10.447425661000068
            ],
            [
              125.2315680710001,
              10.447407063000071
            ],
            [
              125.23157023500006,
              10.44740488800005
            ],
            [
              125.23156904300005,
              10.447396296000026
            ],
            [
              125.23155121,
              10.447367451000048
            ],
            [
              125.23153679500001,
              10.44735040000006
            ],
            [
              125.23152797100012,
              10.44734404400003
            ],
            [
              125.23150958600002,
              10.44733866300004
            ],
            [
              125.2315039340001,
              10.447334025000032
            ],
            [
              125.23150488300008,
              10.447325685000065
            ],
            [
              125.23151525700007,
              10.447312718000033
            ],
            [
              125.23152751200007,
              10.447307165000035
            ],
            [
              125.23155236500007,
              10.447302818000024
            ],
            [
              125.2315581370001,
              10.447303909000025
            ],
            [
              125.23156254900003,
              10.44730708700007
            ],
            [
              125.23157593100008,
              10.447329528000067
            ],
            [
              125.23158033100003,
              10.447331631000052
            ],
            [
              125.23159457300004,
              10.447333623000075
            ],
            [
              125.23159888700002,
              10.447328197000044
            ],
            [
              125.23159662500007,
              10.447321769000041
            ],
            [
              125.23158995200004,
              10.447312161000069
            ],
            [
              125.23158990200011,
              10.447307859000032
            ],
            [
              125.23159518600005,
              10.447291666000071
            ],
            [
              125.23159508700007,
              10.447283061000062
            ],
            [
              125.23159174400006,
              10.447277720000045
            ],
            [
              125.2315862260001,
              10.447273479000042
            ],
            [
              125.23156317300003,
              10.447266205000062
            ],
            [
              125.23157404700008,
              10.447260706000066
            ],
            [
              125.23158605200001,
              10.447258421000072
            ],
            [
              125.23159815800011,
              10.447264741000025
            ],
            [
              125.23160493000012,
              10.447282952000023
            ],
            [
              125.23161256100003,
              10.447280716000023
            ],
            [
              125.2316168860001,
              10.44727636500005
            ],
            [
              125.231621247,
              10.447275241000055
            ],
            [
              125.2316289160001,
              10.447276231000046
            ],
            [
              125.23164530900011,
              10.44727497400004
            ],
            [
              125.23165074000008,
              10.44727168600002
            ],
            [
              125.23166826300007,
              10.447273643000075
            ],
            [
              125.2316758820001,
              10.447270331000025
            ],
            [
              125.23168450700007,
              10.447259479000024
            ],
            [
              125.2316876650001,
              10.44724868700007
            ],
            [
              125.23168759000009,
              10.447242234000042
            ],
            [
              125.23168418500006,
              10.447231515000055
            ],
            [
              125.2316753870001,
              10.44722731000007
            ],
            [
              125.23165025800006,
              10.447229741000058
            ],
            [
              125.2316443190001,
              10.44722243800004
            ],
            [
              125.23164240500013,
              10.447212617000048
            ],
            [
              125.23164783600009,
              10.447209330000021
            ],
            [
              125.23165873500012,
              10.447205982000073
            ],
            [
              125.23167624500002,
              10.447206863000076
            ],
            [
              125.23168723100002,
              10.447211043000037
            ],
            [
              125.2317015860001,
              10.447222716000057
            ],
            [
              125.23172358300006,
              10.44723322900006
            ],
            [
              125.23173025600012,
              10.447242835000056
            ],
            [
              125.23173699100005,
              10.447257820000063
            ],
            [
              125.23173941300001,
              10.447278231000038
            ],
            [
              125.23174389900008,
              10.447287862000053
            ],
            [
              125.23175604000005,
              10.447297408000052
            ],
            [
              125.2317724940001,
              10.447301528000027
            ],
            [
              125.2317790940001,
              10.447304681000048
            ],
            [
              125.23180335200006,
              10.44732162300005
            ],
            [
              125.231812137,
              10.447324753000034
            ],
            [
              125.23182964900002,
              10.447325633000048
            ],
            [
              125.23183619900011,
              10.447324485000026
            ],
            [
              125.23184598000013,
              10.447318998000068
            ],
            [
              125.23185688000002,
              10.447315650000066
            ],
            [
              125.23186454800009,
              10.447316640000052
            ],
            [
              125.23187998100003,
              10.447327225000038
            ],
            [
              125.23189536800011,
              10.447333508000042
            ],
            [
              125.2319052360001,
              10.44733555000005
            ],
            [
              125.23191399600012,
              10.447336528000053
            ],
            [
              125.23192162800002,
              10.447334293000038
            ],
            [
              125.23193243000003,
              10.447339474000044
            ],
            [
              125.23193680500003,
              10.44733942500005
            ],
            [
              125.2319531600001,
              10.44733494100006
            ],
            [
              125.23199755500004,
              10.447295723000025
            ],
            [
              125.23201157500013,
              10.447278357000071
            ],
            [
              125.23202548400003,
              10.44725131100006
            ],
            [
              125.2320243150001,
              10.447244870000075
            ],
            [
              125.2320198430001,
              10.447236314000065
            ],
            [
              125.23201543100005,
              10.44723313600002
            ],
            [
              125.23195625000007,
              10.447223037000068
            ],
            [
              125.23195508200001,
              10.44721659600003
            ],
            [
              125.23196048800003,
              10.447211158000075
            ],
            [
              125.23196813200003,
              10.447209997000073
            ],
            [
              125.23198133000005,
              10.44721630400005
            ],
            [
              125.2319868100001,
              10.44721732000005
            ],
            [
              125.23201512200002,
              10.447206248000043
            ],
            [
              125.2320313790001,
              10.44719315900005
            ],
            [
              125.23203459700007,
              10.447187745000063
            ],
            [
              125.23203563000006,
              10.447182355000054
            ],
            [
              125.2320333030001,
              10.44716588600005
            ],
            [
              125.23203051000007,
              10.447163137000075
            ],
            [
              125.2320151470001,
              10.447157632000028
            ],
            [
              125.23201305300007,
              10.447154882000063
            ],
            [
              125.23201724900004,
              10.447145956000044
            ],
            [
              125.2320472990001,
              10.44712399300005
            ],
            [
              125.23205429600013,
              10.447108886000024
            ],
            [
              125.23206058700009,
              10.447101333000035
            ],
            [
              125.23207945500008,
              10.447088294000027
            ],
            [
              125.23211019600002,
              10.44707801000004
            ],
            [
              125.23213185100008,
              10.44707527600002
            ],
            [
              125.2321465220001,
              10.447071164000022
            ],
            [
              125.23215071700008,
              10.447065671000077
            ],
            [
              125.23215071900006,
              10.447062237000068
            ],
            [
              125.23214461400005,
              10.447044349000066
            ],
            [
              125.2321436110001,
              10.447029646000034
            ],
            [
              125.23215457000005,
              10.447014939000043
            ],
            [
              125.23219244100005,
              10.447000222000039
            ],
            [
              125.2322034030001,
              10.446994337000033
            ],
            [
              125.23221037700011,
              10.44698845300007
            ],
            [
              125.23223130900011,
              10.446988447000022
            ],
            [
              125.23224227000004,
              10.446979621000025
            ],
            [
              125.23224924600004,
              10.446977657000048
            ],
            [
              125.23226220000004,
              10.446969811000029
            ],
            [
              125.23226917200009,
              10.446954125000047
            ],
            [
              125.23227315800011,
              10.446950203000027
            ],
            [
              125.23227215700001,
              10.446940401000061
            ],
            [
              125.23226418000003,
              10.446931582000046
            ],
            [
              125.2322661710001,
              10.446923739000054
            ],
            [
              125.2322721480001,
              10.446915896000062
            ],
            [
              125.23227812700009,
              10.446911974000045
            ],
            [
              125.23229703200002,
              10.446910005000062
            ],
            [
              125.2323060010001,
              10.446907062000037
            ],
            [
              125.23231596900007,
              10.446909018000042
            ],
            [
              125.23232494000001,
              10.446908035000034
            ],
            [
              125.2323309200001,
              10.446909993000075
            ],
            [
              125.23233689900009,
              10.44690509000003
            ],
            [
              125.23235184800001,
              10.446898223000062
            ],
            [
              125.23235682900008,
              10.446892341000021
            ],
            [
              125.23236181200004,
              10.446889398000051
            ],
            [
              125.23236778900001,
              10.44687959400005
            ],
            [
              125.23237077500006,
              10.446869791000038
            ],
            [
              125.23236079700007,
              10.446841368000035
            ],
            [
              125.23235381600011,
              10.446830589000058
            ],
            [
              125.23235182000008,
              10.44682176700007
            ],
            [
              125.23235580400002,
              10.446813924000024
            ],
            [
              125.23236644400002,
              10.446800736000055
            ],
            [
              125.23238064800012,
              10.446799503000022
            ],
            [
              125.23239056600005,
              10.446805847000062
            ],
            [
              125.232401491,
              10.446804650000047
            ],
            [
              125.23240365300012,
              10.446802474000036
            ],
            [
              125.23240785500002,
              10.446787368000061
            ],
            [
              125.23241758500002,
              10.44677757900007
            ],
            [
              125.23242416100005,
              10.446778583000025
            ],
            [
              125.23242750400003,
              10.446783924000043
            ],
            [
              125.23243189000006,
              10.44678495000005
            ],
            [
              125.23243836600011,
              10.446777348000067
            ],
            [
              125.23244152300003,
              10.446766556000057
            ],
            [
              125.23244138700011,
              10.446754726000048
            ],
            [
              125.23244675700005,
              10.44674606100005
            ],
            [
              125.23245963100008,
              10.44674033600006
            ],
            [
              125.23246025800006,
              10.446724505000077
            ],
            [
              125.23245535900003,
              10.446718228000062
            ],
            [
              125.2324408070001,
              10.44671205700007
            ],
            [
              125.23241745000009,
              10.446709939000069
            ],
            [
              125.232415735,
              10.44670046300007
            ],
            [
              125.23242130300002,
              10.446694863000062
            ],
            [
              125.23242286700008,
              10.446690891000058
            ],
            [
              125.23241790500003,
              10.446679076000066
            ],
            [
              125.23241863800003,
              10.446672738000075
            ],
            [
              125.23242262600002,
              10.446669529000076
            ],
            [
              125.23242664800013,
              10.446669486000074
            ],
            [
              125.23243796500003,
              10.446674109000071
            ],
            [
              125.23244841400003,
              10.446673204000037
            ],
            [
              125.23245720000011,
              10.446667569000056
            ],
            [
              125.23245950500008,
              10.446658049000062
            ],
            [
              125.23246349300007,
              10.446654840000065
            ],
            [
              125.23247640900001,
              10.44665865500002
            ],
            [
              125.232490202,
              10.446668792000022
            ],
            [
              125.23249666400012,
              10.446671094000061
            ],
            [
              125.23250390400004,
              10.44667101400006
            ],
            [
              125.23250866900003,
              10.446665424000058
            ],
            [
              125.23251749100007,
              10.446662953000041
            ],
            [
              125.23253843400005,
              10.446665098000041
            ],
            [
              125.23255692800001,
              10.446664105000023
            ],
            [
              125.23256253200009,
              10.446661670000028
            ],
            [
              125.23257124700001,
              10.446649706000073
            ],
            [
              125.23258080200004,
              10.446640898000055
            ],
            [
              125.23258722100003,
              10.446639245000028
            ],
            [
              125.23259610600009,
              10.446642313000037
            ],
            [
              125.23261392000008,
              10.446652404000076
            ],
            [
              125.23264477600001,
              10.446677386000033
            ],
            [
              125.23265530600008,
              10.446683602000062
            ],
            [
              125.23266338500002,
              10.446686678000049
            ],
            [
              125.23268836900003,
              10.446690361000035
            ],
            [
              125.23271086800004,
              10.446687741000058
            ],
            [
              125.23272449900003,
              10.446683637000033
            ],
            [
              125.23272847600003,
              10.446679636000058
            ],
            [
              125.23273227600009,
              10.44665981400004
            ],
            [
              125.23273864000011,
              10.446653414000025
            ],
            [
              125.23276747600005,
              10.44664202100006
            ],
            [
              125.23278117900009,
              10.446644245000074
            ],
            [
              125.23278929500009,
              10.446650486000065
            ],
            [
              125.23279655200008,
              10.44665199000002
            ],
            [
              125.23281822900003,
              10.446647796000036
            ],
            [
              125.23285904200009,
              10.446628360000032
            ],
            [
              125.23286622000012,
              10.446622744000026
            ],
            [
              125.23287502500011,
              10.446618691000022
            ],
            [
              125.23289828300005,
              10.44661210700002
            ],
            [
              125.23293603900004,
              10.446606946000033
            ],
            [
              125.23295286200005,
              10.446600432000023
            ],
            [
              125.23298006200002,
              10.446586684000067
            ],
            [
              125.23299803800012,
              10.446580331000064
            ],
            [
              125.23301081300006,
              10.446571488000075
            ],
            [
              125.23303323900006,
              10.446562538000023
            ],
            [
              125.23306744700005,
              10.446528141000044
            ],
            [
              125.233072998,
              10.44652095900005
            ],
            [
              125.23307612600001,
              10.446513012000027
            ],
            [
              125.23307441000007,
              10.446503537000071
            ],
            [
              125.23306297700003,
              10.446488629000042
            ],
            [
              125.23306044700007,
              10.446478369000031
            ],
            [
              125.23306119800007,
              10.446473614000066
            ],
            [
              125.23306682100008,
              10.446472761000049
            ],
            [
              125.23307577700007,
              10.446482158000038
            ],
            [
              125.23308785300003,
              10.446482817000058
            ],
            [
              125.2331079290001,
              10.446479432000045
            ],
            [
              125.23311513400004,
              10.446476189000064
            ],
            [
              125.23312069200007,
              10.446469799000056
            ],
            [
              125.23312130900001,
              10.446453175000043
            ],
            [
              125.23313533300005,
              10.446412669000038
            ],
            [
              125.23313447500004,
              10.446407931000063
            ],
            [
              125.2331287730001,
              10.446401664000064
            ],
            [
              125.23312790600005,
              10.446396134000054
            ],
            [
              125.2331341800001,
              10.446381824000072
            ],
            [
              125.23313489500005,
              10.446373903000051
            ],
            [
              125.23313157900009,
              10.446365236000076
            ],
            [
              125.23312430300008,
              10.446362151000075
            ],
            [
              125.23309692500003,
              10.446360077000067
            ],
            [
              125.23307996700011,
              10.446354723000068
            ],
            [
              125.23307271900002,
              10.446354011000036
            ],
            [
              125.23306218000005,
              10.446347006000051
            ],
            [
              125.23305643300013,
              10.446336783000046
            ],
            [
              125.2330490940001,
              10.446328159000075
            ],
            [
              125.23304659100006,
              10.446320275000064
            ],
            [
              125.2330416740001,
              10.446312415000024
            ],
            [
              125.23303276300011,
              10.44630697400004
            ],
            [
              125.23302457500006,
              10.446294404000069
            ],
            [
              125.23301316000004,
              10.446281079000071
            ],
            [
              125.23300094900004,
              10.44626855200005
            ],
            [
              125.23298633500009,
              10.44625684400006
            ],
            [
              125.23298143700005,
              10.44625056700005
            ],
            [
              125.23297646700006,
              10.446237961000067
            ],
            [
              125.23297962300012,
              10.446232388000055
            ],
            [
              125.2329860230001,
              10.446229153000044
            ],
            [
              125.23298923900006,
              10.446229118000076
            ],
            [
              125.23299895700006,
              10.446234550000042
            ],
            [
              125.23300550000012,
              10.446243974000025
            ],
            [
              125.23301118500001,
              10.446248659000046
            ],
            [
              125.23302647900003,
              10.446249283000043
            ],
            [
              125.23303846500005,
              10.446242031000054
            ],
            [
              125.23304238800006,
              10.446233284000074
            ],
            [
              125.23306699700004,
              10.446203740000042
            ],
            [
              125.233070912,
              10.446194202000074
            ],
            [
              125.23307156300007,
              10.44618074400006
            ],
            [
              125.2330698200001,
              10.446168894000037
            ],
            [
              125.23306486900003,
              10.446157871000024
            ],
            [
              125.23305753800004,
              10.446150018000026
            ],
            [
              125.23305668000012,
              10.44614527900006
            ],
            [
              125.23306465400003,
              10.446138862000053
            ],
            [
              125.23309109400007,
              10.44612907800007
            ],
            [
              125.23310303600012,
              10.446117870000023
            ],
            [
              125.23310937300006,
              10.44610909800002
            ],
            [
              125.23311865100004,
              10.446075764000055
            ],
            [
              125.23311205300001,
              10.44606159400007
            ],
            [
              125.23310370500008,
              10.44603478300007
            ],
            [
              125.233098788,
              10.446026924000021
            ],
            [
              125.23309150400006,
              10.446023049000075
            ],
            [
              125.23308985000006,
              10.446019110000064
            ],
            [
              125.23309297000003,
              10.446010372000043
            ],
            [
              125.23309855600007,
              10.446006355000064
            ],
            [
              125.23310091500002,
              10.446001582000065
            ],
            [
              125.23310791500013,
              10.445980142000051
            ],
            [
              125.23311080200004,
              10.445950834000026
            ],
            [
              125.23310982700002,
              10.445935813000062
            ],
            [
              125.23310733300002,
              10.445928718000065
            ],
            [
              125.23310408000009,
              10.445925588000023
            ],
            [
              125.23309279900002,
              10.44592412900005
            ],
            [
              125.23308873100005,
              10.445920218000026
            ],
            [
              125.23308848100008,
              10.445898066000039
            ],
            [
              125.23308431600005,
              10.445885452000025
            ],
            [
              125.23308024000006,
              10.445880749000025
            ],
            [
              125.23306980000008,
              10.44588244600004
            ],
            [
              125.23306504500009,
              10.445888827000031
            ],
            [
              125.2330626390001,
              10.445889645000022
            ],
            [
              125.23306016400012,
              10.44588413300005
            ],
            [
              125.23306001200001,
              10.445870685000044
            ],
            [
              125.23305669600006,
              10.445862017000021
            ],
            [
              125.23304774700011,
              10.445853411000028
            ],
            [
              125.23303164100003,
              10.445852005000065
            ],
            [
              125.23302957300007,
              10.445850169000039
            ],
            [
              125.23303428000008,
              10.445845957000072
            ],
            [
              125.23305354300011,
              10.445844267000043
            ],
            [
              125.23305825200008,
              10.445847212000048
            ],
            [
              125.23306424600003,
              10.445847210000068
            ],
            [
              125.23307280900006,
              10.445852679000039
            ],
            [
              125.23308993400008,
              10.445856884000024
            ],
            [
              125.23309720800012,
              10.445852670000024
            ],
            [
              125.23309891800012,
              10.445842566000067
            ],
            [
              125.2331031960001,
              10.445837092000033
            ],
            [
              125.23310662000007,
              10.445833723000018
            ],
            [
              125.23311518000003,
              10.445830352000032
            ],
            [
              125.233123309,
              10.44582235100006
            ],
            [
              125.23313392400009,
              10.445802264000065
            ],
            [
              125.23314416100004,
              10.445792211000025
            ],
            [
              125.23315439100008,
              10.44579221600003
            ],
            [
              125.2331620670001,
              10.445784676000072
            ],
            [
              125.23316207500011,
              10.44577461600005
            ],
            [
              125.23314673900006,
              10.445759515000079
            ],
            [
              125.23313651400008,
              10.445754480000062
            ],
            [
              125.23312629300007,
              10.445739382000054
            ],
            [
              125.23312630000008,
              10.445729321000043
            ],
            [
              125.23312375000012,
              10.44571926000003
            ],
            [
              125.23311608200005,
              10.445711710000067
            ],
            [
              125.23310329800006,
              10.445706672000027
            ],
            [
              125.23309307000011,
              10.44570414900005
            ],
            [
              125.23308284000005,
              10.445704144000047
            ],
            [
              125.23307517600006,
              10.445691563000025
            ],
            [
              125.233067515,
              10.445673952000051
            ],
            [
              125.23306496600003,
              10.445661375000043
            ],
            [
              125.23305576500003,
              10.445637389000069
            ],
            [
              125.23304927500011,
              10.445632712000076
            ],
            [
              125.23303393700006,
              10.44562813300007
            ],
            [
              125.23304434200008,
              10.445600997000044
            ],
            [
              125.23305203300004,
              10.445590925000033
            ],
            [
              125.2330622830001,
              10.44558589400003
            ],
            [
              125.23306740600003,
              10.445585897000056
            ],
            [
              125.23308277900003,
              10.445580869000025
            ],
            [
              125.23309303000008,
              10.445573318000072
            ],
            [
              125.23310584000002,
              10.445570807000024
            ],
            [
              125.2331135300001,
              10.445563254000035
            ],
            [
              125.23311353600002,
              10.445553178000067
            ],
            [
              125.23310074000005,
              10.445535536000024
            ],
            [
              125.23309049400007,
              10.445535529000038
            ],
            [
              125.23307000700004,
              10.445525440000038
            ],
            [
              125.2330392880001,
              10.445495190000031
            ],
            [
              125.23301112400007,
              10.445475019000071
            ],
            [
              125.23298039400004,
              10.445462404000066
            ],
            [
              125.23289586200008,
              10.445462350000067
            ],
            [
              125.232880496,
              10.44545730200002
            ],
            [
              125.23287794100008,
              10.445447224000077
            ],
            [
              125.2328779500001,
              10.445434628000042
            ],
            [
              125.23288563800008,
              10.445427075000055
            ],
            [
              125.23288308300006,
              10.445416997000054
            ],
            [
              125.23286772500012,
              10.445401873000037
            ],
            [
              125.23271294900007,
              10.445285442000054
            ],
            [
              125.23270801500007,
              10.445276002000073
            ],
            [
              125.23268088800012,
              10.445243049000053
            ],
            [
              125.23267833400007,
              10.445230449000066
            ],
            [
              125.23266810000005,
              10.445210287000064
            ],
            [
              125.2326604210001,
              10.44520020400006
            ],
            [
              125.23264249900001,
              10.445182558000054
            ],
            [
              125.23260920500002,
              10.445167419000027
            ],
            [
              125.2326015220001,
              10.445162375000052
            ],
            [
              125.23256822300003,
              10.445154795000064
            ],
            [
              125.23255797500009,
              10.445154789000071
            ],
            [
              125.23254260000012,
              10.445159818000034
            ],
            [
              125.23253491400011,
              10.445159813000034
            ],
            [
              125.23252466900011,
              10.445154768000066
            ],
            [
              125.23251188100006,
              10.445124526000031
            ],
            [
              125.23250420000012,
              10.445116962000043
            ],
            [
              125.232493954,
              10.44511443700003
            ],
            [
              125.23248370700003,
              10.445114430000048
            ],
            [
              125.23246064600005,
              10.445119454000062
            ],
            [
              125.23243502700007,
              10.445119437000074
            ],
            [
              125.23242478100008,
              10.445116912000058
            ],
            [
              125.23241197700008,
              10.445109346000036
            ],
            [
              125.23238126900004,
              10.445056417000044
            ],
            [
              125.23235473600003,
              10.444969240000034
            ],
            [
              125.23235272000011,
              10.444954697000073
            ],
            [
              125.23232838800006,
              10.444931295000062
            ],
            [
              125.23230786100011,
              10.444916954000064
            ],
            [
              125.23229303200003,
              10.444915295000042
            ],
            [
              125.23224864600003,
              10.444919422000053
            ],
            [
              125.23215728100003,
              10.444932953000032
            ],
            [
              125.23214569800008,
              10.444941503000052
            ],
            [
              125.23213990900001,
              10.444954324000033
            ],
            [
              125.23213556700011,
              10.444960023000021
            ],
            [
              125.23211384700006,
              10.444977122000067
            ],
            [
              125.23208053900011,
              10.444982832000049
            ],
            [
              125.23207185000003,
              10.444985683000029
            ],
            [
              125.23206461000008,
              10.444989960000042
            ],
            [
              125.2320617150001,
              10.444995657000048
            ],
            [
              125.23205158100005,
              10.445007055000074
            ],
            [
              125.23203854900008,
              10.445014182000019
            ],
            [
              125.23202406700013,
              10.445017035000037
            ],
            [
              125.23201972100003,
              10.445014188000073
            ],
            [
              125.23201682100012,
              10.445008492000056
            ],
            [
              125.23200812800007,
              10.444998525000074
            ],
            [
              125.23199653900008,
              10.44498998300003
            ],
            [
              125.2319820550001,
              10.44498998800003
            ],
            [
              125.23196323000003,
              10.444997117000069
            ],
            [
              125.2319559880001,
              10.44499711900005
            ],
            [
              125.23194874400008,
              10.444992849000071
            ],
            [
              125.23194343200011,
              10.444981020000059
            ],
            [
              125.23192662699999,
              10.444968460000041
            ],
            [
              125.23191367100002,
              10.444968602000074
            ],
            [
              125.23190443600005,
              10.444970523000054
            ],
            [
              125.23187500300003,
              10.444987230000038
            ],
            [
              125.23185840500001,
              10.444992874000036
            ],
            [
              125.23184555000013,
              10.445002118000046
            ],
            [
              125.23184197100011,
              10.445013081000068
            ],
            [
              125.23185126800001,
              10.445016620000047
            ],
            [
              125.23186422600007,
              10.445016479000062
            ],
            [
              125.23187529100005,
              10.445012717000054
            ],
            [
              125.23188462900009,
              10.445019897000066
            ],
            [
              125.23188288100005,
              10.445029019000058
            ],
            [
              125.23186821600007,
              10.445041924000066
            ],
            [
              125.2318203550001,
              10.445066116000019
            ],
            [
              125.23177060100011,
              10.44508668700007
            ],
            [
              125.23175957700005,
              10.445094090000053
            ],
            [
              125.2317229250001,
              10.445127264000064
            ],
            [
              125.23169921000012,
              10.445158473000047
            ],
            [
              125.23168820600006,
              10.445167697000043
            ],
            [
              125.23166782400007,
              10.445166099000064
            ],
            [
              125.23164738000003,
              10.445159040000018
            ],
            [
              125.23162886900002,
              10.445159243000036
            ],
            [
              125.23161039900003,
              10.445163086000035
            ],
            [
              125.23160494900004,
              10.445172249000054
            ],
            [
              125.2316031800001,
              10.445179550000036
            ],
            [
              125.23161634200005,
              10.44519761300006
            ],
            [
              125.23161457300013,
              10.445204916000021
            ],
            [
              125.23160725200012,
              10.445212278000042
            ],
            [
              125.23159614500004,
              10.445212399000068
            ],
            [
              125.23157220500003,
              10.445223585000063
            ],
            [
              125.23156130400002,
              10.445241911000037
            ],
            [
              125.23155591500004,
              10.445256535000052
            ],
            [
              125.23155416700001,
              10.44526565800004
            ],
            [
              125.23155988500002,
              10.445280160000038
            ],
            [
              125.2315749400001,
              10.445301844000026
            ],
            [
              125.23157847700007,
              10.445310332000073
            ],
            [
              125.23156971600008,
              10.445331031000022
            ],
            [
              125.23154762700005,
              10.445342196000068
            ],
            [
              125.23153300300011,
              10.445358742000053
            ],
            [
              125.23150719000013,
              10.445368128000043
            ],
            [
              125.23150169900009,
              10.445373650000022
            ],
            [
              125.23149807900006,
              10.445380972000065
            ],
            [
              125.23148522400004,
              10.445390216000023
            ],
            [
              125.23147784000003,
              10.445392118000028
            ],
            [
              125.23141171300006,
              10.445438356000066
            ],
            [
              125.23130098700005,
              10.445536560000049
            ],
            [
              125.23129206500005,
              10.44554662100006
            ],
            [
              125.23125156700009,
              10.44556709100004
            ],
            [
              125.23121835000008,
              10.445576559000076
            ],
            [
              125.23119457400003,
              10.44560230700006
            ],
            [
              125.23118180100006,
              10.445618832000033
            ],
            [
              125.23116896700003,
              10.445629896000067
            ],
            [
              125.23113951399999,
              10.445644784000022
            ],
            [
              125.2310972260001,
              10.445670736000068
            ],
            [
              125.23108998600001,
              10.445685379000052
            ],
            [
              125.23106610700006,
              10.445702027000038
            ],
            [
              125.2310441410001,
              10.445724114000031
            ],
            [
              125.23103675600008,
              10.445726016000034
            ],
            [
              125.23101888200006,
              10.445734824000056
            ],
            [
              125.23100704500007,
              10.445751711000069
            ],
            [
              125.23097614300002,
              10.445766835000029
            ],
            [
              125.23095633300012,
              10.445787752000058
            ],
            [
              125.23094439500005,
              10.445795768000037
            ],
            [
              125.23091844900011,
              10.445805909000057
            ],
            [
              125.23090644400008,
              10.445808013000033
            ],
            [
              125.23088550800003,
              10.44581809900006
            ],
            [
              125.23087555300003,
              10.445824122000031
            ],
            [
              125.23085668900002,
              10.445840100000053
            ],
            [
              125.23084671100003,
              10.445844152000062
            ],
            [
              125.23082269100007,
              10.445847371000069
            ],
            [
              125.23081373800007,
              10.44585338400003
            ],
            [
              125.23080783600005,
              10.445863307000023
            ],
            [
              125.23078895000003,
              10.445877313000038
            ],
            [
              125.23077608800008,
              10.445892240000033
            ],
            [
              125.2307701960001,
              10.445903147000024
            ],
            [
              125.23076129900005,
              10.445914087000062
            ],
            [
              125.23072260200003,
              10.445949011000037
            ],
            [
              125.23070666600007,
              10.445958057000041
            ],
            [
              125.2306609530001,
              10.445993057000067
            ],
            [
              125.23064801400005,
              10.446001085000036
            ],
            [
              125.23063601900004,
              10.446004173000063
            ],
            [
              125.23056682500011,
              10.446048159000043
            ],
            [
              125.23054705800008,
              10.446073019000039
            ],
            [
              125.23053313900006,
              10.446083028000029
            ],
            [
              125.23050342800002,
              10.446114897000028
            ],
            [
              125.23047761500004,
              10.446136865000028
            ],
            [
              125.23046574400006,
              10.446150796000039
            ],
            [
              125.2304389410001,
              10.446173761000068
            ],
            [
              125.23041217000004,
              10.446199682000039
            ],
            [
              125.23040025400006,
              10.446209671000075
            ],
            [
              125.23038531000009,
              10.44621771900006
            ],
            [
              125.23036044400011,
              10.446234748000052
            ],
            [
              125.2303399010001,
              10.446253587000054
            ],
            [
              125.23032111500005,
              10.44627646500004
            ],
            [
              125.23029630500002,
              10.446298422000039
            ],
            [
              125.23027939000008,
              10.446309450000056
            ],
            [
              125.2302685200001,
              10.446323369000025
            ],
            [
              125.23026354300009,
              10.446326381000063
            ],
            [
              125.23025463500007,
              10.446336336000059
            ],
            [
              125.23023763000003,
              10.446339480000061
            ],
            [
              125.23023413000008,
              10.446348602000056
            ],
            [
              125.23023428600004,
              10.446362321000034
            ],
            [
              125.23023723100005,
              10.446376008000069
            ],
            [
              125.23022638100007,
              10.446403567000061
            ],
            [
              125.23022377600012,
              10.446420059000047
            ],
            [
              125.23021280300009,
              10.446436643000025
            ],
            [
              125.23019057700003,
              10.446445118000044
            ],
            [
              125.23016549900001,
              10.446448137000063
            ],
            [
              125.23015443200005,
              10.446456489000068
            ],
            [
              125.23014621700007,
              10.446470299000051
            ],
            [
              125.23012402200006,
              10.446481518000041
            ],
            [
              125.23010452300004,
              10.446484475000034
            ],
            [
              125.23007674800009,
              10.446495754000066
            ],
            [
              125.2300546150001,
              10.44651246100005
            ],
            [
              125.23006589900001,
              10.446523314000045
            ],
            [
              125.23007166400009,
              10.446539715000027
            ],
            [
              125.23006078400009,
              10.446564530000048
            ],
            [
              125.23004977900007,
              10.446578370000053
            ],
            [
              125.23003303900009,
              10.44657855400004
            ],
            [
              125.23000247400013,
              10.44658986300004
            ],
            [
              125.22998027900009,
              10.44660108200003
            ],
            [
              125.22996099600006,
              10.446623244000023
            ],
            [
              125.22991942700003,
              10.446648395000068
            ],
            [
              125.22985642800006,
              10.446701672000074
            ],
            [
              125.22981956700005,
              10.446737946000042
            ],
            [
              125.22976222000011,
              10.44677154200002
            ],
            [
              125.22974787800003,
              10.44677649400006
            ],
            [
              125.22972847200003,
              10.446787682000036
            ],
            [
              125.22971477000011,
              10.446809785000024
            ],
            [
              125.22970953100003,
              10.446840026000073
            ],
            [
              125.22969576700007,
              10.44685664000002
            ],
            [
              125.22969314000011,
              10.446855384000056
            ],
            [
              125.22967894300005,
              10.446859000000075
            ],
            [
              125.22966061300008,
              10.446866445000067
            ],
            [
              125.22963856100012,
              10.446870307000042
            ],
            [
              125.22962389400004,
              10.446875899000075
            ],
            [
              125.22960742600003,
              10.44688513300002
            ],
            [
              125.22958909700002,
              10.446892577000028
            ],
            [
              125.2295763320001,
              10.44690358100007
            ],
            [
              125.22955988500009,
              10.44691462700007
            ],
            [
              125.22951954300005,
              10.446929554000064
            ],
            [
              125.22949207100011,
              10.446942529000069
            ],
            [
              125.22947372100009,
              10.44694816200007
            ],
            [
              125.2294499300001,
              10.446961097000042
            ],
            [
              125.22942965800007,
              10.446959508000077
            ],
            [
              125.22940762300004,
              10.446951311000017
            ],
            [
              125.22939471500001,
              10.446949643000037
            ],
            [
              125.22938170400005,
              10.446938919000043
            ],
            [
              125.22936701700007,
              10.446942702000056
            ],
            [
              125.22935971400011,
              10.44694821400003
            ],
            [
              125.22935050900004,
              10.446948314000052
            ],
            [
              125.22933954400004,
              10.44695567700006
            ],
            [
              125.22933064600011,
              10.446982936000039
            ],
            [
              125.22931972200001,
              10.446993920000068
            ],
            [
              125.22930323400011,
              10.44700134300007
            ],
            [
              125.22926651500006,
              10.447010798000065
            ],
            [
              125.22925192900004,
              10.44702363300007
            ],
            [
              125.22922631800009,
              10.447038399000062
            ],
            [
              125.22918225400008,
              10.447049745000074
            ],
            [
              125.22913813000002,
              10.447055659000055
            ],
            [
              125.22912160100009,
              10.447059462000025
            ],
            [
              125.22909952900011,
              10.44706151400004
            ],
            [
              125.22908484100005,
              10.447065296000062
            ],
            [
              125.22904648500003,
              10.447092876000054
            ],
            [
              125.22903374000008,
              10.447105691000049
            ],
            [
              125.22900814800006,
              10.447122268000046
            ],
            [
              125.22899720500003,
              10.447131441000067
            ],
            [
              125.228989984,
              10.447144197000055
            ],
            [
              125.22898090100011,
              10.447155160000023
            ],
            [
              125.22896813600005,
              10.447166164000064
            ],
            [
              125.22892572500008,
              10.447170769000023
            ],
            [
              125.22891570800006,
              10.447179526000069
            ],
            [
              125.22890012600008,
              10.447199229000033
            ],
            [
              125.22888677100003,
              10.447211270000025
            ],
            [
              125.22886117300004,
              10.447222217000045
            ],
            [
              125.22885004300008,
              10.447228784000062
            ],
            [
              125.22881442900007,
              10.447268191000033
            ],
            [
              125.22877213600009,
              10.447295556000027
            ],
            [
              125.22876768400009,
              10.44730102900007
            ],
            [
              125.22875989400005,
              10.447320733000025
            ],
            [
              125.22875099200009,
              10.44735575800007
            ],
            [
              125.22874654000009,
              10.447364515000059
            ],
            [
              125.22872539300012,
              10.447391881000042
            ],
            [
              125.22871649200012,
              10.447419244000056
            ],
            [
              125.2286997980001,
              10.447450987000025
            ],
            [
              125.2286908950001,
              10.447472879000028
            ],
            [
              125.22868644400013,
              10.447490392000077
            ],
            [
              125.22867865400009,
              10.447505716000023
            ],
            [
              125.2286719760001,
              10.447516662000057
            ],
            [
              125.22864749100005,
              10.447538556000039
            ],
            [
              125.22861855500003,
              10.447576866000075
            ],
            [
              125.228608537,
              10.447595475000071
            ],
            [
              125.228601861,
              10.447614082000031
            ],
            [
              125.2285918450001,
              10.447632689000045
            ],
            [
              125.22858961800011,
              10.44764035200006
            ],
            [
              125.22858405500006,
              10.447649108000064
            ],
            [
              125.22857515200006,
              10.447669905000051
            ],
            [
              125.22854176400006,
              10.447725731000046
            ],
            [
              125.2285379560001,
              10.44773717300006
            ],
            [
              125.2285335050001,
              10.447760158000051
            ],
            [
              125.22851013400009,
              10.447799563000045
            ],
            [
              125.22849566700008,
              10.447830212000044
            ],
            [
              125.22848787500006,
              10.447838970000017
            ],
            [
              125.22848119800005,
              10.447849915000061
            ],
            [
              125.22845003600004,
              10.447912307000026
            ],
            [
              125.2284255530001,
              10.447946238000043
            ],
            [
              125.22841776100007,
              10.447964846000044
            ],
            [
              125.22839439100005,
              10.447994401000072
            ],
            [
              125.22836879300007,
              10.448031617000026
            ],
            [
              125.22836211500008,
              10.448039279000056
            ],
            [
              125.22834430800005,
              10.448053509000033
            ],
            [
              125.22832204800012,
              10.448088536000057
            ],
            [
              125.2283031290001,
              10.448113712000064
            ],
            [
              125.22827085400003,
              10.448165158000052
            ],
            [
              125.22826529000008,
              10.448179387000039
            ],
            [
              125.22825082200005,
              10.448200184000031
            ],
            [
              125.2282396920001,
              10.448210036000033
            ],
            [
              125.22822188500004,
              10.448234117000023
            ],
            [
              125.22818181800004,
              10.448274618000026
            ],
            [
              125.22816735000005,
              10.448293226000033
            ],
            [
              125.22815510800001,
              10.448312929000053
            ],
            [
              125.22814371100003,
              10.44832086300005
            ],
            [
              125.22813369400001,
              10.448337282000066
            ],
            [
              125.22812479100004,
              10.448347133000027
            ],
            [
              125.22811477400012,
              10.448351512000043
            ],
            [
              125.22810698400008,
              10.44835698500003
            ],
            [
              125.22810141900004,
              10.448363553000034
            ],
            [
              125.22809362900011,
              10.448387633000038
            ],
            [
              125.22807582200005,
              10.448424849000046
            ],
            [
              125.22805356300012,
              10.448450025000056
            ],
            [
              125.22804688600003,
              10.448468634000053
            ],
            [
              125.22803798300004,
              10.448487241000064
            ],
            [
              125.22802907900005,
              10.448500376000025
            ],
            [
              125.2280157240001,
              10.448513511000044
            ],
            [
              125.22799791700004,
              10.44855291600004
            ],
            [
              125.227987901,
              10.44856824200002
            ],
            [
              125.22797677200005,
              10.448595605000035
            ],
            [
              125.22796119100006,
              10.448621875000072
            ],
            [
              125.22793893200003,
              10.448641579000023
            ],
            [
              125.22793002800006,
              10.448654714000043
            ],
            [
              125.22792446400001,
              10.448665659000026
            ],
            [
              125.22791778700002,
              10.448689740000077
            ],
            [
              125.22790443200006,
              10.448726957000076
            ],
            [
              125.22789330300009,
              10.448747753000022
            ],
            [
              125.22788773900004,
              10.448774023000057
            ],
            [
              125.22785323900007,
              10.448840792000055
            ],
            [
              125.22784497100008,
              10.44886447500005
            ],
            [
              125.2278216000001,
              10.448913730000072
            ],
            [
              125.22780824600011,
              10.448950946000025
            ],
            [
              125.22779600400008,
              10.448977216000062
            ],
            [
              125.22778710100012,
              10.44900239100002
            ],
            [
              125.22778153600008,
              10.449011148000066
            ],
            [
              125.2277726320001,
              10.449018810000041
            ],
            [
              125.22776261600006,
              10.449031945000058
            ],
            [
              125.22775260000003,
              10.449071350000052
            ],
            [
              125.22774703500012,
              10.449085580000027
            ],
            [
              125.22773924500008,
              10.449097620000032
            ],
            [
              125.22772700400003,
              10.449124985000026
            ],
            [
              125.22771921400009,
              10.449155633000032
            ],
            [
              125.22771476100002,
              10.44916439000002
            ],
            [
              125.22770697200009,
              10.449174242000028
            ],
            [
              125.22769806700012,
              10.449195038000026
            ],
            [
              125.22768360000008,
              10.449219120000068
            ],
            [
              125.22767914900008,
              10.449231159000023
            ],
            [
              125.22766245500009,
              10.449259618000044
            ],
            [
              125.2276580030001,
              10.449278227000036
            ],
            [
              125.2276557780001,
              10.44929683400005
            ],
            [
              125.2276398570001,
              10.449335566000059
            ],
            [
              125.2276354060001,
              10.44935198400003
            ],
            [
              125.22761203500012,
              10.449399052000043
            ],
            [
              125.22760313000005,
              10.44940890300006
            ],
            [
              125.22759645400004,
              10.449425322000023
            ],
            [
              125.22757864800006,
              10.449476767000021
            ],
            [
              125.22757197000011,
              10.449488807000021
            ],
            [
              125.22756195400007,
              10.449513983000031
            ],
            [
              125.22755527700008,
              10.449540252000078
            ],
            [
              125.22754748700004,
              10.449562144000026
            ],
            [
              125.22753079300004,
              10.449601549000022
            ],
            [
              125.22751410000001,
              10.449628914000069
            ],
            [
              125.2275040840001,
              10.449662845000034
            ],
            [
              125.22749184200008,
              10.44968473700004
            ],
            [
              125.22748182500004,
              10.449707723000076
            ],
            [
              125.22746958400013,
              10.449742750000038
            ],
            [
              125.22746714800007,
              10.449765165000029
            ],
            [
              125.22744570600004,
              10.449811860000068
            ],
            [
              125.22743498600005,
              10.44984650500004
            ],
            [
              125.22742273300003,
              10.449870606000045
            ],
            [
              125.22740588600003,
              10.449911276000023
            ],
            [
              125.22739210300007,
              10.449950439000078
            ],
            [
              125.22734768900011,
              10.450055880000036
            ],
            [
              125.22733084200001,
              10.450101069000025
            ],
            [
              125.22728030100006,
              10.450209523000067
            ],
            [
              125.22726345400007,
              10.450236636000056
            ],
            [
              125.2272496700001,
              10.450266762000068
            ],
            [
              125.22723435400009,
              10.450292370000057
            ],
            [
              125.22721903800004,
              10.450313458000037
            ],
            [
              125.22720819900007,
              10.450338988000054
            ],
            [
              125.22720207200007,
              10.450349532000073
            ],
            [
              125.22719594700006,
              10.450367607000034
            ],
            [
              125.22717756700001,
              10.45040074700006
            ],
            [
              125.22717144100012,
              10.450411291000021
            ],
            [
              125.22716225000012,
              10.450421835000041
            ],
            [
              125.22715153000003,
              10.450442924000072
            ],
            [
              125.22713621400011,
              10.450465518000044
            ],
            [
              125.2271300880001,
              10.450479075000034
            ],
            [
              125.22712089800008,
              10.450492632000017
            ],
            [
              125.22710864400004,
              10.450506189000066
            ],
            [
              125.2271040500001,
              10.450515227000041
            ],
            [
              125.22708720300011,
              10.450534809000033
            ],
            [
              125.22706882200009,
              10.450551379000046
            ],
            [
              125.22705044300005,
              10.450557405000039
            ],
            [
              125.22701215200004,
              10.450589038000032
            ],
            [
              125.22699530400006,
              10.45061163300005
            ],
            [
              125.22696467200001,
              10.450647785000056
            ],
            [
              125.22693097600006,
              10.450683937000067
            ],
            [
              125.22671042700007,
              10.45105777200007
            ],
            [
              125.22667520100005,
              10.451112000000023
            ],
            [
              125.22665682100002,
              10.451143632000026
            ],
            [
              125.22662312700004,
              10.451184303000044
            ],
            [
              125.22659862100011,
              10.451220454000065
            ],
            [
              125.22659249500009,
              10.45122798600005
            ],
            [
              125.22657717800007,
              10.451240037000048
            ],
            [
              125.22649906600009,
              10.451333428000057
            ],
            [
              125.22647149600006,
              10.45136054200003
            ],
            [
              125.22646690200008,
              10.45136807400007
            ],
            [
              125.22645158500006,
              10.451384644000026
            ],
            [
              125.22643320600004,
              10.451401213000052
            ],
            [
              125.22642708,
              10.451410251000027
            ],
            [
              125.22641942200005,
              10.451429833000077
            ],
            [
              125.22641482700011,
              10.451432846000046
            ],
            [
              125.22639185200002,
              10.451461466000069
            ],
            [
              125.22637041000009,
              10.451481049000051
            ],
            [
              125.22636122000007,
              10.451487074000054
            ],
            [
              125.22635451800011,
              10.451498945000024
            ],
            [
              125.22634532900008,
              10.451509490000031
            ],
            [
              125.22632541800009,
              10.451539616000046
            ],
            [
              125.22631316400009,
              10.45155468000007
            ],
            [
              125.22628253200004,
              10.451581793000058
            ],
            [
              125.2262610890001,
              10.451604388000023
            ],
            [
              125.22625343100003,
              10.451610413000026
            ],
            [
              125.22625036700003,
              10.451616439000077
            ],
            [
              125.22624424000003,
              10.451622464000025
            ],
            [
              125.2262319890001,
              10.451643552000064
            ],
            [
              125.22617378700012,
              10.451708324000037
            ],
            [
              125.22616000200004,
              10.451726400000041
            ],
            [
              125.22614928100006,
              10.45173543800007
            ],
            [
              125.22613396500003,
              10.45175200800003
            ],
            [
              125.22612171100002,
              10.45176857700005
            ],
            [
              125.2260742310001,
              10.451810754000062
            ],
            [
              125.22604972500005,
              10.451834856000062
            ],
            [
              125.22604053500005,
              10.45184690600007
            ],
            [
              125.2260160290001,
              10.451889084000072
            ],
            [
              125.22600071400005,
              10.451910171000064
            ],
            [
              125.2259838650001,
              10.451920716000075
            ],
            [
              125.22597314300003,
              10.451932766000027
            ],
            [
              125.22596242300007,
              10.45195084200003
            ],
            [
              125.22594251200007,
              10.45197644900003
            ],
            [
              125.22590575299999,
              10.452032184000073
            ],
            [
              125.2258735900001,
              10.45208641000005
            ],
            [
              125.22585214700008,
              10.452113523000037
            ],
            [
              125.2258414260001,
              10.45213159900004
            ],
            [
              125.22580926200008,
              10.45217377600005
            ],
            [
              125.22578016100012,
              10.452209928000059
            ],
            [
              125.22577556600004,
              10.452212940000033
            ],
            [
              125.2257704010001,
              10.452229614000034
            ],
            [
              125.22575508500007,
              10.45225070200007
            ],
            [
              125.22574895800004,
              10.452264259000058
            ],
            [
              125.22573057900001,
              10.45228685300003
            ],
            [
              125.2257121990001,
              10.452301917000057
            ],
            [
              125.22569228800013,
              10.452324512000072
            ],
            [
              125.22567084600007,
              10.452363676000061
            ],
            [
              125.22566165600006,
              10.452375726000069
            ],
            [
              125.22564021300002,
              10.452416396000045
            ],
            [
              125.22563561900004,
              10.452428447000042
            ],
            [
              125.2256279610001,
              10.452440497000053
            ],
            [
              125.22561723900003,
              10.45245254800005
            ],
            [
              125.22560651800008,
              10.452470624000057
            ],
            [
              125.22545336700011,
              10.452682626000069
            ],
            [
              125.22544712900003,
              10.452687230000038
            ],
            [
              125.22544401100004,
              10.452693367000052
            ],
            [
              125.2254253000001,
              10.45271638400004
            ],
            [
              125.22539879500005,
              10.45275474400006
            ],
            [
              125.22538632000011,
              10.452767021000058
            ],
            [
              125.22537540400003,
              10.452780831000041
            ],
            [
              125.22535513600009,
              10.452808451000065
            ],
            [
              125.2253457810001,
              10.452823794000038
            ],
            [
              125.22534110300012,
              10.452828398000063
            ],
            [
              125.22533798500001,
              10.452836070000048
            ],
            [
              125.22531615700007,
              10.452863690000072
            ],
            [
              125.22528808800006,
              10.452894379000043
            ],
            [
              125.22526002200006,
              10.45293274000005
            ],
            [
              125.22524910800007,
              10.452943481000034
            ],
            [
              125.22520856700011,
              10.452992584000071
            ],
            [
              125.2251851740001,
              10.453014069000064
            ],
            [
              125.22513216200004,
              10.45308311800005
            ],
            [
              125.22512124900004,
              10.453103064000057
            ],
            [
              125.22511345300005,
              10.453113805000045
            ],
            [
              125.22508539500006,
              10.453172108000048
            ],
            [
              125.22507136300008,
              10.45319358900002
            ],
            [
              125.2250557750001,
              10.453225809000058
            ],
            [
              125.22504330600009,
              10.453254960000036
            ],
            [
              125.22504018900008,
              10.453267233000073
            ],
            [
              125.22502616200008,
              10.453297919000018
            ],
            [
              125.22498251000002,
              10.453373102000056
            ],
            [
              125.22497627500002,
              10.453389978000075
            ],
            [
              125.22496536400001,
              10.453411459000051
            ],
            [
              125.22496068800002,
              10.453425266000067
            ],
            [
              125.22495445200002,
              10.453434472000025
            ],
            [
              125.22493418800003,
              10.453477432000053
            ],
            [
              125.22491392200004,
              10.45351425600006
            ],
            [
              125.22489521800004,
              10.453557215000046
            ],
            [
              125.22488742200005,
              10.453567956000033
            ],
            [
              125.2248484490001,
              10.453643137000027
            ],
            [
              125.2247782940001,
              10.45376281600005
            ],
            [
              125.22475178700007,
              10.453796574000021
            ],
            [
              125.22474399000008,
              10.45380424700005
            ],
            [
              125.22472356200001,
              10.453817575000071
            ],
            [
              125.22470518300008,
              10.453825107000057
            ],
            [
              125.22468513900003,
              10.45384408500007
            ],
            [
              125.2246805440001,
              10.453851616000062
            ],
            [
              125.22467135400005,
              10.453874210000036
            ],
            [
              125.22466829200005,
              10.453898310000055
            ],
            [
              125.22465910200003,
              10.453911867000045
            ],
            [
              125.22464684800002,
              10.453925424000033
            ],
            [
              125.22463306400006,
              10.453929943000048
            ],
            [
              125.22461927800009,
              10.453928437000057
            ],
            [
              125.22459783400006,
              10.453929944000036
            ],
            [
              125.22459017600012,
              10.453935970000034
            ],
            [
              125.22458405000008,
              10.453948020000041
            ],
            [
              125.22458864600004,
              10.453970614000069
            ],
            [
              125.22458252000003,
              10.453999233000046
            ],
            [
              125.22455954600002,
              10.454036891000042
            ],
            [
              125.22455035600002,
              10.454057979000027
            ],
            [
              125.22454576200005,
              10.45407605500003
            ],
            [
              125.22454576200005,
              10.454094130000042
            ],
            [
              125.22454269900004,
              10.454112205000058
            ],
            [
              125.2245472940001,
              10.454128774000026
            ],
            [
              125.22454882700004,
              10.45414233100007
            ],
            [
              125.22456108200004,
              10.454187520000062
            ],
            [
              125.22456108200004,
              10.454195050000068
            ],
            [
              125.22455036200007,
              10.454228188000059
            ],
            [
              125.22454423500007,
              10.45423873200002
            ],
            [
              125.22453810900002,
              10.454256808000025
            ],
            [
              125.22453964200008,
              10.454291452000064
            ],
            [
              125.22453657900007,
              10.454303502000073
            ],
            [
              125.22451207200005,
              10.45436526000003
            ],
            [
              125.2244875680001,
              10.454417982000056
            ],
            [
              125.22445846700009,
              10.45446618300002
            ],
            [
              125.2244523400001,
              10.454482753000038
            ],
            [
              125.22443855600011,
              10.45451137100002
            ],
            [
              125.22442017700007,
              10.454562585000074
            ],
            [
              125.2244063930001,
              10.454588194000054
            ],
            [
              125.22436503900006,
              10.454675558000075
            ],
            [
              125.22435431800011,
              10.45469363500007
            ],
            [
              125.22432063600003,
              10.454784811000021
            ],
            [
              125.22429766400012,
              10.454873682000025
            ],
            [
              125.22429306900004,
              10.454900794000027
            ],
            [
              125.22427315800009,
              10.454955021000048
            ],
            [
              125.22426703300006,
              10.454967071000056
            ],
            [
              125.22423946300013,
              10.455009248000064
            ],
            [
              125.22423027300012,
              10.455028830000062
            ],
            [
              125.22422414600008,
              10.455048411000064
            ],
            [
              125.22422261600003,
              10.45507251200007
            ],
            [
              125.22421649000012,
              10.45509962500006
            ],
            [
              125.22421495900005,
              10.455119207000052
            ],
            [
              125.2242103650001,
              10.455137282000063
            ],
            [
              125.22418432800009,
              10.455208078000055
            ],
            [
              125.22417360700001,
              10.455253267000046
            ],
            [
              125.22414910200007,
              10.45530448000005
            ],
            [
              125.22412153200004,
              10.455351177000066
            ],
            [
              125.22411081200005,
              10.455394858000034
            ],
            [
              125.22410162200003,
              10.455417452000065
            ],
            [
              125.22408936900003,
              10.455456616000047
            ],
            [
              125.22407558600003,
              10.45551084200002
            ],
            [
              125.22407252200003,
              10.455531931000055
            ],
            [
              125.22406257900003,
              10.455554565000059
            ],
            [
              125.22406258,
              10.455571133000033
            ],
            [
              125.224059516,
              10.455577158000038
            ],
            [
              125.22405339100011,
              10.455613309000059
            ],
            [
              125.22405951900011,
              10.455653978000042
            ],
            [
              125.22405951900011,
              10.455670547000068
            ],
            [
              125.2240564560001,
              10.455693141000038
            ],
            [
              125.22404420400005,
              10.45572477300004
            ],
            [
              125.22403195000004,
              10.455741343000055
            ],
            [
              125.22402122900009,
              10.45576695000005
            ],
            [
              125.22401816700007,
              10.455785025000068
            ],
            [
              125.2240166360001,
              10.455818163000059
            ],
            [
              125.22401204000003,
              10.45584075800002
            ],
            [
              125.22399978900013,
              10.45586636400003
            ],
            [
              125.22399059900009,
              10.455901010000048
            ],
            [
              125.223973752,
              10.455950717000064
            ],
            [
              125.22396149900011,
              10.456007955000075
            ],
            [
              125.22394005800004,
              10.456068207000042
            ],
            [
              125.2239324000001,
              10.456098333000055
            ],
            [
              125.2238956420001,
              10.456172142000073
            ],
            [
              125.22389104600008,
              10.456184191000032
            ],
            [
              125.22388491900007,
              10.456194736000043
            ],
            [
              125.22385581900005,
              10.456227875000025
            ],
            [
              125.22384816900002,
              10.456251116000033
            ],
            [
              125.22384051100005,
              10.456260153000072
            ],
            [
              125.22382672700009,
              10.456282747000044
            ],
            [
              125.2238098790001,
              10.456320405000042
            ],
            [
              125.22377618200005,
              10.456383669000047
            ],
            [
              125.22375320700007,
              10.456418314000077
            ],
            [
              125.22373482900002,
              10.456452959000043
            ],
            [
              125.22367509500009,
              10.456543337000028
            ],
            [
              125.22365824700013,
              10.456573463000039
            ],
            [
              125.22365212000012,
              10.456590033000053
            ],
            [
              125.22364752500006,
              10.456597564000047
            ],
            [
              125.223629146,
              10.456621665000057
            ],
            [
              125.22360617100003,
              10.456665348000055
            ],
            [
              125.22360310800003,
              10.456677398000068
            ],
            [
              125.22359085500011,
              10.456701499000074
            ],
            [
              125.22356481600002,
              10.456736144000049
            ],
            [
              125.22355715900007,
              10.456751206000035
            ],
            [
              125.22352805800007,
              10.45678735800004
            ],
            [
              125.22351274000006,
              10.456809953000059
            ],
            [
              125.22342237300008,
              10.456909369000075
            ],
            [
              125.22339939800008,
              10.45692593900003
            ],
            [
              125.22339327100008,
              10.456931964000033
            ],
            [
              125.22336968700004,
              10.456962600000054
            ],
            [
              125.22335437100003,
              10.456979170000068
            ],
            [
              125.22330995200002,
              10.457013815000037
            ],
            [
              125.22327931800008,
              10.457045448000029
            ],
            [
              125.22326553300003,
              10.45705749900003
            ],
            [
              125.2232349000001,
              10.45709063700002
            ],
            [
              125.22320426600004,
              10.457116245000064
            ],
            [
              125.22317822800007,
              10.457147877000066
            ],
            [
              125.22315984800002,
              10.457162941000034
            ],
            [
              125.22310011200013,
              10.45720059900003
            ],
            [
              125.22307254200005,
              10.457221688000061
            ],
            [
              125.22303578200001,
              10.457256333000032
            ],
            [
              125.22300514800008,
              10.457281940000028
            ],
            [
              125.22297757800006,
              10.457303029000055
            ],
            [
              125.22293468900013,
              10.457331649000023
            ],
            [
              125.22291784200003,
              10.457351768000024
            ],
            [
              125.2228902720001,
              10.457372856000061
            ],
            [
              125.22287036000012,
              10.457393944000048
            ],
            [
              125.22282134600006,
              10.45743160300003
            ],
            [
              125.22279837100007,
              10.457461729000046
            ],
            [
              125.22276467400003,
              10.457528006000075
            ],
            [
              125.22274782600005,
              10.457567169000068
            ],
            [
              125.22273097900008,
              10.457594283000047
            ],
            [
              125.22272485200004,
              10.45761386500004
            ],
            [
              125.22271719500009,
              10.457648509000022
            ],
            [
              125.22269268900006,
              10.457696710000052
            ],
            [
              125.22268656200005,
              10.457719306000058
            ],
            [
              125.22268656300001,
              10.457731356000071
            ],
            [
              125.22268196800007,
              10.457753949000045
            ],
            [
              125.22268529200007,
              10.45778912700007
            ],
            [
              125.22266997700001,
              10.457884024000064
            ],
            [
              125.22267151000005,
              10.457917161000069
            ],
            [
              125.22266997800013,
              10.457935236000026
            ],
            [
              125.22265466300007,
              10.458004526000025
            ],
            [
              125.22265313200012,
              10.458043689000023
            ],
            [
              125.22264547500004,
              10.458078333000058
            ],
            [
              125.22263781800005,
              10.45813858400004
            ],
            [
              125.22263322300012,
              10.45816268500005
            ],
            [
              125.2226270970001,
              10.458182268000026
            ],
            [
              125.22262250200004,
              10.458215405000033
            ],
            [
              125.22261178200007,
              10.458260593000034
            ],
            [
              125.2226102500001,
              10.45827264300004
            ],
            [
              125.22261098600005,
              10.458300266000036
            ],
            [
              125.2226027800001,
              10.458344936000058
            ],
            [
              125.22258847700004,
              10.458443402000057
            ],
            [
              125.22257989600008,
              10.45847153500006
            ],
            [
              125.22257417500009,
              10.458508108000046
            ],
            [
              125.22255987300004,
              10.458553122000069
            ],
            [
              125.22255701200004,
              10.458575628000062
            ],
            [
              125.22256145500012,
              10.458610908000026
            ],
            [
              125.22256340100012,
              10.458642604000032
            ],
            [
              125.22254990300009,
              10.458786944000051
            ],
            [
              125.22254135700008,
              10.45890048600006
            ],
            [
              125.22254302300007,
              10.458948149000035
            ],
            [
              125.22253661600008,
              10.459005873000024
            ],
            [
              125.22254235200013,
              10.459039476000042
            ],
            [
              125.22254272400004,
              10.45905119400004
            ],
            [
              125.22254083000009,
              10.459060457000021
            ],
            [
              125.22254425200003,
              10.459133778000023
            ],
            [
              125.22254687800012,
              10.45926652600002
            ],
            [
              125.22255280000002,
              10.459315371000057
            ],
            [
              125.22256032900007,
              10.459350223000056
            ],
            [
              125.22256400800008,
              10.45936066100006
            ],
            [
              125.2225641770001,
              10.459374635000072
            ],
            [
              125.22256175500002,
              10.459385982000073
            ],
            [
              125.22256462200005,
              10.45941131500007
            ],
            [
              125.22257020400002,
              10.45943221300007
            ],
            [
              125.22256859700009,
              10.459446207000042
            ],
            [
              125.22256519300004,
              10.459458477000055
            ],
            [
              125.22256722300006,
              10.459479416000022
            ],
            [
              125.22258181300003,
              10.459510689000066
            ],
            [
              125.22258737500012,
              10.45952984100006
            ],
            [
              125.22258756500001,
              10.459545562000073
            ],
            [
              125.22259861500004,
              10.45957025800004
            ],
            [
              125.22260095100012,
              10.459624017000069
            ],
            [
              125.22259936500006,
              10.459639757000048
            ],
            [
              125.22260141600009,
              10.45966244300007
            ],
            [
              125.22260704100007,
              10.459686835000069
            ],
            [
              125.22261255900004,
              10.459702492000076
            ],
            [
              125.2226271510001,
              10.459733766000054
            ],
            [
              125.22262911700012,
              10.459749466000062
            ],
            [
              125.22263461400009,
              10.459763377000058
            ],
            [
              125.22264560100008,
              10.459782210000068
            ],
            [
              125.222737574,
              10.460050416000056
            ],
            [
              125.22274300900006,
              10.460059087000047
            ],
            [
              125.22277189600005,
              10.460124833000066
            ],
            [
              125.22279151300005,
              10.460259383000052
            ],
            [
              125.22280075200001,
              10.460279746000026
            ],
            [
              125.22280680000006,
              10.460339070000032
            ],
            [
              125.22282329400004,
              10.460380804000065
            ],
            [
              125.22282710000003,
              10.460401723000075
            ],
            [
              125.22283291500004,
              10.46044183400005
            ],
            [
              125.22283340100012,
              10.46048200900003
            ],
            [
              125.22283892100006,
              10.460497667000029
            ],
            [
              125.22284799300007,
              10.460513282000019
            ],
            [
              125.22285735900005,
              10.460553352000032
            ],
            [
              125.22285801600002,
              10.460607500000037
            ],
            [
              125.22285659900001,
              10.46063721400003
            ],
            [
              125.22285877800003,
              10.460670381000055
            ],
            [
              125.22286827300003,
              10.460720931000026
            ],
            [
              125.2228706200001,
              10.460768071000077
            ],
            [
              125.22287660500002,
              10.460822156000063
            ],
            [
              125.22287886800007,
              10.460862309000047
            ],
            [
              125.22288808700011,
              10.460890152000047
            ],
            [
              125.22289946700003,
              10.460982248000052
            ],
            [
              125.22290356700013,
              10.460998352000045
            ],
            [
              125.22290360900001,
              10.46111780000007
            ],
            [
              125.22289816200008,
              10.461154039000062
            ],
            [
              125.22289816600005,
              10.461163433000022
            ],
            [
              125.22289407500011,
              10.461175514000047
            ],
            [
              125.22289407900008,
              10.46118625100007
            ],
            [
              125.22288590600012,
              10.461230542000067
            ],
            [
              125.2228831860001,
              10.461258727000029
            ],
            [
              125.22287909700003,
              10.46127617600007
            ],
            [
              125.22287910500006,
              10.461297650000063
            ],
            [
              125.22288457100002,
              10.461319122000077
            ],
            [
              125.22288324100009,
              10.461369925000042
            ],
            [
              125.22287848300006,
              10.461417149000054
            ],
            [
              125.22287332400003,
              10.46143118500004
            ],
            [
              125.22286824800005,
              10.461452207000034
            ],
            [
              125.22286846100006,
              10.461469675000043
            ],
            [
              125.22286505700005,
              10.461481943000022
            ],
            [
              125.2228635130001,
              10.46150117700006
            ],
            [
              125.22286541600012,
              10.461511637000058
            ],
            [
              125.22286021500008,
              10.46152217900004
            ],
            [
              125.2228461530001,
              10.461534572000062
            ],
            [
              125.22284103600009,
              10.461552102000038
            ],
            [
              125.22282354800006,
              10.461575018000076
            ],
            [
              125.22281299700013,
              10.461583875000029
            ],
            [
              125.22280075300012,
              10.461599741000043
            ],
            [
              125.22279918900006,
              10.461617229000069
            ],
            [
              125.22280464500012,
              10.461627647000055
            ],
            [
              125.22281183500002,
              10.461634550000044
            ],
            [
              125.22281553500012,
              10.461646735000041
            ],
            [
              125.22281752300012,
              10.461664181000058
            ],
            [
              125.2228123640001,
              10.461678217000038
            ],
            [
              125.22280189600006,
              10.461694064000024
            ],
            [
              125.22279847100005,
              10.461704584000069
            ],
            [
              125.2227879410001,
              10.461715189000076
            ],
            [
              125.2227757830001,
              10.461738042000034
            ],
            [
              125.2227565830001,
              10.461766218000035
            ],
            [
              125.22275322100008,
              10.461781980000069
            ],
            [
              125.2227533900001,
              10.461795953000033
            ],
            [
              125.2227552930001,
              10.461806413000032
            ],
            [
              125.22275021800012,
              10.461827435000032
            ],
            [
              125.22274861100004,
              10.461841430000048
            ],
            [
              125.222752291,
              10.461851868000053
            ],
            [
              125.22274895000011,
              10.461869377000028
            ],
            [
              125.22275110700002,
              10.461900796000066
            ],
            [
              125.2227477660001,
              10.461918305000037
            ],
            [
              125.22273569200003,
              10.461948144000072
            ],
            [
              125.2227291160001,
              10.461991896000027
            ],
            [
              125.22272397700009,
              10.462007678000077
            ],
            [
              125.22270653300006,
              10.462034086000074
            ],
            [
              125.22268658500002,
              10.462048914000038
            ],
            [
              125.22266040800004,
              10.462087654000072
            ],
            [
              125.22263778200009,
              10.462126351000052
            ],
            [
              125.22263260200009,
              10.462138640000035
            ],
            [
              125.22262921800007,
              10.462152655000068
            ],
            [
              125.22262964200002,
              10.46218758900005
            ],
            [
              125.22262623600011,
              10.462199858000073
            ],
            [
              125.22262042300008,
              10.46220831000005
            ],
            [
              125.22261605200005,
              10.46221906800002
            ],
            [
              125.22261277600012,
              10.462235742000079
            ],
            [
              125.22260348600004,
              10.462257257000033
            ],
            [
              125.22258872500004,
              10.462273936000031
            ],
            [
              125.22257451500002,
              10.462304057000038
            ],
            [
              125.22256413000001,
              10.462319657000021
            ],
            [
              125.22254280700008,
              10.462340102000041
            ],
            [
              125.22253679500012,
              10.462351398000067
            ],
            [
              125.22253406500009,
              10.462364844000033
            ],
            [
              125.22252367900013,
              10.462382058000058
            ],
            [
              125.22251001000006,
              10.462391743000067
            ],
            [
              125.22246058500001,
              10.46245685200006
            ],
            [
              125.22243729600007,
              10.462520681000054
            ],
            [
              125.22240762900003,
              10.462564703000053
            ],
            [
              125.22239363100006,
              10.462582336000025
            ],
            [
              125.2223567950001,
              10.46262120000006
            ],
            [
              125.22231807700005,
              10.46265135200002
            ],
            [
              125.22227578700004,
              10.46267979800007
            ],
            [
              125.22216991000005,
              10.462738688000059
            ],
            [
              125.22214517100008,
              10.462749459000063
            ],
            [
              125.22209930600002,
              10.462776200000066
            ],
            [
              125.22207287400012,
              10.462793979000026
            ],
            [
              125.22205001600004,
              10.46281346400002
            ],
            [
              125.2219953550001,
              10.462847297000055
            ],
            [
              125.22191229500004,
              10.462883207000063
            ],
            [
              125.22184348800009,
              10.46292244700004
            ],
            [
              125.22179758100005,
              10.462945694000041
            ],
            [
              125.221748057,
              10.462963743000048
            ],
            [
              125.22171803200001,
              10.462978071000066
            ],
            [
              125.22167028500007,
              10.462996099000064
            ],
            [
              125.22164556599999,
              10.463008617000071
            ],
            [
              125.22158915000011,
              10.46304421700006
            ],
            [
              125.22155032700005,
              10.463065634000031
            ],
            [
              125.2215274680001,
              10.463085118000038
            ],
            [
              125.2214922600001,
              10.463111735000039
            ],
            [
              125.22146946500006,
              10.463136459000056
            ],
            [
              125.22145197500004,
              10.463159181000036
            ],
            [
              125.22142757400002,
              10.463197900000067
            ],
            [
              125.22138608700003,
              10.463292721000071
            ],
            [
              125.22137921500008,
              10.463312019000057
            ],
            [
              125.22136570200007,
              10.46336982500003
            ],
            [
              125.22136422300004,
              10.46339430000006
            ],
            [
              125.2213646660001,
              10.463430980000055
            ],
            [
              125.22136862100001,
              10.463464126000074
            ],
            [
              125.22137420400007,
              10.46348502400002
            ],
            [
              125.2213888570001,
              10.463521538000066
            ],
            [
              125.22141233,
              10.463552709000055
            ],
            [
              125.22143565400005,
              10.463571651000052
            ],
            [
              125.2214607100001,
              10.463587080000025
            ],
            [
              125.2214679220001,
              10.463595731000053
            ],
            [
              125.22147526000005,
              10.463614862000043
            ],
            [
              125.22148086200004,
              10.463637507000044
            ],
            [
              125.22148302000005,
              10.463668925000036
            ],
            [
              125.22149570900002,
              10.46368999600003
            ],
            [
              125.22149774000003,
              10.46371093600004
            ],
            [
              125.22149826900011,
              10.46375460300004
            ],
            [
              125.22149666200005,
              10.463768597000069
            ],
            [
              125.221499073,
              10.463820978000058
            ],
            [
              125.22150139900008,
              10.464013114000068
            ],
            [
              125.22149666400003,
              10.464062085000023
            ],
            [
              125.22150066000006,
              10.464098723000063
            ],
            [
              125.22149915900002,
              10.46412145200003
            ],
            [
              125.22149583900013,
              10.464140706000023
            ],
            [
              125.22148395600004,
              10.464186267000056
            ],
            [
              125.2214824550001,
              10.464208993000057
            ],
            [
              125.22148522500004,
              10.464291067000033
            ],
            [
              125.22148374500011,
              10.464315542000065
            ],
            [
              125.22148761500011,
              10.46434170000003
            ],
            [
              125.22148254000003,
              10.464362723000022
            ],
            [
              125.22147562500004,
              10.464378527000067
            ],
            [
              125.22147945200004,
              10.464401192000025
            ],
            [
              125.2214778030001,
              10.464411693000043
            ],
            [
              125.221478036,
              10.464430907000063
            ],
            [
              125.2214764920001,
              10.464450141000047
            ],
            [
              125.22146955700009,
              10.464464198000032
            ],
            [
              125.22146792800002,
              10.464476445000061
            ],
            [
              125.22146105600008,
              10.464495742000052
            ],
            [
              125.22146488200009,
              10.464518408000057
            ],
            [
              125.22146327500002,
              10.464532402000032
            ],
            [
              125.22144069200009,
              10.464574593000066
            ],
            [
              125.22143731000007,
              10.464588608000042
            ],
            [
              125.2214375210001,
              10.46460607600005
            ],
            [
              125.22143069100004,
              10.464628866000055
            ],
            [
              125.22143086000005,
              10.464642839000021
            ],
            [
              125.22143276300007,
              10.464653299000073
            ],
            [
              125.22143464500004,
              10.464662012000073
            ],
            [
              125.22144010100011,
              10.464672429000073
            ],
            [
              125.22145991500008,
              10.464694907000021
            ],
            [
              125.22147067800007,
              10.464703516000043
            ],
            [
              125.22147960100004,
              10.464706905000071
            ],
            [
              125.22148858800006,
              10.464715536000025
            ],
            [
              125.2214868970001,
              10.464722542000057
            ],
            [
              125.22147478800002,
              10.464749602000039
            ],
            [
              125.22146971400002,
              10.464770624000037
            ],
            [
              125.22147906100008,
              10.464808948000043
            ],
            [
              125.22147434600005,
              10.464859665000063
            ],
            [
              125.22146597100006,
              10.464901689000042
            ],
            [
              125.22146275800002,
              10.464929679000024
            ],
            [
              125.22146480900004,
              10.464952364000053
            ],
            [
              125.22146546500007,
              10.46500651100007
            ],
            [
              125.221473585,
              10.465090270000076
            ],
            [
              125.22147944200002,
              10.46513387500005
            ],
            [
              125.22147969600009,
              10.465154836000067
            ],
            [
              125.22147811000004,
              10.465170576000046
            ],
            [
              125.22148195000011,
              10.465194219000068
            ],
            [
              125.2214785230001,
              10.465204739000056
            ],
            [
              125.22147879900001,
              10.46522744600003
            ],
            [
              125.221472435,
              10.46528866500006
            ],
            [
              125.22145729500004,
              10.465358719000049
            ],
            [
              125.22145921800006,
              10.46537092600005
            ],
            [
              125.22146467400013,
              10.465381343000047
            ],
            [
              125.22149349600012,
              10.465414197000028
            ],
            [
              125.22150280100003,
              10.46544902700003
            ],
            [
              125.22150690200012,
              10.465494400000068
            ],
            [
              125.22150536000004,
              10.465513634000045
            ],
            [
              125.22150688300006,
              10.465639397000077
            ],
            [
              125.2215055710001,
              10.465677844000027
            ],
            [
              125.22149768500005,
              10.465760042000056
            ],
            [
              125.22149808500001,
              10.46579323000003
            ],
            [
              125.22150187200009,
              10.46581240200004
            ],
            [
              125.22150591000002,
              10.465852534000021
            ],
            [
              125.22150639700008,
              10.465892709000057
            ],
            [
              125.22150487400006,
              10.465913689000045
            ],
            [
              125.22150705300011,
              10.465946856000071
            ],
            [
              125.22151088000011,
              10.46596952100003
            ],
            [
              125.22151102800002,
              10.465981748000049
            ],
            [
              125.22152991100006,
              10.466074115000023
            ],
            [
              125.2215358750001,
              10.466126453000076
            ],
            [
              125.22154694500013,
              10.466160434000074
            ],
            [
              125.22155295000006,
              10.466216266000062
            ],
            [
              125.22156826000003,
              10.466306928000051
            ],
            [
              125.2215738430001,
              10.466327826000056
            ],
            [
              125.22160129100008,
              10.466393888000026
            ],
            [
              125.22160685300003,
              10.466413040000075
            ],
            [
              125.2216200900001,
              10.466479269000045
            ],
            [
              125.22163117100001,
              10.466514078000044
            ],
            [
              125.22163869900011,
              10.466548929000055
            ],
            [
              125.22163590700008,
              10.466611851000039
            ],
            [
              125.22164639700009,
              10.466744495000057
            ],
            [
              125.2216471360001,
              10.466805630000064
            ],
            [
              125.2216444940001,
              10.466880779000062
            ],
            [
              125.22164119500009,
              10.466901781000047
            ],
            [
              125.22163772800002,
              10.466908809000076
            ],
            [
              125.22163445000001,
              10.466931559000045
            ],
            [
              125.22163472500006,
              10.466954266000071
            ],
            [
              125.22163870100006,
              10.466989158000047
            ],
            [
              125.22164069300004,
              10.467053282000052
            ],
            [
              125.22164259600005,
              10.46706374200005
            ],
            [
              125.22164989200007,
              10.467079379000038
            ],
            [
              125.22165549500006,
              10.467102024000042
            ],
            [
              125.22167387000002,
              10.46715247000003
            ],
            [
              125.22167981400001,
              10.467203062000067
            ],
            [
              125.22168897000005,
              10.467225665000058
            ],
            [
              125.22170571800007,
              10.467288359000067
            ],
            [
              125.22172409400001,
              10.467338805000052
            ],
            [
              125.2217333970001,
              10.467373635000062
            ],
            [
              125.22175160500002,
              10.467410107000033
            ],
            [
              125.22175896300008,
              10.467430985000021
            ],
            [
              125.22175899600006,
              10.467443476000026
            ],
            [
              125.22175228100002,
              10.467466002000036
            ],
            [
              125.22175243000002,
              10.46747822900005
            ],
            [
              125.221749089,
              10.467495738000025
            ],
            [
              125.22174215200005,
              10.467509794000023
            ],
            [
              125.22174048200009,
              10.467518548000042
            ],
            [
              125.2217406310001,
              10.467530775000057
            ],
            [
              125.22174615000006,
              10.467546433000052
            ],
            [
              125.22177509900007,
              10.46758976700005
            ],
            [
              125.22177700200007,
              10.467600227000046
            ],
            [
              125.22177537300003,
              10.467612474000079
            ],
            [
              125.22176492800008,
              10.467630067000073
            ],
            [
              125.2217617350001,
              10.467659801000023
            ],
            [
              125.22176186200011,
              10.467670282000029
            ],
            [
              125.2217655830001,
              10.46768421300004
            ],
            [
              125.22177106100004,
              10.467696378000028
            ],
            [
              125.22178188800002,
              10.467710226000065
            ],
            [
              125.22179806400004,
              10.467725759000073
            ],
            [
              125.22182855700011,
              10.467749860000024
            ],
            [
              125.22183767100013,
              10.467768970000066
            ],
            [
              125.22183597900005,
              10.46777597700003
            ],
            [
              125.22182559600003,
              10.467798808000056
            ],
            [
              125.22182037300003,
              10.467807604000026
            ],
            [
              125.22180459900005,
              10.467825259000051
            ],
            [
              125.22180125800003,
              10.467842767000036
            ],
            [
              125.22180151200007,
              10.467863728000053
            ],
            [
              125.22179963300006,
              10.467874797000036
            ],
            [
              125.22180352300006,
              10.468190833000053
            ],
            [
              125.22180041300011,
              10.468221514000048
            ],
            [
              125.22180042000002,
              10.468244525000044
            ],
            [
              125.22180198300009,
              10.468255264000048
            ],
            [
              125.22180042800005,
              10.468266001000075
            ],
            [
              125.22180044200002,
              10.468307420000029
            ],
            [
              125.22179888300002,
              10.46831509100002
            ],
            [
              125.22179734300005,
              10.468370317000053
            ],
            [
              125.22180518800008,
              10.46842142100007
            ],
            [
              125.22181115500007,
              10.468440547000057
            ],
            [
              125.22181115400008,
              10.468471901000044
            ],
            [
              125.22181497900009,
              10.468503255000028
            ],
            [
              125.22181497900009,
              10.468510779000042
            ],
            [
              125.22181115400008,
              10.468528337000064
            ],
            [
              125.22180605100006,
              10.468597315000068
            ],
            [
              125.2218149780001,
              10.468646228000068
            ],
            [
              125.22181880500011,
              10.468653752000023
            ],
            [
              125.22184431400002,
              10.468875959000059
            ],
            [
              125.22184275400004,
              10.468875960000048
            ],
            [
              125.2218521730001,
              10.469052371000034
            ],
            [
              125.22185842300007,
              10.46907998200004
            ],
            [
              125.22185998800012,
              10.469095321000054
            ],
            [
              125.22186000700005,
              10.46915208100006
            ],
            [
              125.22186314000008,
              10.469188897000038
            ],
            [
              125.2218615930001,
              10.469228782000071
            ],
            [
              125.22186472400006,
              10.469262530000037
            ],
            [
              125.22186316700005,
              10.469270202000073
            ],
            [
              125.22186320600008,
              10.469385255000075
            ],
            [
              125.22186009000008,
              10.469399061000047
            ],
            [
              125.22185853500002,
              10.469415936000075
            ],
            [
              125.22185854900012,
              10.46945275300004
            ],
            [
              125.2218616780001,
              10.469478831000059
            ],
            [
              125.2218679230001,
              10.469498772000065
            ],
            [
              125.22188001300002,
              10.469572342000049
            ],
            [
              125.22187363600005,
              10.469578613000069
            ],
            [
              125.22186598400002,
              10.469582375000073
            ],
            [
              125.22185705600009,
              10.469583629000054
            ],
            [
              125.22184557800006,
              10.469588646000032
            ],
            [
              125.22183665000011,
              10.469597425000071
            ],
            [
              125.22183665000011,
              10.469603695000046
            ],
            [
              125.22184175100006,
              10.46961498400003
            ],
            [
              125.22184940300008,
              10.469625016000066
            ],
            [
              125.22183664900002,
              10.469652607000057
            ],
            [
              125.22183409800003,
              10.469665148000045
            ],
            [
              125.22183409800003,
              10.469680198000047
            ],
            [
              125.22183792400004,
              10.469687724000035
            ],
            [
              125.22185450400004,
              10.469706536000045
            ],
            [
              125.22185577900005,
              10.469721585000057
            ],
            [
              125.22184940200009,
              10.46974165100005
            ],
            [
              125.22185067700003,
              10.469772083000066
            ],
            [
              125.22185705300001,
              10.469775845000072
            ],
            [
              125.22185832900006,
              10.469784625000045
            ],
            [
              125.22185450300005,
              10.469794657000023
            ],
            [
              125.22184430000006,
              10.469802181000034
            ],
            [
              125.22181879200004,
              10.46980719800007
            ],
            [
              125.22181241500006,
              10.469813469000028
            ],
            [
              125.22180603800005,
              10.469823501000064
            ],
            [
              125.22179455900006,
              10.46983479000005
            ],
            [
              125.22178563200009,
              10.469847330000052
            ],
            [
              125.22178180600008,
              10.469857364000061
            ],
            [
              125.22178308100003,
              10.469872413000076
            ],
            [
              125.22179073300005,
              10.46991380000003
            ],
            [
              125.22179455900006,
              10.469925087000036
            ],
            [
              125.22180093600004,
              10.469932612000036
            ],
            [
              125.22181341700002,
              10.469941308000045
            ],
            [
              125.22179542600009,
              10.470154024000069
            ],
            [
              125.22174759100004,
              10.470396374000073
            ],
            [
              125.22175789100005,
              10.47048724500007
            ],
            [
              125.22176415900003,
              10.47058469400002
            ],
            [
              125.22176416700006,
              10.470608618000028
            ],
            [
              125.22177228900011,
              10.470644500000047
            ],
            [
              125.22177231100011,
              10.470708295000065
            ],
            [
              125.22177637700007,
              10.470740191000063
            ],
            [
              125.22178449900002,
              10.47077607400007
            ],
            [
              125.2218129050001,
              10.470843847000026
            ],
            [
              125.22182102400005,
              10.470871756000061
            ],
            [
              125.22182915500004,
              10.470931561000043
            ],
            [
              125.22183322400008,
              10.470975418000021
            ],
            [
              125.2218413490001,
              10.47101927500006
            ],
            [
              125.22184542100001,
              10.471071107000057
            ],
            [
              125.22184138000013,
              10.471110980000049
            ],
            [
              125.2218454450001,
              10.471138890000073
            ],
            [
              125.22185761800006,
              10.471166796000032
            ],
            [
              125.22186167900009,
              10.471182743000044
            ],
            [
              125.22186979500009,
              10.471202677000061
            ],
            [
              125.22187793200008,
              10.471282418000046
            ],
            [
              125.22189011500006,
              10.471338235000076
            ],
            [
              125.22190634900005,
              10.47138208900003
            ],
            [
              125.22191448900004,
              10.471473792000042
            ],
            [
              125.22192667300011,
              10.471533595000038
            ],
            [
              125.22197132700013,
              10.47168070400005
            ],
            [
              125.22197539500007,
              10.471720575000061
            ],
            [
              125.2219794570001,
              10.471744497000032
            ],
            [
              125.2219956880001,
              10.471780376000023
            ],
            [
              125.22200786300004,
              10.471812269000052
            ],
            [
              125.22202004300006,
              10.471856125000045
            ],
            [
              125.22203221600012,
              10.471880044000045
            ],
            [
              125.22204033500009,
              10.47190795100005
            ],
            [
              125.22208903400009,
              10.472035525000022
            ],
            [
              125.2221052650001,
              10.472071405000065
            ],
            [
              125.22212555100009,
              10.47210728300007
            ],
            [
              125.22215396000001,
              10.47217904300004
            ],
            [
              125.2221580260001,
              10.472214926000046
            ],
            [
              125.22217020100004,
              10.472246820000066
            ],
            [
              125.22219050000002,
              10.47231858300006
            ],
            [
              125.22219456800009,
              10.472358453000028
            ],
            [
              125.22219458200006,
              10.47240231400002
            ],
            [
              125.22219864700003,
              10.472434209000024
            ],
            [
              125.22222300400006,
              10.472513946000051
            ],
            [
              125.22223112100005,
              10.47253786500005
            ],
            [
              125.2222473500001,
              10.472565770000074
            ],
            [
              125.22232442800009,
              10.472681374000047
            ],
            [
              125.22234876800009,
              10.47271326300006
            ],
            [
              125.22239338500003,
              10.472757108000051
            ],
            [
              125.22243394400006,
              10.472788992000059
            ],
            [
              125.22247855900001,
              10.472828849000047
            ],
            [
              125.22255562000011,
              10.472888632000036
            ],
            [
              125.22263267800008,
              10.472940440000059
            ],
            [
              125.22268134300009,
              10.47296434800006
            ],
            [
              125.22271378800009,
              10.472984272000076
            ],
            [
              125.22275433900005,
              10.473000208000029
            ],
            [
              125.22278678500005,
              10.473020133000034
            ],
            [
              125.22284356100009,
              10.473048025000027
            ],
            [
              125.22292872700007,
              10.473095843000065
            ],
            [
              125.22296117200004,
              10.47311576900006
            ],
            [
              125.22301449300005,
              10.473154401000043
            ],
            [
              125.22305504700012,
              10.473170336000067
            ],
            [
              125.2231402110001,
              10.473210180000022
            ],
            [
              125.22318076600003,
              10.473234089000073
            ],
            [
              125.22329026500006,
              10.473289874000043
            ],
            [
              125.22331460000008,
              10.473309801000028
            ],
            [
              125.22335110100006,
              10.473333712000056
            ],
            [
              125.22342410100009,
              10.473377547000043
            ],
            [
              125.22351333100004,
              10.473449287000049
            ],
            [
              125.22353361300009,
              10.473473203000026
            ],
            [
              125.22357011700001,
              10.473505088000024
            ],
            [
              125.22359445300003,
              10.473529003000067
            ],
            [
              125.22366340500002,
              10.47358878800003
            ],
            [
              125.22376885100003,
              10.473656535000032
            ],
            [
              125.22381346200008,
              10.473680444000028
            ],
            [
              125.22384590800006,
              10.473704355000054
            ],
            [
              125.22391486100003,
              10.473768127000028
            ],
            [
              125.22398380700007,
              10.473811963000058
            ],
            [
              125.224012194,
              10.473823915000027
            ],
            [
              125.22405275000006,
              10.473847825000064
            ],
            [
              125.22409736300006,
              10.47387970700004
            ],
            [
              125.22410547700007,
              10.473891666000043
            ],
            [
              125.22412981200013,
              10.47391159500006
            ],
            [
              125.22416225600011,
              10.47392753200006
            ],
            [
              125.22419875300012,
              10.473939482000048
            ],
            [
              125.22423119600012,
              10.473955419000049
            ],
            [
              125.22427985900003,
              10.473975339000047
            ],
            [
              125.2243001380001,
              10.47398729400004
            ],
            [
              125.22432447300002,
              10.474007222000067
            ],
            [
              125.22434475400007,
              10.474031138000042
            ],
            [
              125.22438937200002,
              10.474070995000034
            ],
            [
              125.2244420940001,
              10.474102875000026
            ],
            [
              125.22449075800012,
              10.474122795000028
            ],
            [
              125.2245069810001,
              10.474134751000063
            ],
            [
              125.22456375700006,
              10.474162642000065
            ],
            [
              125.22461242100009,
              10.474182562000065
            ],
            [
              125.22464892100004,
              10.474202487000067
            ],
            [
              125.22467731400002,
              10.474226400000076
            ],
            [
              125.22473814800004,
              10.47426226400006
            ],
            [
              125.22476653600006,
              10.47427421700007
            ],
            [
              125.22485981600005,
              10.474333994000064
            ],
            [
              125.22487198500005,
              10.47434595200002
            ],
            [
              125.22488415500005,
              10.474361896000062
            ],
            [
              125.22489227200005,
              10.47438581700004
            ],
            [
              125.22489633600003,
              10.474409739000068
            ],
            [
              125.22489581200013,
              10.474549607000027
            ],
            [
              125.22489987900008,
              10.474585492000072
            ],
            [
              125.22491610400003,
              10.474601434000023
            ],
            [
              125.22493232500005,
              10.474609403000043
            ],
            [
              125.22496070900003,
              10.474609393000035
            ]
          ]
        ]
      },
      "properties": {
        "gid": 11,
        "administra": 4,
        "admin_leve": "Barangay level 4",
        "shape0": "philippines",
        "shape1": "Eastern Visayas",
        "shape2": "Southern Leyte",
        "shape3": "Hinunangan",
        "shape4": "San Pedro Island",
        "serial_id": 11,
        "style_info": "",
        "view_zoom_": "",
        "travel_via": "",
        "bearing_an": null,
        "bearing_di": null,
        "created_at": "2026-09-23T00:00:00.000Z",
        "modified_a": "2026-09-23T00:00:00.000Z",
        "geocoded_a": "",
        "properties": ""
      }
    },
    {
      "type": "Feature",
      "geometry": {
        "bbox": [
          125.18440332500008,
          10.343304645000046,
          125.21524269700002,
          10.377230675000021
        ],
        "type": "Polygon",
        "coordinates": [
          [
            [
              125.21274746000006,
              10.377174020000039
            ],
            [
              125.212835734,
              10.37716276800006
            ],
            [
              125.21295467200004,
              10.377174221000075
            ],
            [
              125.21306967200009,
              10.377185659000075
            ],
            [
              125.21322276300009,
              10.377186050000036
            ],
            [
              125.21353930200007,
              10.377222955000036
            ],
            [
              125.21372312100004,
              10.377207426000039
            ],
            [
              125.21385339500013,
              10.37712815800006
            ],
            [
              125.21385722500008,
              10.377124400000069
            ],
            [
              125.21393761700007,
              10.377049256000019
            ],
            [
              125.21400631900008,
              10.376911413000073
            ],
            [
              125.21408634200007,
              10.376764871000033
            ],
            [
              125.21412046500008,
              10.376656117000037
            ],
            [
              125.21410881900012,
              10.376569914000072
            ],
            [
              125.21405532700011,
              10.37649465600003
            ],
            [
              125.21399800300003,
              10.376457039000059
            ],
            [
              125.21385660600005,
              10.376434732000062
            ],
            [
              125.21367711200004,
              10.376446355000041
            ],
            [
              125.213460198,
              10.376450303000066
            ],
            [
              125.21333795600005,
              10.37642297100007
            ],
            [
              125.21318133000011,
              10.376396812000054
            ],
            [
              125.21305889700011,
              10.376351780000048
            ],
            [
              125.2129132010001,
              10.376291605000063
            ],
            [
              125.21288248400003,
              10.37622759900006
            ],
            [
              125.2128823920001,
              10.376125915000047
            ],
            [
              125.2129590190001,
              10.37604318000007
            ],
            [
              125.21296668200013,
              10.37603942800007
            ],
            [
              125.21297434400005,
              10.376035677000058
            ],
            [
              125.21307004600011,
              10.375986934000025
            ],
            [
              125.21308535100002,
              10.37598320300003
            ],
            [
              125.21309300300004,
              10.375983218000044
            ],
            [
              125.21320003800008,
              10.375960880000036
            ],
            [
              125.2132153140001,
              10.375957155000037
            ],
            [
              125.21334136700011,
              10.375953295000045
            ],
            [
              125.21344459100008,
              10.37598315900004
            ],
            [
              125.21345988800012,
              10.375994415000038
            ],
            [
              125.21357846500007,
              10.376054375000024
            ],
            [
              125.21369710500004,
              10.37609554100004
            ],
            [
              125.21378522500005,
              10.376072778000038
            ],
            [
              125.21379289200003,
              10.376068997000061
            ],
            [
              125.21382746100004,
              10.376004884000054
            ],
            [
              125.21383130400012,
              10.375997339000035
            ],
            [
              125.21383522200007,
              10.375929484000041
            ],
            [
              125.21382371600008,
              10.375861708000059
            ],
            [
              125.2137776300001,
              10.375780921000059
            ],
            [
              125.21371624000005,
              10.375713271000052
            ],
            [
              125.21370075600008,
              10.375626799000031
            ],
            [
              125.21368515100005,
              10.375506594000058
            ],
            [
              125.21368514100003,
              10.375502838000045
            ],
            [
              125.21368485400001,
              10.375390226000034
            ],
            [
              125.21367696500012,
              10.375292705000048
            ],
            [
              125.21363857200005,
              10.375213506000021
            ],
            [
              125.21358873900012,
              10.37513099600005
            ],
            [
              125.21353129800002,
              10.375048539000034
            ],
            [
              125.21343575000003,
              10.374977405000038
            ],
            [
              125.21333261300002,
              10.374902567000046
            ],
            [
              125.21325239300006,
              10.374809029000062
            ],
            [
              125.21323326800005,
              10.374752869000078
            ],
            [
              125.2131506500001,
              10.374544633000028
            ],
            [
              125.21313195700009,
              10.374424026000042
            ],
            [
              125.21313558100007,
              10.374321688000066
            ],
            [
              125.21313557400005,
              10.374314378000063
            ],
            [
              125.21318749500006,
              10.374197529000071
            ],
            [
              125.21319491400006,
              10.374186585000073
            ],
            [
              125.21326538900006,
              10.374098968000055
            ],
            [
              125.21327281700009,
              10.37409894800004
            ],
            [
              125.21344371800001,
              10.373955734000049
            ],
            [
              125.2134660590001,
              10.37394461200006
            ],
            [
              125.21347350800012,
              10.373944570000047
            ],
            [
              125.21359284300001,
              10.37384479800005
            ],
            [
              125.21360404000005,
              10.373844727000062
            ],
            [
              125.21376479200002,
              10.373788551000075
            ],
            [
              125.21376853400011,
              10.373788526000055
            ],
            [
              125.21385807100012,
              10.373754304000043
            ],
            [
              125.2139324530001,
              10.373719431000037
            ],
            [
              125.21396431200002,
              10.373674103000042
            ],
            [
              125.21396071300002,
              10.373614805000043
            ],
            [
              125.21399257100005,
              10.373551998000035
            ],
            [
              125.21404932200005,
              10.373527527000022
            ],
            [
              125.21405642,
              10.373524030000056
            ],
            [
              125.21414166000012,
              10.373502997000061
            ],
            [
              125.21421277900004,
              10.373488944000032
            ],
            [
              125.21423056700009,
              10.373481934000042
            ],
            [
              125.21428039800003,
              10.373460896000038
            ],
            [
              125.21432665900012,
              10.373394381000024
            ],
            [
              125.214337289,
              10.37332440700004
            ],
            [
              125.21500140700003,
              10.372778968000032
            ],
            [
              125.21511267500011,
              10.372559488000036
            ],
            [
              125.21524269700002,
              10.37244342400004
            ],
            [
              125.21239916100001,
              10.369379168000023
            ],
            [
              125.20557664900004,
              10.364370497000039
            ],
            [
              125.19350829900009,
              10.343304645000046
            ],
            [
              125.18440332500008,
              10.34704014400006
            ],
            [
              125.19033474700005,
              10.355935747000045
            ],
            [
              125.19086543900004,
              10.356678715000045
            ],
            [
              125.19444514500003,
              10.361965579000069
            ],
            [
              125.20280203200002,
              10.368722747000048
            ],
            [
              125.2126976520001,
              10.377230675000021
            ],
            [
              125.21274746000006,
              10.377174020000039
            ]
          ]
        ]
      },
      "properties": {
        "gid": 19,
        "administra": 4,
        "admin_leve": "Barangay level 4",
        "shape0": "philippines",
        "shape1": "Eastern Visayas",
        "shape2": "Southern Leyte",
        "shape3": "Hinunangan",
        "shape4": "Salvacion",
        "serial_id": 19,
        "style_info": "",
        "view_zoom_": "",
        "travel_via": "",
        "bearing_an": null,
        "bearing_di": null,
        "created_at": "2026-09-23T00:00:00.000Z",
        "modified_a": "2026-09-23T00:00:00.000Z",
        "geocoded_a": "",
        "properties": ""
      }
    },
    {
      "type": "Feature",
      "geometry": {
        "bbox": [
          125.1776803260001,
          10.355935747000045,
          125.19444514500003,
          10.377337580000074
        ],
        "type": "Polygon",
        "coordinates": [
          [
            [
              125.19281073500007,
              10.364390833000073
            ],
            [
              125.19444514500003,
              10.361965579000069
            ],
            [
              125.19086543900004,
              10.356678715000045
            ],
            [
              125.19033474700005,
              10.355935747000045
            ],
            [
              125.188477325,
              10.358854553000072
            ],
            [
              125.1776803260001,
              10.374043695000067
            ],
            [
              125.17805288900003,
              10.374241819000074
            ],
            [
              125.17868988600003,
              10.374495612000032
            ],
            [
              125.17931304500007,
              10.37457482800005
            ],
            [
              125.18018682800006,
              10.374509316000058
            ],
            [
              125.180579812,
              10.374428797000062
            ],
            [
              125.18097271400008,
              10.374274963000062
            ],
            [
              125.18131444000005,
              10.374074972000074
            ],
            [
              125.1819241720001,
              10.373678578000066
            ],
            [
              125.18226886800005,
              10.373596919000018
            ],
            [
              125.18257407900012,
              10.37359094800007
            ],
            [
              125.18278851700006,
              10.373657934000049
            ],
            [
              125.1829376060001,
              10.373760786000048
            ],
            [
              125.18302692300006,
              10.37389231000003
            ],
            [
              125.18305653400012,
              10.374045254000062
            ],
            [
              125.18307125300011,
              10.374263830000075
            ],
            [
              125.18307113700008,
              10.374453388000063
            ],
            [
              125.18308578200003,
              10.37468682600007
            ],
            [
              125.1831450740001,
              10.374913158000027
            ],
            [
              125.18324156200003,
              10.375168888000076
            ],
            [
              125.18349449000004,
              10.37563994000004
            ],
            [
              125.18370299600006,
              10.376071391000037
            ],
            [
              125.1839042130001,
              10.376378559000042
            ],
            [
              125.18421627500005,
              10.376760080000055
            ],
            [
              125.18443967600003,
              10.377081793000057
            ],
            [
              125.18455864900011,
              10.377337580000074
            ],
            [
              125.19281073500007,
              10.364390833000073
            ]
          ]
        ]
      },
      "properties": {
        "gid": 20,
        "administra": 4,
        "admin_leve": "Barangay level 4",
        "shape0": "philippines",
        "shape1": "Eastern Visayas",
        "shape2": "Southern Leyte",
        "shape3": "Hinunangan",
        "shape4": "Patong",
        "serial_id": 20,
        "style_info": "",
        "view_zoom_": "",
        "travel_via": "",
        "bearing_an": null,
        "bearing_di": null,
        "created_at": "2026-09-23T00:00:00.000Z",
        "modified_a": "2026-09-23T00:00:00.000Z",
        "geocoded_a": "",
        "properties": ""
      }
    },
    {
      "type": "Feature",
      "geometry": {
        "bbox": [
          125.20250560800002,
          10.379420319000074,
          125.21748365900011,
          10.395129228000028
        ],
        "type": "Polygon",
        "coordinates": [
          [
            [
              125.20462647200009,
              10.39512922700004
            ],
            [
              125.20464007300006,
              10.395126253000058
            ],
            [
              125.20464762900008,
              10.39512030800006
            ],
            [
              125.20466274100012,
              10.395099497000045
            ],
            [
              125.20469749900008,
              10.39507719900007
            ],
            [
              125.20472621200008,
              10.395062333000055
            ],
            [
              125.20474888000001,
              10.395045981000065
            ],
            [
              125.20476550500005,
              10.395037062000027
            ],
            [
              125.20480026200005,
              10.395008818000063
            ],
            [
              125.20481990700013,
              10.394989493000026
            ],
            [
              125.20486373300004,
              10.394967194000058
            ],
            [
              125.20488186700003,
              10.394953815000065
            ],
            [
              125.20490000200004,
              10.394943410000053
            ],
            [
              125.2049377830001,
              10.394933003000064
            ],
            [
              125.20495138500007,
              10.39492705600003
            ],
            [
              125.204963474,
              10.39491962400007
            ],
            [
              125.20499521000012,
              10.394904758000052
            ],
            [
              125.2050057880001,
              10.394897325000047
            ],
            [
              125.20506019300001,
              10.39486759400006
            ],
            [
              125.20509646200004,
              10.394842322000043
            ],
            [
              125.20510401800003,
              10.394833403000066
            ],
            [
              125.20511308500011,
              10.394818538000038
            ],
            [
              125.205131219,
              10.39479624100005
            ],
            [
              125.20514330900005,
              10.394784349000073
            ],
            [
              125.20517957800008,
              10.394763537000072
            ],
            [
              125.20519317900003,
              10.394757590000042
            ],
            [
              125.2052022470001,
              10.394756103000079
            ],
            [
              125.20523247100004,
              10.394736778000036
            ],
            [
              125.20526420700004,
              10.394711507000068
            ],
            [
              125.20527629700007,
              10.394699615000036
            ],
            [
              125.20528838600002,
              10.394681777000072
            ],
            [
              125.20541539600003,
              10.394624254000066
            ],
            [
              125.2054630250001,
              10.394584316000019
            ],
            [
              125.20551056300009,
              10.39453649600006
            ],
            [
              125.2055580120001,
              10.394480796000037
            ],
            [
              125.20564534500011,
              10.394408889000035
            ],
            [
              125.20569288300011,
              10.39436107000006
            ],
            [
              125.20587565300004,
              10.394225052000023
            ],
            [
              125.20601862700005,
              10.394113120000043
            ],
            [
              125.20608210100012,
              10.394057243000077
            ],
            [
              125.20614566500001,
              10.394009247000042
            ],
            [
              125.20624848400007,
              10.393889876000062
            ],
            [
              125.20628809900006,
              10.393850026000052
            ],
            [
              125.20631952100007,
              10.39379450300004
            ],
            [
              125.20635103300003,
              10.393746860000022
            ],
            [
              125.20637471200007,
              10.393715070000042
            ],
            [
              125.20644601900007,
              10.39364334100003
            ],
            [
              125.20647780100012,
              10.393619343000069
            ],
            [
              125.20651741600011,
              10.39357949400005
            ],
            [
              125.20654901800005,
              10.39353973200002
            ],
            [
              125.20661258300004,
              10.393491737000033
            ],
            [
              125.20677131200013,
              10.39335598400004
            ],
            [
              125.20685846500008,
              10.393268315000059
            ],
            [
              125.20689817000006,
              10.393236347000025
            ],
            [
              125.20692193900003,
              10.393212438000036
            ],
            [
              125.20694561800008,
              10.393180646000078
            ],
            [
              125.20698514300011,
              10.39313291600007
            ],
            [
              125.20700873200008,
              10.393093242000077
            ],
            [
              125.20707193700002,
              10.393013721000045
            ],
            [
              125.20711155200001,
              10.392973871000038
            ],
            [
              125.20715107700006,
              10.39292614000004
            ],
            [
              125.20719051200003,
              10.392870528000058
            ],
            [
              125.2072301280001,
              10.39283067800005
            ],
            [
              125.20738030600012,
              10.392647724000026
            ],
            [
              125.20742001100007,
              10.392615755000067
            ],
            [
              125.20745170300006,
              10.39258387500007
            ],
            [
              125.20753903700006,
              10.392511969000054
            ],
            [
              125.20758657600005,
              10.392464149000034
            ],
            [
              125.20767391000004,
              10.39239224200003
            ],
            [
              125.20772135900006,
              10.392336540000029
            ],
            [
              125.20775305100005,
              10.392304660000034
            ],
            [
              125.20777655100007,
              10.392257105000054
            ],
            [
              125.20780014100002,
              10.392217432000054
            ],
            [
              125.20786316600004,
              10.392122146000075
            ],
            [
              125.20789458900005,
              10.392066620000037
            ],
            [
              125.2079261020001,
              10.392018977000019
            ],
            [
              125.20795779500008,
              10.391987097000024
            ],
            [
              125.20798930800004,
              10.391939453000079
            ],
            [
              125.20802883400007,
              10.391891721000038
            ],
            [
              125.20805233400006,
              10.391844166000055
            ],
            [
              125.20813120700008,
              10.391732938000075
            ],
            [
              125.20820233700012,
              10.391645443000069
            ],
            [
              125.20826536300002,
              10.391550155000061
            ],
            [
              125.20830489000002,
              10.391502422000032
            ],
            [
              125.20832839100001,
              10.39145486600006
            ],
            [
              125.2083677380001,
              10.391391370000063
            ],
            [
              125.20839934100002,
              10.391351607000043
            ],
            [
              125.2084389580001,
              10.391311755000059
            ],
            [
              125.20845462500006,
              10.391280051000024
            ],
            [
              125.20849268400003,
              10.391194544000028
            ],
            [
              125.20850033700005,
              10.391162930000062
            ],
            [
              125.20853202800005,
              10.391131049000023
            ],
            [
              125.20856363000006,
              10.39109128900003
            ],
            [
              125.20861089800007,
              10.391019825000056
            ],
            [
              125.20865042200012,
              10.390972094000062
            ],
            [
              125.20867401100008,
              10.390932422000049
            ],
            [
              125.20871353600013,
              10.390884691000052
            ],
            [
              125.20876107300013,
              10.390836871000031
            ],
            [
              125.20885632800002,
              10.390756995000059
            ],
            [
              125.20892745500011,
              10.390669502000039
            ],
            [
              125.2089670700001,
              10.390629652000028
            ],
            [
              125.20899840200003,
              10.390566247000038
            ],
            [
              125.20903765700007,
              10.390494871000044
            ],
            [
              125.20907709200003,
              10.39043925800007
            ],
            [
              125.20917180800008,
              10.390312092000043
            ],
            [
              125.20921907600008,
              10.390240628000068
            ],
            [
              125.2092744470001,
              10.390176956000063
            ],
            [
              125.20944875300006,
              10.390001615000076
            ],
            [
              125.2095832660001,
              10.389850360000024
            ],
            [
              125.20972606200006,
              10.389722661000063
            ],
            [
              125.2097972790001,
              10.389643048000037
            ],
            [
              125.20986066400008,
              10.389579285000023
            ],
            [
              125.20991594700003,
              10.389507731000037
            ],
            [
              125.20996321600012,
              10.389436264000038
            ],
            [
              125.21001075500011,
              10.389388444000076
            ],
            [
              125.21009773200001,
              10.389285008000057
            ],
            [
              125.21014536100007,
              10.389245067000047
            ],
            [
              125.21018497600006,
              10.38920521600005
            ],
            [
              125.21023260600009,
              10.389165276000028
            ],
            [
              125.21025062300009,
              10.389154877000065
            ],
            [
              125.2102760370001,
              10.38912930400005
            ],
            [
              125.21029643000007,
              10.389113905000043
            ],
            [
              125.21032710500003,
              10.38909839200005
            ],
            [
              125.21038851400012,
              10.389072424000064
            ],
            [
              125.21043449900003,
              10.389046627000026
            ],
            [
              125.210470201,
              10.389020943000045
            ],
            [
              125.21051110200007,
              10.389000260000048
            ],
            [
              125.21055702900003,
              10.388969405000068
            ],
            [
              125.21059775600008,
              10.388933550000047
            ],
            [
              125.21066384500013,
              10.388867066000044
            ],
            [
              125.21073992800008,
              10.388775185000041
            ],
            [
              125.21079561800003,
              10.388698702000056
            ],
            [
              125.21082080500003,
              10.388652903000033
            ],
            [
              125.21087141100008,
              10.388581534000025
            ],
            [
              125.21089168800006,
              10.388556020000063
            ],
            [
              125.21091716500007,
              10.388535507000027
            ],
            [
              125.21093744200004,
              10.38850999400006
            ],
            [
              125.21096286100011,
              10.388484424000069
            ],
            [
              125.21100849900006,
              10.38842828300005
            ],
            [
              125.21103905900009,
              10.38840265600004
            ],
            [
              125.21106442000007,
              10.38837202900004
            ],
            [
              125.21109503700005,
              10.388351459000036
            ],
            [
              125.21111531500003,
              10.388325946000066
            ],
            [
              125.21114079100006,
              10.388305433000026
            ],
            [
              125.21116632500002,
              10.388289978000046
            ],
            [
              125.21119520200013,
              10.388263912000069
            ],
            [
              125.21123131200011,
              10.388236284000072
            ],
            [
              125.21125739000003,
              10.388208656000073
            ],
            [
              125.21126541500008,
              10.38820273500005
            ],
            [
              125.21126942700005,
              10.388196816000061
            ],
            [
              125.2112874820001,
              10.388179055000021
            ],
            [
              125.21130553600004,
              10.388163268000028
            ],
            [
              125.21132960800003,
              10.38813564000003
            ],
            [
              125.21137975900001,
              10.388090252000042
            ],
            [
              125.2113938020001,
              10.388080385000022
            ],
            [
              125.21142188700003,
              10.388054730000022
            ],
            [
              125.21142389300006,
              10.38805078300004
            ],
            [
              125.2114399410001,
              10.388038943000026
            ],
            [
              125.2114760500001,
              10.388005395000048
            ],
            [
              125.21149209800001,
              10.387987634000067
            ],
            [
              125.2115121590001,
              10.38796987300003
            ],
            [
              125.21152820700003,
              10.387958033000075
            ],
            [
              125.21156431600001,
              10.387924485000038
            ],
            [
              125.21160845000009,
              10.387888963000023
            ],
            [
              125.2116646190001,
              10.387831734000029
            ],
            [
              125.21170674600012,
              10.387796213000058
            ],
            [
              125.21174686600011,
              10.38775477100006
            ],
            [
              125.21180303500013,
              10.387707409000027
            ],
            [
              125.21181507200005,
              10.387693596000075
            ],
            [
              125.21185519200004,
              10.387658074000056
            ],
            [
              125.2118732470001,
              10.387644260000059
            ],
            [
              125.21190133100004,
              10.387614659000064
            ],
            [
              125.21194345800008,
              10.387579137000046
            ],
            [
              125.211951483,
              10.387575190000062
            ],
            [
              125.21200564500009,
              10.387521908000053
            ],
            [
              125.21202370000005,
              10.38750809400005
            ],
            [
              125.21208789300009,
              10.387446919000068
            ],
            [
              125.21216211700006,
              10.387391662000024
            ],
            [
              125.21217214800005,
              10.387381795000067
            ],
            [
              125.21219020200012,
              10.387369954000064
            ],
            [
              125.2122102630001,
              10.387354167000067
            ],
            [
              125.21223433500006,
              10.38733245900005
            ],
            [
              125.2122463720001,
              10.387324565000029
            ],
            [
              125.21228047400008,
              10.387294964000032
            ],
            [
              125.21230856000012,
              10.387277202000062
            ],
            [
              125.21232862100008,
              10.387269308000041
            ],
            [
              125.21234868200007,
              10.387257467000037
            ],
            [
              125.21235871200007,
              10.387253520000058
            ],
            [
              125.21239682800001,
              10.38722983800005
            ],
            [
              125.21240685800001,
              10.387221944000029
            ],
            [
              125.21242892500004,
              10.38721010200004
            ],
            [
              125.21244296700003,
              10.387200236000071
            ],
            [
              125.21246503400005,
              10.38718839400008
            ],
            [
              125.21247506500005,
              10.387180501000046
            ],
            [
              125.21249713200007,
              10.387168659000054
            ],
            [
              125.21253736200002,
              10.387136805000068
            ],
            [
              125.21262898500004,
              10.387054866000028
            ],
            [
              125.21274123200011,
              10.38697775600002
            ],
            [
              125.21279744300011,
              10.38694678500002
            ],
            [
              125.21283822900011,
              10.386915988000055
            ],
            [
              125.21286878900004,
              10.386890360000052
            ],
            [
              125.21290957500004,
              10.386859561000051
            ],
            [
              125.21295030300008,
              10.38682370500004
            ],
            [
              125.21303672800003,
              10.386736764000032
            ],
            [
              125.2131081330001,
              10.38668539400004
            ],
            [
              125.21312338500002,
              10.386670052000055
            ],
            [
              125.21314861100008,
              10.386640697000074
            ],
            [
              125.21318431100008,
              10.386615013000037
            ],
            [
              125.21322973500003,
              10.386589225000021
            ],
            [
              125.21323978700002,
              10.386568882000063
            ],
            [
              125.21324995500004,
              10.386558654000053
            ],
            [
              125.21327543100007,
              10.38653814100007
            ],
            [
              125.2133571170001,
              10.386486658000024
            ],
            [
              125.21340310100004,
              10.386460860000058
            ],
            [
              125.21344896900007,
              10.386424948000068
            ],
            [
              125.21349501100009,
              10.386404207000053
            ],
            [
              125.21352048800009,
              10.386383694000074
            ],
            [
              125.21353573900001,
              10.386368351000042
            ],
            [
              125.2135612730001,
              10.386352895000075
            ],
            [
              125.21358674900013,
              10.386332382000033
            ],
            [
              125.21362250800007,
              10.386311755000062
            ],
            [
              125.21370927600005,
              10.38625515900003
            ],
            [
              125.213749946,
              10.386214246000065
            ],
            [
              125.21379067300008,
              10.38617839100004
            ],
            [
              125.21382625800004,
              10.386142592000054
            ],
            [
              125.21385681900006,
              10.386116965000042
            ],
            [
              125.21389766000004,
              10.386091224000037
            ],
            [
              125.21395392700005,
              10.386065312000026
            ],
            [
              125.21401007800013,
              10.38602928600005
            ],
            [
              125.21406120300003,
              10.38600343200005
            ],
            [
              125.21414265700002,
              10.385931721000077
            ],
            [
              125.21421382800007,
              10.385860124000029
            ],
            [
              125.21425461200012,
              10.385829326000021
            ],
            [
              125.21429533900005,
              10.385793470000065
            ],
            [
              125.21434120700007,
              10.385757558000023
            ],
            [
              125.21444322700006,
              10.38568562000006
            ],
            [
              125.21448897900005,
              10.385639593000063
            ],
            [
              125.21467245300003,
              10.38549594400007
            ],
            [
              125.21471837900003,
              10.385465089000036
            ],
            [
              125.2147643630001,
              10.385439291000068
            ],
            [
              125.2148001800001,
              10.385423721000052
            ],
            [
              125.21488694900007,
              10.385367125000075
            ],
            [
              125.21493293300013,
              10.385341327000049
            ],
            [
              125.216969821,
              10.38400715400007
            ],
            [
              125.21700563700006,
              10.383991584000057
            ],
            [
              125.21708743700003,
              10.383950215000025
            ],
            [
              125.21716392200005,
              10.383893733000033
            ],
            [
              125.21721510400005,
              10.383872935000056
            ],
            [
              125.21726622900006,
              10.383847079000075
            ],
            [
              125.21732249500008,
              10.383821167000065
            ],
            [
              125.21735224500001,
              10.383808893000035
            ],
            [
              125.2172661850001,
              10.38361604900007
            ],
            [
              125.21748365900011,
              10.383507413000075
            ],
            [
              125.21674355300001,
              10.382352190000061
            ],
            [
              125.2166888710001,
              10.382248916000037
            ],
            [
              125.21663894300002,
              10.382139473000054
            ],
            [
              125.21660424800007,
              10.382011188000035
            ],
            [
              125.21659262300011,
              10.381954573000028
            ],
            [
              125.21658462800009,
              10.381811040000057
            ],
            [
              125.21660354800008,
              10.381697580000038
            ],
            [
              125.21666469300011,
              10.381574047000072
            ],
            [
              125.21677986800012,
              10.38146051800004
            ],
            [
              125.21692596700007,
              10.38139240200007
            ],
            [
              125.21703725000008,
              10.381350823000048
            ],
            [
              125.21715606400006,
              10.381328165000072
            ],
            [
              125.21725940500005,
              10.381294223000054
            ],
            [
              125.21733193000011,
              10.381256610000035
            ],
            [
              125.21739299,
              10.381207690000055
            ],
            [
              125.21743114900005,
              10.381139923000033
            ],
            [
              125.21743106200007,
              10.381045803000065
            ],
            [
              125.2174195230001,
              10.380966735000072
            ],
            [
              125.21737358000007,
              10.380887623000035
            ],
            [
              125.2173162670001,
              10.380827109000052
            ],
            [
              125.21717861100001,
              10.380781070000067
            ],
            [
              125.217032892,
              10.38073862900006
            ],
            [
              125.21671235100006,
              10.380669987000033
            ],
            [
              125.21649186700006,
              10.380594863000054
            ],
            [
              125.21631766200005,
              10.38051632300005
            ],
            [
              125.21611307700006,
              10.380400515000078
            ],
            [
              125.21597456700012,
              10.380325992000051
            ],
            [
              125.21587872300006,
              10.380303519000051
            ],
            [
              125.21576376700011,
              10.380307381000023
            ],
            [
              125.21575227100004,
              10.380307390000041
            ],
            [
              125.21565265600009,
              10.38033003800007
            ],
            [
              125.2156411650001,
              10.380337569000064
            ],
            [
              125.21553776000009,
              10.380371784000033
            ],
            [
              125.21528411300004,
              10.380570340000075
            ],
            [
              125.215138786,
              10.380732392000027
            ],
            [
              125.21504314100004,
              10.38080025900007
            ],
            [
              125.2149565740001,
              10.380826695000053
            ],
            [
              125.21484555600011,
              10.380830559000058
            ],
            [
              125.21476894800004,
              10.38078544000007
            ],
            [
              125.2147191250001,
              10.38072523300002
            ],
            [
              125.21470372200008,
              10.380627340000046
            ],
            [
              125.21470739500012,
              10.380458872000077
            ],
            [
              125.2147417010001,
              10.380296919000047
            ],
            [
              125.2147569010001,
              10.380172639000024
            ],
            [
              125.21472613900005,
              10.379986334000021
            ],
            [
              125.2146955190001,
              10.379827944000056
            ],
            [
              125.21464954000011,
              10.379718502000062
            ],
            [
              125.21457285700001,
              10.379612784000074
            ],
            [
              125.21445778300006,
              10.379525934000071
            ],
            [
              125.21435801700012,
              10.379469286000074
            ],
            [
              125.21424289700009,
              10.379431552000026
            ],
            [
              125.2141086150001,
              10.379420319000074
            ],
            [
              125.21397432400012,
              10.379458058000067
            ],
            [
              125.2138900230001,
              10.379514820000054
            ],
            [
              125.2138054840001,
              10.379602075000037
            ],
            [
              125.21376725300003,
              10.379700313000056
            ],
            [
              125.21374439900002,
              10.379854930000018
            ],
            [
              125.21373675800011,
              10.379994168000055
            ],
            [
              125.21372920800002,
              10.38011118500003
            ],
            [
              125.21369860900006,
              10.380175380000022
            ],
            [
              125.21362197400003,
              10.380216954000044
            ],
            [
              125.21352994800009,
              10.380220808000045
            ],
            [
              125.2134378390001,
              10.38018693200007
            ],
            [
              125.21330333000003,
              10.380092677000047
            ],
            [
              125.21324307400005,
              10.380050322000043
            ],
            [
              125.21314785300001,
              10.379983353000055
            ],
            [
              125.21306340900004,
              10.379949499000075
            ],
            [
              125.21305573600011,
              10.379949505000068
            ],
            [
              125.2129521490001,
              10.379942058000038
            ],
            [
              125.2128217180001,
              10.379949712000041
            ],
            [
              125.21270279700003,
              10.379919665000044
            ],
            [
              125.20876140800011,
              10.383179723000067
            ],
            [
              125.20541427900002,
              10.385949279000043
            ],
            [
              125.20250560800002,
              10.389694289000031
            ],
            [
              125.20254781300002,
              10.389858204000063
            ],
            [
              125.20254796200005,
              10.390100676000028
            ],
            [
              125.2025471840001,
              10.390121685000054
            ],
            [
              125.20255153100005,
              10.39017087700006
            ],
            [
              125.20253942400007,
              10.39033118700007
            ],
            [
              125.20253785800003,
              10.390373461000024
            ],
            [
              125.202527744,
              10.390631091000047
            ],
            [
              125.202523863,
              10.390648319000034
            ],
            [
              125.20301557000003,
              10.391506630000036
            ],
            [
              125.20323488900011,
              10.392651652000042
            ],
            [
              125.20385638600011,
              10.393174307000034
            ],
            [
              125.20394936500008,
              10.394228402000065
            ],
            [
              125.2039351640001,
              10.39441738900007
            ],
            [
              125.20421536700007,
              10.394385298000028
            ],
            [
              125.20420630100013,
              10.394415027000036
            ],
            [
              125.20420630100013,
              10.394420973000026
            ],
            [
              125.2042168810001,
              10.394449216000053
            ],
            [
              125.204228972,
              10.394474485000048
            ],
            [
              125.204228972,
              10.39447894400007
            ],
            [
              125.20425013100008,
              10.394501240000071
            ],
            [
              125.20427431200005,
              10.39451907700004
            ],
            [
              125.20428640200011,
              10.394532454000057
            ],
            [
              125.20430000400007,
              10.394551778000048
            ],
            [
              125.20430604900004,
              10.394557723000046
            ],
            [
              125.20430756100005,
              10.394563669000036
            ],
            [
              125.20434383300007,
              10.394614207000071
            ],
            [
              125.20436801400001,
              10.394640962000038
            ],
            [
              125.20437406000009,
              10.394645421000062
            ],
            [
              125.20438615000012,
              10.394661772000061
            ],
            [
              125.20439370700002,
              10.394667718000052
            ],
            [
              125.20439975200009,
              10.394675150000067
            ],
            [
              125.20441033200007,
              10.394691500000024
            ],
            [
              125.20443904800004,
              10.39475839000005
            ],
            [
              125.20444962800002,
              10.394779199000025
            ],
            [
              125.20446020800011,
              10.394810415000052
            ],
            [
              125.20446323300007,
              10.394862440000054
            ],
            [
              125.20446474399999,
              10.394866900000068
            ],
            [
              125.20446474500012,
              10.394889197000053
            ],
            [
              125.20446929200013,
              10.394922616000027
            ],
            [
              125.20447533800008,
              10.39493450800006
            ],
            [
              125.20447533800008,
              10.394940454000048
            ],
            [
              125.20448591800006,
              10.394971669000029
            ],
            [
              125.20448591900002,
              10.394986533000061
            ],
            [
              125.204488942,
              10.39499842500004
            ],
            [
              125.204488942,
              10.39500734400002
            ],
            [
              125.20449650000013,
              10.39504301800002
            ],
            [
              125.20450556800007,
              10.39506680100004
            ],
            [
              125.20452370500004,
              10.395093557000054
            ],
            [
              125.20452975,
              10.395098016000077
            ],
            [
              125.20453428400003,
              10.39510544800004
            ],
            [
              125.20454939700006,
              10.395118825000056
            ],
            [
              125.20456753200006,
              10.39512328400002
            ],
            [
              125.20461135900005,
              10.395129228000028
            ],
            [
              125.20462647200009,
              10.39512922700004
            ]
          ]
        ]
      },
      "properties": {
        "gid": 12,
        "administra": 4,
        "admin_leve": "Barangay level 4",
        "shape0": "philippines",
        "shape1": "Eastern Visayas",
        "shape2": "Southern Leyte",
        "shape3": "Hinunangan",
        "shape4": "Tahusan",
        "serial_id": 12,
        "style_info": "",
        "view_zoom_": "",
        "travel_via": "",
        "bearing_an": null,
        "bearing_di": null,
        "created_at": "2026-09-23T00:00:00.000Z",
        "modified_a": "2026-09-23T00:00:00.000Z",
        "geocoded_a": "",
        "properties": ""
      }
    },
    {
      "type": "Feature",
      "geometry": {
        "bbox": [
          125.18455864900011,
          10.361965579000069,
          125.20280203200002,
          10.383763832000055
        ],
        "type": "Polygon",
        "coordinates": [
          [
            [
              125.19582649600011,
              10.382468435000021
            ],
            [
              125.19665961500003,
              10.380638676000046
            ],
            [
              125.19863341400004,
              10.376377063000065
            ],
            [
              125.20197713200002,
              10.369611494000027
            ],
            [
              125.20280203200002,
              10.368722747000048
            ],
            [
              125.19444514500003,
              10.361965579000069
            ],
            [
              125.19281073500007,
              10.364390833000073
            ],
            [
              125.18455864900011,
              10.377337580000074
            ],
            [
              125.18469236000008,
              10.377644673000075
            ],
            [
              125.18482341000005,
              10.378027867000071
            ],
            [
              125.18491265600005,
              10.378459777000044
            ],
            [
              125.18505411900003,
              10.379126734000065
            ],
            [
              125.1851816090001,
              10.379691329000025
            ],
            [
              125.18537784000013,
              10.380794763000038
            ],
            [
              125.18551139500005,
              10.381320181000035
            ],
            [
              125.18562320500007,
              10.381642268000064
            ],
            [
              125.18661980800006,
              10.38192135400004
            ],
            [
              125.188772168,
              10.382702433000075
            ],
            [
              125.19152189300007,
              10.383763832000055
            ],
            [
              125.19582649600011,
              10.382468435000021
            ]
          ]
        ]
      },
      "properties": {
        "gid": 21,
        "administra": 4,
        "admin_leve": "Barangay level 4",
        "shape0": "philippines",
        "shape1": "Eastern Visayas",
        "shape2": "Southern Leyte",
        "shape3": "Hinunangan",
        "shape4": "Manalog",
        "serial_id": 21,
        "style_info": "",
        "view_zoom_": "",
        "travel_via": "",
        "bearing_an": null,
        "bearing_di": null,
        "created_at": "2026-09-23T00:00:00.000Z",
        "modified_a": "2026-09-23T00:00:00.000Z",
        "geocoded_a": "",
        "properties": ""
      }
    },
    {
      "type": "Feature",
      "geometry": {
        "bbox": [
          125.19863341400004,
          10.368722747000048,
          125.21373633500002,
          10.383179723000067
        ],
        "type": "Polygon",
        "coordinates": [
          [
            [
              125.21270279700003,
              10.379919665000044
            ],
            [
              125.21262994000004,
              10.379859444000031
            ],
            [
              125.21259163,
              10.379787920000066
            ],
            [
              125.21259936700005,
              10.37966371300007
            ],
            [
              125.21261474300002,
              10.379573438000024
            ],
            [
              125.21266458800005,
              10.379460646000043
            ],
            [
              125.21276429900001,
              10.379397143000062
            ],
            [
              125.21276813300005,
              10.379393409000043
            ],
            [
              125.21291536700005,
              10.379324217000034
            ],
            [
              125.21300726000004,
              10.379245290000027
            ],
            [
              125.21305316800012,
              10.379170200000031
            ],
            [
              125.21308362000002,
              10.379102484000045
            ],
            [
              125.21311017000004,
              10.379004560000052
            ],
            [
              125.21313294100001,
              10.378917867000041
            ],
            [
              125.21318633700002,
              10.378849867000042
            ],
            [
              125.21331245800002,
              10.378777632000036
            ],
            [
              125.213495566,
              10.378718971000069
            ],
            [
              125.21360254500007,
              10.378658509000047
            ],
            [
              125.21370577300002,
              10.378594236000026
            ],
            [
              125.21373633500002,
              10.378533831000027
            ],
            [
              125.21372478400008,
              10.378458417000047
            ],
            [
              125.21367495800007,
              10.378386861000022
            ],
            [
              125.21358314700001,
              10.378353163000043
            ],
            [
              125.21347228500008,
              10.378330833000064
            ],
            [
              125.21336917000008,
              10.37833863700007
            ],
            [
              125.21328519500003,
              10.378335087000035
            ],
            [
              125.21321640800012,
              10.378305098000054
            ],
            [
              125.2131595210001,
              10.378269659000066
            ],
            [
              125.21309053600011,
              10.378186875000038
            ],
            [
              125.21301387800008,
              10.37808527100003
            ],
            [
              125.21294863100002,
              10.37793843000003
            ],
            [
              125.212898515,
              10.377802598000073
            ],
            [
              125.21285180500001,
              10.377743659000032
            ],
            [
              125.2127749880001,
              10.377638182000052
            ],
            [
              125.21270961000006,
              10.377528846000075
            ],
            [
              125.21267876700006,
              10.377449607000074
            ],
            [
              125.2126594250001,
              10.377370322000045
            ],
            [
              125.2126670450001,
              10.377302410000025
            ],
            [
              125.2126976520001,
              10.377230675000021
            ],
            [
              125.20280203200002,
              10.368722747000048
            ],
            [
              125.20197713200002,
              10.369611494000027
            ],
            [
              125.19863341400004,
              10.376377063000065
            ],
            [
              125.20876140800011,
              10.383179723000067
            ],
            [
              125.21270279700003,
              10.379919665000044
            ]
          ]
        ]
      },
      "properties": {
        "gid": 22,
        "administra": 4,
        "admin_leve": "Barangay level 4",
        "shape0": "philippines",
        "shape1": "Eastern Visayas",
        "shape2": "Southern Leyte",
        "shape3": "Hinunangan",
        "shape4": "Santo Niño I",
        "serial_id": 22,
        "style_info": "",
        "view_zoom_": "",
        "travel_via": "",
        "bearing_an": null,
        "bearing_di": null,
        "created_at": "2026-09-23T00:00:00.000Z",
        "modified_a": "2026-09-23T00:00:00.000Z",
        "geocoded_a": "",
        "properties": ""
      }
    },
    {
      "type": "Feature",
      "geometry": {
        "bbox": [
          125.19582649600011,
          10.376377063000065,
          125.20876140800011,
          10.389694289000031
        ],
        "type": "Polygon",
        "coordinates": [
          [
            [
              125.20541427900002,
              10.385949279000043
            ],
            [
              125.20876140800011,
              10.383179723000067
            ],
            [
              125.19863341400004,
              10.376377063000065
            ],
            [
              125.19665961500003,
              10.380638676000046
            ],
            [
              125.19582649600011,
              10.382468435000021
            ],
            [
              125.20168739500004,
              10.385461971000044
            ],
            [
              125.20176294400005,
              10.385773940000036
            ],
            [
              125.20184377700002,
              10.38692449900003
            ],
            [
              125.20207662200005,
              10.387937854000027
            ],
            [
              125.2023266960001,
              10.388961674000031
            ],
            [
              125.20250560800002,
              10.389694289000031
            ],
            [
              125.20541427900002,
              10.385949279000043
            ]
          ]
        ]
      },
      "properties": {
        "gid": 23,
        "administra": 4,
        "admin_leve": "Barangay level 4",
        "shape0": "philippines",
        "shape1": "Eastern Visayas",
        "shape2": "Southern Leyte",
        "shape3": "Hinunangan",
        "shape4": "Badiangon",
        "serial_id": 23,
        "style_info": "",
        "view_zoom_": "",
        "travel_via": "",
        "bearing_an": null,
        "bearing_di": null,
        "created_at": "2026-09-23T00:00:00.000Z",
        "modified_a": "2026-09-23T00:00:00.000Z",
        "geocoded_a": "",
        "properties": ""
      }
    },
    {
      "type": "Feature",
      "geometry": {
        "bbox": [
          125.12102508300008,
          10.377353443000057,
          125.1525431020001,
          10.445032696000053
        ],
        "type": "Polygon",
        "coordinates": [
          [
            [
              125.13884914600011,
              10.444554716000024
            ],
            [
              125.14548612400007,
              10.442702818000042
            ],
            [
              125.1525431020001,
              10.441443876000053
            ],
            [
              125.13895879800008,
              10.405481871000061
            ],
            [
              125.1283798400001,
              10.377353443000057
            ],
            [
              125.12102508300008,
              10.378249582000022
            ],
            [
              125.12238674300012,
              10.38239645500005
            ],
            [
              125.12300175100006,
              10.387137834000045
            ],
            [
              125.12428952900008,
              10.39589816600005
            ],
            [
              125.12470794700005,
              10.398724698000024
            ],
            [
              125.12490181700001,
              10.399887917000058
            ],
            [
              125.12320545600005,
              10.402699028000027
            ],
            [
              125.12162616800005,
              10.404289735000075
            ],
            [
              125.12441966800009,
              10.41211070500003
            ],
            [
              125.13576615500006,
              10.445032696000053
            ],
            [
              125.13884914600011,
              10.444554716000024
            ]
          ]
        ]
      },
      "properties": {
        "gid": 39,
        "administra": 4,
        "admin_leve": "Barangay level 4",
        "shape0": "philippines",
        "shape1": "Eastern Visayas",
        "shape2": "Southern Leyte",
        "shape3": "Hinunangan",
        "shape4": "Calinao",
        "serial_id": 39,
        "style_info": "",
        "view_zoom_": "",
        "travel_via": "",
        "bearing_an": null,
        "bearing_di": null,
        "created_at": "2026-09-23T00:00:00.000Z",
        "modified_a": "2026-09-23T00:00:00.000Z",
        "geocoded_a": "",
        "properties": ""
      }
    },
    {
      "type": "Feature",
      "geometry": {
        "bbox": [
          125.21259163,
          10.368138362000023,
          125.22167314800004,
          10.383808893000035
        ],
        "type": "Polygon",
        "coordinates": [
          [
            [
              125.21748626700004,
              10.38375360200007
            ],
            [
              125.21753739200005,
              10.383727747000021
            ],
            [
              125.21759365800007,
              10.383701835000064
            ],
            [
              125.21769088200006,
              10.383660296000073
            ],
            [
              125.21774714800006,
              10.38363438400006
            ],
            [
              125.21786488000009,
              10.38358756000002
            ],
            [
              125.21797250300006,
              10.38355602100006
            ],
            [
              125.21801346100006,
              10.383540394000024
            ],
            [
              125.21806984300008,
              10.38352459600003
            ],
            [
              125.21812102500007,
              10.383503798000048
            ],
            [
              125.21817729200008,
              10.383477886000037
            ],
            [
              125.21823864200007,
              10.383446859000058
            ],
            [
              125.21835129100009,
              10.383405149000053
            ],
            [
              125.21841275700001,
              10.38338423600004
            ],
            [
              125.2184741650001,
              10.383358267000062
            ],
            [
              125.21857526500004,
              10.383319269000028
            ],
            [
              125.21860522500002,
              10.383309444000073
            ],
            [
              125.21865515700006,
              10.383285864000074
            ],
            [
              125.21867712700009,
              10.383278003000044
            ],
            [
              125.21870109500004,
              10.383276037000034
            ],
            [
              125.21872306500006,
              10.383270141000025
            ],
            [
              125.21873105400006,
              10.383266211000034
            ],
            [
              125.21873704700012,
              10.383266210000043
            ],
            [
              125.21881294400009,
              10.383246558000053
            ],
            [
              125.21883491500013,
              10.383242626000026
            ],
            [
              125.21887885600007,
              10.38323083500006
            ],
            [
              125.21889483400004,
              10.383222975000024
            ],
            [
              125.21891280999999,
              10.383217080000065
            ],
            [
              125.21896474000003,
              10.383205287000067
            ],
            [
              125.21899070400002,
              10.383195462000058
            ],
            [
              125.21901267500004,
              10.383189566000055
            ],
            [
              125.21901866700011,
              10.383185636000066
            ],
            [
              125.21903264800007,
              10.38318170600007
            ],
            [
              125.21906060900007,
              10.383167951000074
            ],
            [
              125.21913051500009,
              10.383144369000036
            ],
            [
              125.2191904340001,
              10.38313454100006
            ],
            [
              125.21921440300004,
              10.383134539000025
            ],
            [
              125.21926833000008,
              10.383122746000025
            ],
            [
              125.2192803140001,
              10.383118816000033
            ],
            [
              125.21932025900003,
              10.383097201000053
            ],
            [
              125.21940015000007,
              10.383061831000077
            ],
            [
              125.21940813900005,
              10.383059866000053
            ],
            [
              125.21946406300003,
              10.383030391000032
            ],
            [
              125.2194780430001,
              10.383020567000072
            ],
            [
              125.21949402200005,
              10.38301467100007
            ],
            [
              125.21953995900004,
              10.382991092000053
            ],
            [
              125.21955194200007,
              10.382983232000072
            ],
            [
              125.21957391300009,
              10.38297537200003
            ],
            [
              125.21960786600005,
              10.38295965100002
            ],
            [
              125.21962184700011,
              10.382949827000061
            ],
            [
              125.2196398220001,
              10.382941967000024
            ],
            [
              125.21969974000002,
              10.382908562000068
            ],
            [
              125.21974368000006,
              10.382888912000055
            ],
            [
              125.219747675,
              10.38288498200006
            ],
            [
              125.21977563700011,
              10.382871227000065
            ],
            [
              125.21981957700007,
              10.382851577000054
            ],
            [
              125.21984354400003,
              10.382837822000058
            ],
            [
              125.219873504,
              10.38282799600006
            ],
            [
              125.2198794960001,
              10.382824067000056
            ],
            [
              125.21993941500011,
              10.382806379000042
            ],
            [
              125.21998934700002,
              10.382788693000064
            ],
            [
              125.2200053260001,
              10.382780833000027
            ],
            [
              125.22003129100005,
              10.382772972000055
            ],
            [
              125.22008721600002,
              10.382763144000023
            ],
            [
              125.22009520600011,
              10.382763143000034
            ],
            [
              125.22011917400003,
              10.38275724700003
            ],
            [
              125.2201830890001,
              10.382745453000041
            ],
            [
              125.22024300900011,
              10.38273955300002
            ],
            [
              125.22026195700006,
              10.382739997000044
            ],
            [
              125.2203080500001,
              10.38272429600005
            ],
            [
              125.22036443200012,
              10.382708498000055
            ],
            [
              125.22041573,
              10.38269781400004
            ],
            [
              125.22046697000007,
              10.382682073000066
            ],
            [
              125.22051826800009,
              10.382671389000054
            ],
            [
              125.22057464900003,
              10.382655590000072
            ],
            [
              125.22073403200012,
              10.382653824000045
            ],
            [
              125.22079578600005,
              10.38265819800006
            ],
            [
              125.22084200100007,
              10.382652628000073
            ],
            [
              125.22096539500001,
              10.382651261000035
            ],
            [
              125.22110432700003,
              10.38265983600007
            ],
            [
              125.22120201400003,
              10.382658754000033
            ],
            [
              125.22127896100005,
              10.382642727000075
            ],
            [
              125.22139166600003,
              10.382606073000034
            ],
            [
              125.22144279100009,
              10.382580217000056
            ],
            [
              125.22155509100003,
              10.382508162000022
            ],
            [
              125.22162666500003,
              10.382471964000047
            ],
            [
              125.221654369,
              10.38245565400007
            ],
            [
              125.22167021100007,
              10.381973693000077
            ],
            [
              125.22166951100009,
              10.38196392800006
            ],
            [
              125.22167314800004,
              10.381960382000045
            ],
            [
              125.22166732000005,
              10.38186962900005
            ],
            [
              125.22166246700012,
              10.381865656000059
            ],
            [
              125.22163749300013,
              10.381517253000027
            ],
            [
              125.22148830600007,
              10.381501046000041
            ],
            [
              125.2213146580001,
              10.375403238000045
            ],
            [
              125.22041464100003,
              10.371131544000034
            ],
            [
              125.21816449800006,
              10.368138362000023
            ],
            [
              125.2181594560001,
              10.368147075000024
            ],
            [
              125.21804524500008,
              10.368308396000034
            ],
            [
              125.21794703600006,
              10.368440726000074
            ],
            [
              125.21786111200004,
              10.36876145600007
            ],
            [
              125.21774487500012,
              10.369057593000033
            ],
            [
              125.2176097470001,
              10.369263676000058
            ],
            [
              125.21750498600012,
              10.36944561400003
            ],
            [
              125.21730684900002,
              10.369766249000063
            ],
            [
              125.21715874900008,
              10.369985761000066
            ],
            [
              125.21705014900009,
              10.370065438000038
            ],
            [
              125.21693270300011,
              10.37014471100002
            ],
            [
              125.21681526800013,
              10.37019962900007
            ],
            [
              125.216784414,
              10.37026652000003
            ],
            [
              125.2167783430001,
              10.370400246000031
            ],
            [
              125.21674755500011,
              10.370575203000042
            ],
            [
              125.21669812900006,
              10.370781667000072
            ],
            [
              125.21661142100002,
              10.370982262000041
            ],
            [
              125.21658055000013,
              10.371177246000055
            ],
            [
              125.21654345500006,
              10.371366236000028
            ],
            [
              125.21646299400003,
              10.37159199100006
            ],
            [
              125.21630214800007,
              10.371830075000048
            ],
            [
              125.21618331300012,
              10.371949104000066
            ],
            [
              125.21600978600009,
              10.37203418300004
            ],
            [
              125.21574973500003,
              10.372180951000074
            ],
            [
              125.2154842970001,
              10.372315209000021
            ],
            [
              125.21524269700002,
              10.37244342400004
            ],
            [
              125.21511267500011,
              10.372559488000036
            ],
            [
              125.21500140700003,
              10.372778968000032
            ],
            [
              125.214337289,
              10.37332440700004
            ],
            [
              125.21432665900012,
              10.373394381000024
            ],
            [
              125.21428039800003,
              10.373460896000038
            ],
            [
              125.21423056700009,
              10.373481934000042
            ],
            [
              125.21421277900004,
              10.373488944000032
            ],
            [
              125.21414166000012,
              10.373502997000061
            ],
            [
              125.21405642,
              10.373524030000056
            ],
            [
              125.21404932200005,
              10.373527527000022
            ],
            [
              125.21399257100005,
              10.373551998000035
            ],
            [
              125.21396071300002,
              10.373614805000043
            ],
            [
              125.21396431200002,
              10.373674103000042
            ],
            [
              125.2139324530001,
              10.373719431000037
            ],
            [
              125.21385807100012,
              10.373754304000043
            ],
            [
              125.21376853400011,
              10.373788526000055
            ],
            [
              125.21376479200002,
              10.373788551000075
            ],
            [
              125.21360404000005,
              10.373844727000062
            ],
            [
              125.21359284300001,
              10.37384479800005
            ],
            [
              125.21347350800012,
              10.373944570000047
            ],
            [
              125.2134660590001,
              10.37394461200006
            ],
            [
              125.21344371800001,
              10.373955734000049
            ],
            [
              125.21327281700009,
              10.37409894800004
            ],
            [
              125.21326538900006,
              10.374098968000055
            ],
            [
              125.21319491400006,
              10.374186585000073
            ],
            [
              125.21318749500006,
              10.374197529000071
            ],
            [
              125.21313557400005,
              10.374314378000063
            ],
            [
              125.21313558100007,
              10.374321688000066
            ],
            [
              125.21313195700009,
              10.374424026000042
            ],
            [
              125.2131506500001,
              10.374544633000028
            ],
            [
              125.21323326800005,
              10.374752869000078
            ],
            [
              125.21325239300006,
              10.374809029000062
            ],
            [
              125.21333261300002,
              10.374902567000046
            ],
            [
              125.21343575000003,
              10.374977405000038
            ],
            [
              125.21353129800002,
              10.375048539000034
            ],
            [
              125.21358873900012,
              10.37513099600005
            ],
            [
              125.21363857200005,
              10.375213506000021
            ],
            [
              125.21367696500012,
              10.375292705000048
            ],
            [
              125.21368485400001,
              10.375390226000034
            ],
            [
              125.21368514100003,
              10.375502838000045
            ],
            [
              125.21368515100005,
              10.375506594000058
            ],
            [
              125.21370075600008,
              10.375626799000031
            ],
            [
              125.21371624000005,
              10.375713271000052
            ],
            [
              125.2137776300001,
              10.375780921000059
            ],
            [
              125.21382371600008,
              10.375861708000059
            ],
            [
              125.21383522200007,
              10.375929484000041
            ],
            [
              125.21383130400012,
              10.375997339000035
            ],
            [
              125.21382746100004,
              10.376004884000054
            ],
            [
              125.21379289200003,
              10.376068997000061
            ],
            [
              125.21378522500005,
              10.376072778000038
            ],
            [
              125.21369710500004,
              10.37609554100004
            ],
            [
              125.21357846500007,
              10.376054375000024
            ],
            [
              125.21345988800012,
              10.375994415000038
            ],
            [
              125.21344459100008,
              10.37598315900004
            ],
            [
              125.21334136700011,
              10.375953295000045
            ],
            [
              125.2132153140001,
              10.375957155000037
            ],
            [
              125.21320003800008,
              10.375960880000036
            ],
            [
              125.21309300300004,
              10.375983218000044
            ],
            [
              125.21308535100002,
              10.37598320300003
            ],
            [
              125.21307004600011,
              10.375986934000025
            ],
            [
              125.21297434400005,
              10.376035677000058
            ],
            [
              125.21296668200013,
              10.37603942800007
            ],
            [
              125.2129590190001,
              10.37604318000007
            ],
            [
              125.2128823920001,
              10.376125915000047
            ],
            [
              125.21288248400003,
              10.37622759900006
            ],
            [
              125.2129132010001,
              10.376291605000063
            ],
            [
              125.21305889700011,
              10.376351780000048
            ],
            [
              125.21318133000011,
              10.376396812000054
            ],
            [
              125.21333795600005,
              10.37642297100007
            ],
            [
              125.213460198,
              10.376450303000066
            ],
            [
              125.21367711200004,
              10.376446355000041
            ],
            [
              125.21385660600005,
              10.376434732000062
            ],
            [
              125.21399800300003,
              10.376457039000059
            ],
            [
              125.21405532700011,
              10.37649465600003
            ],
            [
              125.21410881900012,
              10.376569914000072
            ],
            [
              125.21412046500008,
              10.376656117000037
            ],
            [
              125.21408634200007,
              10.376764871000033
            ],
            [
              125.21400631900008,
              10.376911413000073
            ],
            [
              125.21393761700007,
              10.377049256000019
            ],
            [
              125.21385722500008,
              10.377124400000069
            ],
            [
              125.21385339500013,
              10.37712815800006
            ],
            [
              125.21372312100004,
              10.377207426000039
            ],
            [
              125.21353930200007,
              10.377222955000036
            ],
            [
              125.21322276300009,
              10.377186050000036
            ],
            [
              125.21306967200009,
              10.377185659000075
            ],
            [
              125.21295467200004,
              10.377174221000075
            ],
            [
              125.212835734,
              10.37716276800006
            ],
            [
              125.21274746000006,
              10.377174020000039
            ],
            [
              125.2126976520001,
              10.377230675000021
            ],
            [
              125.2126670450001,
              10.377302410000025
            ],
            [
              125.2126594250001,
              10.377370322000045
            ],
            [
              125.21267876700006,
              10.377449607000074
            ],
            [
              125.21270961000006,
              10.377528846000075
            ],
            [
              125.2127749880001,
              10.377638182000052
            ],
            [
              125.21285180500001,
              10.377743659000032
            ],
            [
              125.212898515,
              10.377802598000073
            ],
            [
              125.21294863100002,
              10.37793843000003
            ],
            [
              125.21301387800008,
              10.37808527100003
            ],
            [
              125.21309053600011,
              10.378186875000038
            ],
            [
              125.2131595210001,
              10.378269659000066
            ],
            [
              125.21321640800012,
              10.378305098000054
            ],
            [
              125.21328519500003,
              10.378335087000035
            ],
            [
              125.21336917000008,
              10.37833863700007
            ],
            [
              125.21347228500008,
              10.378330833000064
            ],
            [
              125.21358314700001,
              10.378353163000043
            ],
            [
              125.21367495800007,
              10.378386861000022
            ],
            [
              125.21372478400008,
              10.378458417000047
            ],
            [
              125.21373633500002,
              10.378533831000027
            ],
            [
              125.21370577300002,
              10.378594236000026
            ],
            [
              125.21360254500007,
              10.378658509000047
            ],
            [
              125.213495566,
              10.378718971000069
            ],
            [
              125.21331245800002,
              10.378777632000036
            ],
            [
              125.21318633700002,
              10.378849867000042
            ],
            [
              125.21313294100001,
              10.378917867000041
            ],
            [
              125.21311017000004,
              10.379004560000052
            ],
            [
              125.21308362000002,
              10.379102484000045
            ],
            [
              125.21305316800012,
              10.379170200000031
            ],
            [
              125.21300726000004,
              10.379245290000027
            ],
            [
              125.21291536700005,
              10.379324217000034
            ],
            [
              125.21276813300005,
              10.379393409000043
            ],
            [
              125.21276429900001,
              10.379397143000062
            ],
            [
              125.21266458800005,
              10.379460646000043
            ],
            [
              125.21261474300002,
              10.379573438000024
            ],
            [
              125.21259936700005,
              10.37966371300007
            ],
            [
              125.21259163,
              10.379787920000066
            ],
            [
              125.21262994000004,
              10.379859444000031
            ],
            [
              125.21270279700003,
              10.379919665000044
            ],
            [
              125.2128217180001,
              10.379949712000041
            ],
            [
              125.2129521490001,
              10.379942058000038
            ],
            [
              125.21305573600011,
              10.379949505000068
            ],
            [
              125.21306340900004,
              10.379949499000075
            ],
            [
              125.21314785300001,
              10.379983353000055
            ],
            [
              125.21324307400005,
              10.380050322000043
            ],
            [
              125.21330333000003,
              10.380092677000047
            ],
            [
              125.2134378390001,
              10.38018693200007
            ],
            [
              125.21352994800009,
              10.380220808000045
            ],
            [
              125.21362197400003,
              10.380216954000044
            ],
            [
              125.21369860900006,
              10.380175380000022
            ],
            [
              125.21372920800002,
              10.38011118500003
            ],
            [
              125.21373675800011,
              10.379994168000055
            ],
            [
              125.21374439900002,
              10.379854930000018
            ],
            [
              125.21376725300003,
              10.379700313000056
            ],
            [
              125.2138054840001,
              10.379602075000037
            ],
            [
              125.2138900230001,
              10.379514820000054
            ],
            [
              125.21397432400012,
              10.379458058000067
            ],
            [
              125.2141086150001,
              10.379420319000074
            ],
            [
              125.21424289700009,
              10.379431552000026
            ],
            [
              125.21435801700012,
              10.379469286000074
            ],
            [
              125.21445778300006,
              10.379525934000071
            ],
            [
              125.21457285700001,
              10.379612784000074
            ],
            [
              125.21464954000011,
              10.379718502000062
            ],
            [
              125.2146955190001,
              10.379827944000056
            ],
            [
              125.21472613900005,
              10.379986334000021
            ],
            [
              125.2147569010001,
              10.380172639000024
            ],
            [
              125.2147417010001,
              10.380296919000047
            ],
            [
              125.21470739500012,
              10.380458872000077
            ],
            [
              125.21470372200008,
              10.380627340000046
            ],
            [
              125.2147191250001,
              10.38072523300002
            ],
            [
              125.21476894800004,
              10.38078544000007
            ],
            [
              125.21484555600011,
              10.380830559000058
            ],
            [
              125.2149565740001,
              10.380826695000053
            ],
            [
              125.21504314100004,
              10.38080025900007
            ],
            [
              125.215138786,
              10.380732392000027
            ],
            [
              125.21528411300004,
              10.380570340000075
            ],
            [
              125.21553776000009,
              10.380371784000033
            ],
            [
              125.2156411650001,
              10.380337569000064
            ],
            [
              125.21565265600009,
              10.38033003800007
            ],
            [
              125.21575227100004,
              10.380307390000041
            ],
            [
              125.21576376700011,
              10.380307381000023
            ],
            [
              125.21587872300006,
              10.380303519000051
            ],
            [
              125.21597456700012,
              10.380325992000051
            ],
            [
              125.21611307700006,
              10.380400515000078
            ],
            [
              125.21631766200005,
              10.38051632300005
            ],
            [
              125.21649186700006,
              10.380594863000054
            ],
            [
              125.21671235100006,
              10.380669987000033
            ],
            [
              125.217032892,
              10.38073862900006
            ],
            [
              125.21717861100001,
              10.380781070000067
            ],
            [
              125.2173162670001,
              10.380827109000052
            ],
            [
              125.21737358000007,
              10.380887623000035
            ],
            [
              125.2174195230001,
              10.380966735000072
            ],
            [
              125.21743106200007,
              10.381045803000065
            ],
            [
              125.21743114900005,
              10.381139923000033
            ],
            [
              125.21739299,
              10.381207690000055
            ],
            [
              125.21733193000011,
              10.381256610000035
            ],
            [
              125.21725940500005,
              10.381294223000054
            ],
            [
              125.21715606400006,
              10.381328165000072
            ],
            [
              125.21703725000008,
              10.381350823000048
            ],
            [
              125.21692596700007,
              10.38139240200007
            ],
            [
              125.21677986800012,
              10.38146051800004
            ],
            [
              125.21666469300011,
              10.381574047000072
            ],
            [
              125.21660354800008,
              10.381697580000038
            ],
            [
              125.21658462800009,
              10.381811040000057
            ],
            [
              125.21659262300011,
              10.381954573000028
            ],
            [
              125.21660424800007,
              10.382011188000035
            ],
            [
              125.21663894300002,
              10.382139473000054
            ],
            [
              125.2166888710001,
              10.382248916000037
            ],
            [
              125.21674355300001,
              10.382352190000061
            ],
            [
              125.21748365900011,
              10.383507413000075
            ],
            [
              125.2172661850001,
              10.38361604900007
            ],
            [
              125.21735224500001,
              10.383808893000035
            ],
            [
              125.21748626700004,
              10.38375360200007
            ]
          ]
        ]
      },
      "properties": {
        "gid": 13,
        "administra": 4,
        "admin_leve": "Barangay level 4",
        "shape0": "philippines",
        "shape1": "Eastern Visayas",
        "shape2": "Southern Leyte",
        "shape3": "Hinunangan",
        "shape4": "Biasong",
        "serial_id": 13,
        "style_info": "",
        "view_zoom_": "",
        "travel_via": "",
        "bearing_an": null,
        "bearing_di": null,
        "created_at": "2026-09-23T00:00:00.000Z",
        "modified_a": "2026-09-23T00:00:00.000Z",
        "geocoded_a": "",
        "properties": ""
      }
    },
    {
      "type": "Feature",
      "geometry": {
        "bbox": [
          125.20155339600001,
          10.33696922000007,
          125.22280261700008,
          10.371131544000034
        ],
        "type": "Polygon",
        "coordinates": [
          [
            [
              125.22095562700008,
              10.368267744000036
            ],
            [
              125.22280261700008,
              10.366904832000044
            ],
            [
              125.21943738700008,
              10.36157373200007
            ],
            [
              125.21884167500004,
              10.352595486000041
            ],
            [
              125.21543256900009,
              10.352237900000034
            ],
            [
              125.21136267500003,
              10.33696922000007
            ],
            [
              125.20155339600001,
              10.340552912000021
            ],
            [
              125.2024077860001,
              10.342505805000028
            ],
            [
              125.20667306300004,
              10.352820739000038
            ],
            [
              125.21816449800006,
              10.368138362000023
            ],
            [
              125.22041464100003,
              10.371131544000034
            ],
            [
              125.22095562700008,
              10.368267744000036
            ]
          ]
        ]
      },
      "properties": {
        "gid": 14,
        "administra": 4,
        "admin_leve": "Barangay level 4",
        "shape0": "philippines",
        "shape1": "Eastern Visayas",
        "shape2": "Southern Leyte",
        "shape3": "Hinunangan",
        "shape4": "Bugho",
        "serial_id": 14,
        "style_info": "",
        "view_zoom_": "",
        "travel_via": "",
        "bearing_an": null,
        "bearing_di": null,
        "created_at": "2026-09-23T00:00:00.000Z",
        "modified_a": "2026-09-23T00:00:00.000Z",
        "geocoded_a": "",
        "properties": ""
      }
    },
    {
      "type": "Feature",
      "geometry": {
        "bbox": [
          125.14556012300012,
          10.285063725000041,
          125.20447280000008,
          10.332930981000056
        ],
        "type": "Polygon",
        "coordinates": [
          [
            [
              125.18447543,
              10.318930704000023
            ],
            [
              125.1873205300001,
              10.318264830000029
            ],
            [
              125.190589368,
              10.317489994000029
            ],
            [
              125.20447280000008,
              10.315335046000028
            ],
            [
              125.20220193400009,
              10.305016746000035
            ],
            [
              125.19887177300006,
              10.289909815000042
            ],
            [
              125.19779231100006,
              10.285063725000041
            ],
            [
              125.19150633600007,
              10.28774756200005
            ],
            [
              125.18703487300003,
              10.289665010000022
            ],
            [
              125.18409836600006,
              10.290955367000038
            ],
            [
              125.18204537700002,
              10.292267284000049
            ],
            [
              125.1776204020001,
              10.295864049000045
            ],
            [
              125.16802244600001,
              10.30101472600006
            ],
            [
              125.15364951300012,
              10.309097216000053
            ],
            [
              125.1513116750001,
              10.315404869000075
            ],
            [
              125.14909457700003,
              10.321369369000022
            ],
            [
              125.14736260200004,
              10.326420020000056
            ],
            [
              125.14556012300012,
              10.33053382600002
            ],
            [
              125.14809148800009,
              10.332930981000056
            ],
            [
              125.18447543,
              10.318930704000023
            ]
          ]
        ]
      },
      "properties": {
        "gid": 15,
        "administra": 4,
        "admin_leve": "Barangay level 4",
        "shape0": "philippines",
        "shape1": "Eastern Visayas",
        "shape2": "Southern Leyte",
        "shape3": "Hinunangan",
        "shape4": "Nava",
        "serial_id": 15,
        "style_info": "",
        "view_zoom_": "",
        "travel_via": "",
        "bearing_an": null,
        "bearing_di": null,
        "created_at": "2026-09-23T00:00:00.000Z",
        "modified_a": "2026-09-23T00:00:00.000Z",
        "geocoded_a": "",
        "properties": ""
      }
    },
    {
      "type": "Feature",
      "geometry": {
        "bbox": [
          125.14809148800009,
          10.315335046000028,
          125.21136267500003,
          10.35453304500004
        ],
        "type": "Polygon",
        "coordinates": [
          [
            [
              125.18440332500008,
              10.34704014400006
            ],
            [
              125.19350829900009,
              10.343304645000046
            ],
            [
              125.20155339600001,
              10.340552912000021
            ],
            [
              125.21136267500003,
              10.33696922000007
            ],
            [
              125.2055283850001,
              10.321257700000046
            ],
            [
              125.20447280000008,
              10.315335046000028
            ],
            [
              125.190589368,
              10.317489994000029
            ],
            [
              125.1873205300001,
              10.318264830000029
            ],
            [
              125.18447543,
              10.318930704000023
            ],
            [
              125.14809148800009,
              10.332930981000056
            ],
            [
              125.15754507800011,
              10.341578808000065
            ],
            [
              125.1660428670001,
              10.35453304500004
            ],
            [
              125.18440332500008,
              10.34704014400006
            ]
          ]
        ]
      },
      "properties": {
        "gid": 16,
        "administra": 4,
        "admin_leve": "Barangay level 4",
        "shape0": "philippines",
        "shape1": "Eastern Visayas",
        "shape2": "Southern Leyte",
        "shape3": "Hinunangan",
        "shape4": "Ilaya",
        "serial_id": 16,
        "style_info": "",
        "view_zoom_": "",
        "travel_via": "",
        "bearing_an": null,
        "bearing_di": null,
        "created_at": "2026-09-23T00:00:00.000Z",
        "modified_a": "2026-09-23T00:00:00.000Z",
        "geocoded_a": "",
        "properties": ""
      }
    },
    {
      "type": "Feature",
      "geometry": {
        "bbox": [
          125.1660428670001,
          10.34704014400006,
          125.19033474700005,
          10.374043695000067
        ],
        "type": "Polygon",
        "coordinates": [
          [
            [
              125.188477325,
              10.358854553000072
            ],
            [
              125.19033474700005,
              10.355935747000045
            ],
            [
              125.18440332500008,
              10.34704014400006
            ],
            [
              125.1660428670001,
              10.35453304500004
            ],
            [
              125.17064352999999,
              10.363360616000024
            ],
            [
              125.1708560400001,
              10.363339091000057
            ],
            [
              125.17092195500004,
              10.363339043000055
            ],
            [
              125.171294943,
              10.363465589000043
            ],
            [
              125.17172786900007,
              10.363653274000056
            ],
            [
              125.17233833300008,
              10.36386376100006
            ],
            [
              125.1725287260001,
              10.364007410000056
            ],
            [
              125.1727339370001,
              10.364165677000072
            ],
            [
              125.17289616800008,
              10.364327212000035
            ],
            [
              125.17296286300007,
              10.364559693000047
            ],
            [
              125.17297858700012,
              10.364901935000034
            ],
            [
              125.17297666400009,
              10.36524143100007
            ],
            [
              125.1729753410001,
              10.365641260000075
            ],
            [
              125.17292652800006,
              10.366646762000073
            ],
            [
              125.17299186900006,
              10.367137957000068
            ],
            [
              125.17312427400009,
              10.36780874200002
            ],
            [
              125.1732578860001,
              10.368151010000076
            ],
            [
              125.17347265600006,
              10.36863801000004
            ],
            [
              125.17371662400001,
              10.368993576000038
            ],
            [
              125.17396075900002,
              10.369240411000023
            ],
            [
              125.17419670400011,
              10.369392483000068
            ],
            [
              125.17461680800011,
              10.369624066000027
            ],
            [
              125.1750582630001,
              10.369882779000022
            ],
            [
              125.17548697100005,
              10.370165898000039
            ],
            [
              125.17582728100001,
              10.37050094500006
            ],
            [
              125.17608579600005,
              10.370922102000067
            ],
            [
              125.1763938460001,
              10.371539146000032
            ],
            [
              125.17654883600007,
              10.371965356000032
            ],
            [
              125.1768199060001,
              10.372795685000028
            ],
            [
              125.17696465700011,
              10.37321250800005
            ],
            [
              125.17713553800003,
              10.373613585000045
            ],
            [
              125.1776803260001,
              10.374043695000067
            ],
            [
              125.188477325,
              10.358854553000072
            ]
          ]
        ]
      },
      "properties": {
        "gid": 17,
        "administra": 4,
        "admin_leve": "Barangay level 4",
        "shape0": "philippines",
        "shape1": "Eastern Visayas",
        "shape2": "Southern Leyte",
        "shape3": "Hinunangan",
        "shape4": "Tuburan",
        "serial_id": 17,
        "style_info": "",
        "view_zoom_": "",
        "travel_via": "",
        "bearing_an": null,
        "bearing_di": null,
        "created_at": "2026-09-23T00:00:00.000Z",
        "modified_a": "2026-09-23T00:00:00.000Z",
        "geocoded_a": "",
        "properties": ""
      }
    },
    {
      "type": "Feature",
      "geometry": {
        "bbox": [
          125.19350829900009,
          10.340552912000021,
          125.21816449800006,
          10.37244342400004
        ],
        "type": "Polygon",
        "coordinates": [
          [
            [
              125.2154842970001,
              10.372315209000021
            ],
            [
              125.21574973500003,
              10.372180951000074
            ],
            [
              125.21600978600009,
              10.37203418300004
            ],
            [
              125.21618331300012,
              10.371949104000066
            ],
            [
              125.21630214800007,
              10.371830075000048
            ],
            [
              125.21646299400003,
              10.37159199100006
            ],
            [
              125.21654345500006,
              10.371366236000028
            ],
            [
              125.21658055000013,
              10.371177246000055
            ],
            [
              125.21661142100002,
              10.370982262000041
            ],
            [
              125.21669812900006,
              10.370781667000072
            ],
            [
              125.21674755500011,
              10.370575203000042
            ],
            [
              125.2167783430001,
              10.370400246000031
            ],
            [
              125.216784414,
              10.37026652000003
            ],
            [
              125.21681526800013,
              10.37019962900007
            ],
            [
              125.21693270300011,
              10.37014471100002
            ],
            [
              125.21705014900009,
              10.370065438000038
            ],
            [
              125.21715874900008,
              10.369985761000066
            ],
            [
              125.21730684900002,
              10.369766249000063
            ],
            [
              125.21750498600012,
              10.36944561400003
            ],
            [
              125.2176097470001,
              10.369263676000058
            ],
            [
              125.21774487500012,
              10.369057593000033
            ],
            [
              125.21786111200004,
              10.36876145600007
            ],
            [
              125.21794703600006,
              10.368440726000074
            ],
            [
              125.21804524500008,
              10.368308396000034
            ],
            [
              125.2181594560001,
              10.368147075000024
            ],
            [
              125.21816449800006,
              10.368138362000023
            ],
            [
              125.20667306300004,
              10.352820739000038
            ],
            [
              125.2024077860001,
              10.342505805000028
            ],
            [
              125.20155339600001,
              10.340552912000021
            ],
            [
              125.19350829900009,
              10.343304645000046
            ],
            [
              125.20557664900004,
              10.364370497000039
            ],
            [
              125.21239916100001,
              10.369379168000023
            ],
            [
              125.21524269700002,
              10.37244342400004
            ],
            [
              125.2154842970001,
              10.372315209000021
            ]
          ]
        ]
      },
      "properties": {
        "gid": 18,
        "administra": 4,
        "admin_leve": "Barangay level 4",
        "shape0": "philippines",
        "shape1": "Eastern Visayas",
        "shape2": "Southern Leyte",
        "shape3": "Hinunangan",
        "shape4": "Otama",
        "serial_id": 18,
        "style_info": "",
        "view_zoom_": "",
        "travel_via": "",
        "bearing_an": null,
        "bearing_di": null,
        "created_at": "2026-09-23T00:00:00.000Z",
        "modified_a": "2026-09-23T00:00:00.000Z",
        "geocoded_a": "",
        "properties": ""
      }
    },
    {
      "type": "Feature",
      "geometry": {
        "bbox": [
          125.15802964600003,
          10.383804708000072,
          125.18684714900009,
          10.406062753000073
        ],
        "type": "Polygon",
        "coordinates": [
          [
            [
              125.18560558400009,
              10.395538214000053
            ],
            [
              125.18684714900009,
              10.392910865000033
            ],
            [
              125.18140528800008,
              10.390573894000056
            ],
            [
              125.17999246200009,
              10.390321603000073
            ],
            [
              125.17868055200007,
              10.389993626000033
            ],
            [
              125.17794890900007,
              10.389615190000029
            ],
            [
              125.1768892890001,
              10.38890877700004
            ],
            [
              125.17529986000011,
              10.387798699000028
            ],
            [
              125.17373565900004,
              10.386385873000053
            ],
            [
              125.1725751240001,
              10.385805605000028
            ],
            [
              125.16717472400002,
              10.383804708000072
            ],
            [
              125.16154681800005,
              10.391275568000026
            ],
            [
              125.15802964600003,
              10.398896687000049
            ],
            [
              125.171215501,
              10.403310529000066
            ],
            [
              125.17438938900011,
              10.404155175000026
            ],
            [
              125.17881102900002,
              10.405546514000035
            ],
            [
              125.18176950100008,
              10.406062753000073
            ],
            [
              125.18560558400009,
              10.395538214000053
            ]
          ]
        ]
      },
      "properties": {
        "gid": 33,
        "administra": 4,
        "admin_leve": "Barangay level 4",
        "shape0": "philippines",
        "shape1": "Eastern Visayas",
        "shape2": "Southern Leyte",
        "shape3": "Hinunangan",
        "shape4": "Palongpong",
        "serial_id": 33,
        "style_info": "",
        "view_zoom_": "",
        "travel_via": "",
        "bearing_an": null,
        "bearing_di": null,
        "created_at": "2026-09-23T00:00:00.000Z",
        "modified_a": "2026-09-23T00:00:00.000Z",
        "geocoded_a": "",
        "properties": ""
      }
    },
    {
      "type": "Feature",
      "geometry": {
        "bbox": [
          125.1206434610001,
          10.359978056000045,
          125.16154681800005,
          10.405481871000061
        ],
        "type": "Polygon",
        "coordinates": [
          [
            [
              125.15802964600003,
              10.398896687000049
            ],
            [
              125.16154681800005,
              10.391275568000026
            ],
            [
              125.14780114500002,
              10.373593313000073
            ],
            [
              125.1417406170001,
              10.365843080000047
            ],
            [
              125.13216498300005,
              10.359978056000045
            ],
            [
              125.1206434610001,
              10.365945230000023
            ],
            [
              125.12064995300011,
              10.36615454900004
            ],
            [
              125.12102508300008,
              10.378249582000022
            ],
            [
              125.1283798400001,
              10.377353443000057
            ],
            [
              125.13895879800008,
              10.405481871000061
            ],
            [
              125.15802964600003,
              10.398896687000049
            ]
          ]
        ]
      },
      "properties": {
        "gid": 34,
        "administra": 4,
        "admin_leve": "Barangay level 4",
        "shape0": "philippines",
        "shape1": "Eastern Visayas",
        "shape2": "Southern Leyte",
        "shape3": "Hinunangan",
        "shape4": "Lumbog",
        "serial_id": 34,
        "style_info": "",
        "view_zoom_": "",
        "travel_via": "",
        "bearing_an": null,
        "bearing_di": null,
        "created_at": "2026-09-23T00:00:00.000Z",
        "modified_a": "2026-09-23T00:00:00.000Z",
        "geocoded_a": "",
        "properties": ""
      }
    },
    {
      "type": "Feature",
      "geometry": {
        "bbox": [
          125.1305350660001,
          10.33053382600002,
          125.15754507800011,
          10.353035727000078
        ],
        "type": "Polygon",
        "coordinates": [
          [
            [
              125.14438335400007,
              10.346297291000038
            ],
            [
              125.15754507800011,
              10.341578808000065
            ],
            [
              125.14809148800009,
              10.332930981000056
            ],
            [
              125.14556012300012,
              10.33053382600002
            ],
            [
              125.13124514100004,
              10.333470233000073
            ],
            [
              125.1305350660001,
              10.353035727000078
            ],
            [
              125.14438335400007,
              10.346297291000038
            ]
          ]
        ]
      },
      "properties": {
        "gid": 35,
        "administra": 4,
        "admin_leve": "Barangay level 4",
        "shape0": "philippines",
        "shape1": "Eastern Visayas",
        "shape2": "Southern Leyte",
        "shape3": "Hinunangan",
        "shape4": "Manlico",
        "serial_id": 35,
        "style_info": "",
        "view_zoom_": "",
        "travel_via": "",
        "bearing_an": null,
        "bearing_di": null,
        "created_at": "2026-09-23T00:00:00.000Z",
        "modified_a": "2026-09-23T00:00:00.000Z",
        "geocoded_a": "",
        "properties": ""
      }
    },
    {
      "type": "Feature",
      "geometry": {
        "bbox": [
          125.1305350660001,
          10.341578808000065,
          125.1660428670001,
          10.365843080000047
        ],
        "type": "Polygon",
        "coordinates": [
          [
            [
              125.15259684800003,
              10.358601072000056
            ],
            [
              125.1660428670001,
              10.35453304500004
            ],
            [
              125.15754507800011,
              10.341578808000065
            ],
            [
              125.14438335400007,
              10.346297291000038
            ],
            [
              125.1305350660001,
              10.353035727000078
            ],
            [
              125.13216498300005,
              10.359978056000045
            ],
            [
              125.1417406170001,
              10.365843080000047
            ],
            [
              125.15259684800003,
              10.358601072000056
            ]
          ]
        ]
      },
      "properties": {
        "gid": 36,
        "administra": 4,
        "admin_leve": "Barangay level 4",
        "shape0": "philippines",
        "shape1": "Eastern Visayas",
        "shape2": "Southern Leyte",
        "shape3": "Hinunangan",
        "shape4": "Libas",
        "serial_id": 36,
        "style_info": "",
        "view_zoom_": "",
        "travel_via": "",
        "bearing_an": null,
        "bearing_di": null,
        "created_at": "2026-09-23T00:00:00.000Z",
        "modified_a": "2026-09-23T00:00:00.000Z",
        "geocoded_a": "",
        "properties": ""
      }
    },
    {
      "type": "Feature",
      "geometry": {
        "bbox": [
          125.07505225500006,
          10.39469868100002,
          125.13576615500006,
          10.453645246000065
        ],
        "type": "Polygon",
        "coordinates": [
          [
            [
              125.1065612550001,
              10.453339238000067
            ],
            [
              125.1141752310001,
              10.451754316000065
            ],
            [
              125.11967621200007,
              10.450187403000028
            ],
            [
              125.12837418100004,
              10.447215575000026
            ],
            [
              125.13576615500006,
              10.445032696000053
            ],
            [
              125.12441966800009,
              10.41211070500003
            ],
            [
              125.12162616800005,
              10.404289735000075
            ],
            [
              125.11918527900002,
              10.403926453000052
            ],
            [
              125.11368159400001,
              10.403116710000061
            ],
            [
              125.10144929900004,
              10.39603503100005
            ],
            [
              125.08244146000006,
              10.395121618000076
            ],
            [
              125.07719704899999,
              10.39469868100002
            ],
            [
              125.07872911900006,
              10.409466455000029
            ],
            [
              125.07760018700003,
              10.424082428000077
            ],
            [
              125.07505225500006,
              10.438244441000052
            ],
            [
              125.08394027600002,
              10.447144775000027
            ],
            [
              125.09168428000011,
              10.451771414000063
            ],
            [
              125.09977927000011,
              10.453645246000065
            ],
            [
              125.1065612550001,
              10.453339238000067
            ]
          ]
        ]
      },
      "properties": {
        "gid": 38,
        "administra": 4,
        "admin_leve": "Barangay level 4",
        "shape0": "philippines",
        "shape1": "Eastern Visayas",
        "shape2": "Southern Leyte",
        "shape3": "Hinunangan",
        "shape4": "Upper Bantawon",
        "serial_id": 38,
        "style_info": "",
        "view_zoom_": "",
        "travel_via": "",
        "bearing_an": null,
        "bearing_di": null,
        "created_at": "2026-09-23T00:00:00.000Z",
        "modified_a": "2026-09-23T00:00:00.000Z",
        "geocoded_a": "",
        "properties": ""
      }
    },
    {
      "type": "Feature",
      "geometry": {
        "bbox": [
          125.13895879800008,
          10.398896687000049,
          125.17881102900002,
          10.441443876000053
        ],
        "type": "Polygon",
        "coordinates": [
          [
            [
              125.16022605500007,
              10.43456832700002
            ],
            [
              125.16455201700012,
              10.428138762000058
            ],
            [
              125.16845055000009,
              10.414218091000068
            ],
            [
              125.17319593200011,
              10.413333770000065
            ],
            [
              125.17881102900002,
              10.405546514000035
            ],
            [
              125.17438938900011,
              10.404155175000026
            ],
            [
              125.171215501,
              10.403310529000066
            ],
            [
              125.15802964600003,
              10.398896687000049
            ],
            [
              125.13895879800008,
              10.405481871000061
            ],
            [
              125.1525431020001,
              10.441443876000053
            ],
            [
              125.16022605500007,
              10.43456832700002
            ]
          ]
        ]
      },
      "properties": {
        "gid": 40,
        "administra": 4,
        "admin_leve": "Barangay level 4",
        "shape0": "philippines",
        "shape1": "Eastern Visayas",
        "shape2": "Southern Leyte",
        "shape3": "Hinunangan",
        "shape4": "Matin-ao",
        "serial_id": 40,
        "style_info": "",
        "view_zoom_": "",
        "travel_via": "",
        "bearing_an": null,
        "bearing_di": null,
        "created_at": "2026-09-23T00:00:00.000Z",
        "modified_a": "2026-09-23T00:00:00.000Z",
        "geocoded_a": "",
        "properties": ""
      }
    }
  ]
}